version 2
JvmtiExport can_access_local_variables 0
JvmtiExport can_hotswap_or_post_breakpoint 1
JvmtiExport can_post_on_exceptions 0
# 234 ciObject found
instanceKlass java/io/WinNTFileSystem
ciInstanceKlass java/lang/Cloneable 1 0 7 100 1 100 1 1 1
instanceKlass  @bci org/openqa/selenium/remote/Command toString ()Ljava/lang/String; 18 <appendix> form vmentry <vmtarget> ; # java/lang/invoke/LambdaForm$MH+0x0000000017328800
instanceKlass  @bci org/openqa/selenium/Proxy toString ()Ljava/lang/String; 154 <appendix> member <vmtarget> ; # org/openqa/selenium/Proxy$$Lambda+0x0000000017327180
instanceKlass  @bci org/openqa/selenium/Proxy toString ()Ljava/lang/String; 138 <appendix> member <vmtarget> ; # org/openqa/selenium/Proxy$$Lambda+0x0000000017326f40
instanceKlass  @bci org/openqa/selenium/Proxy toString ()Ljava/lang/String; 122 <appendix> member <vmtarget> ; # org/openqa/selenium/Proxy$$Lambda+0x0000000017326d00
instanceKlass  @bci org/openqa/selenium/Proxy toString ()Ljava/lang/String; 106 <appendix> member <vmtarget> ; # org/openqa/selenium/Proxy$$Lambda+0x0000000017326ac0
instanceKlass  @bci org/openqa/selenium/SharedCapabilitiesMethods abbreviate (Ljava/util/Map;Ljava/lang/Object;)Ljava/lang/String; 183 <appendix> member <vmtarget> ; # org/openqa/selenium/SharedCapabilitiesMethods$$Lambda+0x0000000017326870
instanceKlass  @bci org/openqa/selenium/SharedCapabilitiesMethods abbreviate (Ljava/util/Map;Ljava/lang/Object;)Ljava/lang/String; 169 <appendix> argL0 ; # org/openqa/selenium/SharedCapabilitiesMethods$$Lambda+0x0000000017326628
instanceKlass  @bci java/util/TreeMap$EntrySpliterator getComparator ()Ljava/util/Comparator; 21 <appendix> argL0 ; # java/util/TreeMap$EntrySpliterator$$Lambda+0x0000000017343450
instanceKlass  @bci org/openqa/selenium/remote/ErrorCodec decode (Ljava/util/Map;)Lorg/openqa/selenium/WebDriverException; 126 <appendix> member <vmtarget> ; # org/openqa/selenium/remote/ErrorCodec$$Lambda+0x00000000173263c8
instanceKlass  @bci org/openqa/selenium/remote/ErrorCodes toStatus (Ljava/lang/String;Ljava/util/Optional;)I 40 <appendix> argL0 ; # org/openqa/selenium/remote/ErrorCodes$$Lambda+0x00000000173261a0
instanceKlass  @bci org/openqa/selenium/remote/ErrorCodes toStatus (Ljava/lang/String;Ljava/util/Optional;)I 30 <appendix> argL0 ; # org/openqa/selenium/remote/ErrorCodes$$Lambda+0x0000000017325f48
instanceKlass  @bci org/openqa/selenium/remote/ErrorCodes toStatus (Ljava/lang/String;Ljava/util/Optional;)I 20 <appendix> member <vmtarget> ; # org/openqa/selenium/remote/ErrorCodes$$Lambda+0x0000000017325ce8
instanceKlass  @bci org/openqa/selenium/remote/RemoteWebDriver findElement (Lorg/openqa/selenium/By;)Lorg/openqa/selenium/WebElement; 10 <appendix> argL0 ; # org/openqa/selenium/remote/RemoteWebDriver$$Lambda+0x0000000017325ab0
instanceKlass org/openqa/selenium/support/ui/ExpectedConditions$7
instanceKlass org/openqa/selenium/support/ui/ExpectedCondition
instanceKlass com/google/common/base/Function
instanceKlass org/openqa/selenium/support/ui/ExpectedConditions
instanceKlass  @bci org/openqa/selenium/support/ui/FluentWait <init> (Ljava/lang/Object;Ljava/time/Clock;Lorg/openqa/selenium/support/ui/Sleeper;)V 19 <appendix> argL0 ; # org/openqa/selenium/support/ui/FluentWait$$Lambda+0x0000000017324fd0
instanceKlass  @bci org/openqa/selenium/support/ui/Sleeper <clinit> ()V 0 <appendix> argL0 ; # org/openqa/selenium/support/ui/Sleeper$$Lambda+0x0000000017324da8
instanceKlass  @cpi org/openqa/selenium/support/ui/Sleeper 41 form vmentry <vmtarget> ; # java/lang/invoke/LambdaForm$DMH+0x0000000017328000
instanceKlass org/openqa/selenium/support/ui/Sleeper
instanceKlass org/openqa/selenium/support/ui/FluentWait
instanceKlass org/openqa/selenium/support/ui/Wait
instanceKlass com/parabank/tests/pages/LoginPage
instanceKlass  @bci org/junit/jupiter/engine/extension/TimeoutConfiguration getDefaultTestableMethodTimeout ()Ljava/util/Optional; 4 <appendix> member <vmtarget> ; # org/junit/jupiter/engine/extension/TimeoutConfiguration$$Lambda+0x0000000017324030
instanceKlass  @bci org/junit/jupiter/engine/extension/TimeoutConfiguration getDefaultTestMethodTimeout ()Ljava/util/Optional; 4 <appendix> member <vmtarget> ; # org/junit/jupiter/engine/extension/TimeoutConfiguration$$Lambda+0x0000000017323e00
instanceKlass  @bci org/junit/jupiter/engine/execution/NamespaceAwareStore get (Ljava/lang/Object;Ljava/lang/Class;)Ljava/lang/Object; 18 <appendix> member <vmtarget> ; # org/junit/jupiter/engine/execution/NamespaceAwareStore$$Lambda+0x0000000017323bd0
instanceKlass  @bci org/junit/jupiter/engine/extension/TimeoutExtension interceptTestMethod (Lorg/junit/jupiter/api/extension/InvocationInterceptor$Invocation;Lorg/junit/jupiter/api/extension/ReflectiveInvocationContext;Lorg/junit/jupiter/api/extension/ExtensionContext;)V 4 <appendix> argL0 ; # org/junit/jupiter/engine/extension/TimeoutExtension$$Lambda+0x0000000017323970
instanceKlass  @bci org/junit/jupiter/engine/descriptor/MethodExtensionContext getTestInstance ()Ljava/util/Optional; 4 <appendix> argL0 ; # org/junit/jupiter/engine/descriptor/MethodExtensionContext$$Lambda+0x0000000017323728
instanceKlass  @bci org/junit/jupiter/engine/descriptor/TestMethodTestDescriptor invokeTestMethod (Lorg/junit/jupiter/engine/execution/JupiterEngineExecutionContext;Lorg/junit/platform/engine/support/hierarchical/Node$DynamicTestExecutor;)V 16 <appendix> member <vmtarget> ; # org/junit/jupiter/engine/descriptor/TestMethodTestDescriptor$$Lambda+0x00000000173234f8
instanceKlass  @bci org/junit/jupiter/engine/descriptor/TestMethodTestDescriptor invokeBeforeTestExecutionCallbacks (Lorg/junit/jupiter/engine/execution/JupiterEngineExecutionContext;)V 3 <appendix> argL0 ; # org/junit/jupiter/engine/descriptor/TestMethodTestDescriptor$$Lambda+0x00000000173232d0
instanceKlass org/junit/jupiter/api/extension/BeforeTestExecutionCallback
instanceKlass org/openqa/selenium/remote/RemoteWebDriver$RemoteWebDriverOptions$RemoteWindow
instanceKlass org/openqa/selenium/WebDriver$Timeouts
instanceKlass org/openqa/selenium/WebDriver$Window
instanceKlass org/openqa/selenium/remote/RemoteWebDriver$RemoteWebDriverOptions
instanceKlass  @bci org/openqa/selenium/chromium/AddHasCdp getImplementation (Lorg/openqa/selenium/Capabilities;Lorg/openqa/selenium/remote/ExecuteMethod;)Lorg/openqa/selenium/chromium/HasCdp; 1 <appendix> member <vmtarget> ; # org/openqa/selenium/chromium/AddHasCdp$$Lambda+0x0000000017322538
instanceKlass org/openqa/selenium/chromium/AddHasCasting$1
instanceKlass  @bci org/openqa/selenium/PersistentCapabilities asMap ()Ljava/util/Map; 13 <appendix> member <vmtarget> ; # org/openqa/selenium/PersistentCapabilities$$Lambda+0x0000000017322060
instanceKlass  @bci org/openqa/selenium/ImmutableCapabilities <init> (Ljava/util/Map;)V 21 <appendix> member <vmtarget> ; # org/openqa/selenium/ImmutableCapabilities$$Lambda+0x0000000017321e20
instanceKlass  @bci org/openqa/selenium/SharedCapabilitiesMethods hashCode (Lorg/openqa/selenium/Capabilities;)I 19 <appendix> argL0 ; # org/openqa/selenium/SharedCapabilitiesMethods$$Lambda+0x0000000017321b60
instanceKlass org/openqa/selenium/PersistentCapabilities
instanceKlass  @bci org/openqa/selenium/chromium/ChromiumDriver <init> (Lorg/openqa/selenium/remote/CommandExecutor;Lorg/openqa/selenium/Capabilities;Ljava/lang/String;)V 313 <appendix> member <vmtarget> ; # org/openqa/selenium/chromium/ChromiumDriver$$Lambda+0x0000000017321660
instanceKlass org/openqa/selenium/ImmutableCapabilities
instanceKlass org/openqa/selenium/devtools/noop/NoOpDomains
instanceKlass  @bci org/openqa/selenium/chromium/ChromiumDriver lambda$new$5 (Lorg/openqa/selenium/devtools/CdpInfo;Lorg/openqa/selenium/devtools/Connection;)Lorg/openqa/selenium/devtools/DevTools; 10 <appendix> member <vmtarget> ; # org/openqa/selenium/chromium/ChromiumDriver$$Lambda+0x0000000017320ee8
instanceKlass  @bci org/openqa/selenium/chromium/ChromiumDriver <init> (Lorg/openqa/selenium/remote/CommandExecutor;Lorg/openqa/selenium/Capabilities;Ljava/lang/String;)V 297 <appendix> member <vmtarget> ; # org/openqa/selenium/chromium/ChromiumDriver$$Lambda+0x0000000017320c98
instanceKlass  @bci org/openqa/selenium/devtools/noop/NoOpCdpInfo <init> ()V 2 <appendix> argL0 ; # org/openqa/selenium/devtools/noop/NoOpCdpInfo$$Lambda+0x0000000017320a50
instanceKlass  @bci org/openqa/selenium/chromium/ChromiumDriver <init> (Lorg/openqa/selenium/remote/CommandExecutor;Lorg/openqa/selenium/Capabilities;Ljava/lang/String;)V 277 <appendix> member <vmtarget> ; # org/openqa/selenium/chromium/ChromiumDriver$$Lambda+0x0000000017320820
instanceKlass java/time/LocalTime$1
instanceKlass java/text/DateFormatSymbols
instanceKlass java/time/LocalDate$1
instanceKlass java/time/ZonedDateTime$1
instanceKlass java/util/Calendar
instanceKlass java/util/Formatter$DateTime
instanceKlass java/util/ResourceBundle$CacheKeyReference
instanceKlass java/util/ResourceBundle$CacheKey
instanceKlass java/util/logging/Level$RbAccess
instanceKlass java/text/FieldPosition$Delegate
instanceKlass  @bci java/text/DecimalFormat format (Ljava/lang/Object;Ljava/text/Format$StringBuf;Ljava/text/FieldPosition;)Ljava/text/Format$StringBuf; 10 <appendix> member <vmtarget> ; # java/text/DecimalFormat$$TypeSwitch+0x00000000173411b0
instanceKlass java/text/DigitList
instanceKlass  @bci java/util/logging/LogRecord inferCaller ()V 18 <appendix> member <vmtarget> ; # java/util/logging/LogRecord$$Lambda+0x0000000017340600
instanceKlass java/lang/StackStreamFactory$FrameBuffer
instanceKlass java/lang/StackStreamFactory
instanceKlass  @bci java/util/logging/LogRecord$CallerFinder get ()Ljava/util/Optional; 4 <appendix> member <vmtarget> ; # java/util/logging/LogRecord$CallerFinder$$Lambda+0x00000000172be5f0
instanceKlass java/util/logging/LogRecord$CallerFinder
instanceKlass java/util/logging/LogManager$CloseOnReset
instanceKlass java/util/logging/LogRecord
instanceKlass  @bci org/openqa/selenium/devtools/v139/v139CdpInfo <init> ()V 4 <appendix> argL0 ; # org/openqa/selenium/devtools/v139/v139CdpInfo$$Lambda+0x00000000173205d8
instanceKlass org/openqa/selenium/devtools/v139/v139Domains
instanceKlass  @bci org/openqa/selenium/devtools/v138/v138CdpInfo <init> ()V 4 <appendix> argL0 ; # org/openqa/selenium/devtools/v138/v138CdpInfo$$Lambda+0x000000001731f3f8
instanceKlass org/openqa/selenium/devtools/v138/v138Domains
instanceKlass  @bci org/openqa/selenium/devtools/v137/v137CdpInfo <init> ()V 4 <appendix> argL0 ; # org/openqa/selenium/devtools/v137/v137CdpInfo$$Lambda+0x000000001731e490
instanceKlass org/openqa/selenium/devtools/DevTools
instanceKlass org/openqa/selenium/devtools/idealized/Network
instanceKlass org/openqa/selenium/devtools/idealized/Javascript
instanceKlass org/openqa/selenium/devtools/idealized/Events
instanceKlass org/openqa/selenium/devtools/idealized/log/Log
instanceKlass org/openqa/selenium/devtools/idealized/target/Target
instanceKlass org/openqa/selenium/devtools/v137/v137Domains
instanceKlass org/openqa/selenium/devtools/idealized/Domains
instanceKlass org/openqa/selenium/devtools/CdpVersionFinder
instanceKlass org/openqa/selenium/remote/http/Message
instanceKlass org/openqa/selenium/remote/http/jdk/JdkHttpClient$4
instanceKlass jdk/internal/net/http/websocket/UTF8AccumulatingDecoder
instanceKlass  @bci jdk/internal/net/http/websocket/MessageDecoder <clinit> ()V 19 <appendix> member <vmtarget> ; # jdk/internal/net/http/websocket/MessageDecoder$$Lambda+0x000000001731ab08
instanceKlass jdk/internal/net/http/websocket/MessageDecoder
instanceKlass jdk/internal/net/http/websocket/Frame$Consumer
instanceKlass jdk/internal/net/http/websocket/TransportImpl$ReadEvent
instanceKlass jdk/internal/net/http/websocket/TransportImpl$WriteEvent
instanceKlass jdk/internal/net/http/websocket/Frame$Reader
instanceKlass jdk/internal/net/http/websocket/Frame
instanceKlass jdk/internal/net/http/websocket/Frame$Masker
instanceKlass jdk/internal/net/http/websocket/Frame$HeaderWriter
instanceKlass  @bci jdk/internal/net/http/websocket/MessageEncoder <clinit> ()V 3 <appendix> member <vmtarget> ; # jdk/internal/net/http/websocket/MessageEncoder$$Lambda+0x0000000017319068
instanceKlass jdk/internal/net/http/websocket/MessageEncoder
instanceKlass jdk/internal/net/http/websocket/TransportImpl$SendTask$2
instanceKlass jdk/internal/net/http/websocket/TransportImpl$SendTask$1
instanceKlass jdk/internal/net/http/websocket/MessageQueue$QueueCallback
instanceKlass  @bci jdk/internal/net/http/websocket/TransportImpl <clinit> ()V 19 <appendix> member <vmtarget> ; # jdk/internal/net/http/websocket/TransportImpl$$Lambda+0x0000000017318208
instanceKlass jdk/internal/net/http/websocket/RawChannel$RawEvent
instanceKlass jdk/internal/net/http/websocket/TransportImpl
instanceKlass jdk/internal/net/http/websocket/WebSocketImpl$SignallingMessageConsumer
instanceKlass jdk/internal/net/http/websocket/MessageQueue$Message
instanceKlass jdk/internal/net/http/websocket/MessageQueue
instanceKlass jdk/internal/net/http/websocket/Transport
instanceKlass jdk/internal/net/http/websocket/TransportFactoryImpl
instanceKlass jdk/internal/net/http/RawChannelTube$WriteSubscription
instanceKlass  @bci jdk/internal/net/http/RawChannelTube <init> (Ljdk/internal/net/http/HttpConnection;Ljava/util/function/Supplier;)V 116 <appendix> member <vmtarget> ; # jdk/internal/net/http/RawChannelTube$$Lambda+0x00000000173164d0
instanceKlass jdk/internal/net/http/RawChannelTube$ReadSubscriber
instanceKlass jdk/internal/net/http/RawChannelTube$WritePublisher
instanceKlass jdk/internal/net/http/RawChannelTube
instanceKlass  @bci jdk/internal/net/http/HttpResponseImpl$RawChannelProvider rawChannel0 ()Ljdk/internal/net/http/websocket/RawChannel; 38 <appendix> member <vmtarget> ; # jdk/internal/net/http/HttpResponseImpl$RawChannelProvider$$Lambda+0x0000000017315ac8
instanceKlass  @bci java/net/http/HttpResponse$BodySubscribers ofString (Ljava/nio/charset/Charset;)Ljava/net/http/HttpResponse$BodySubscriber; 10 <appendix> member <vmtarget> ; # java/net/http/HttpResponse$BodySubscribers$$Lambda+0x0000000017315878
instanceKlass sun/net/www/HeaderParser
instanceKlass  @bci jdk/internal/net/http/websocket/OpeningHandshake send ()Ljava/util/concurrent/CompletableFuture; 15 <appendix> member <vmtarget> ; # jdk/internal/net/http/websocket/OpeningHandshake$$Lambda+0x0000000017315628
instanceKlass  @bci jdk/internal/net/http/HttpClientImpl sendAsync (Ljava/net/http/HttpRequest;Ljava/net/http/HttpResponse$BodyHandler;Ljava/net/http/HttpResponse$PushPromiseHandler;Ljava/util/concurrent/Executor;)Ljava/util/concurrent/CompletableFuture; 386 <appendix> argL0 ; # jdk/internal/net/http/HttpClientImpl$$Lambda+0x00000000173153f0
instanceKlass  @bci jdk/internal/net/http/HttpClientImpl translateSendAsyncExecFailure (Ljava/util/concurrent/CompletableFuture;)Ljava/util/concurrent/CompletableFuture; 1 <appendix> argL0 ; # jdk/internal/net/http/HttpClientImpl$$Lambda+0x00000000173151b8
instanceKlass  @bci java/net/http/HttpResponse$BodyHandlers ofString ()Ljava/net/http/HttpResponse$BodyHandler; 0 <appendix> argL0 ; # java/net/http/HttpResponse$BodyHandlers$$Lambda+0x0000000017314f90
instanceKlass jdk/internal/net/http/websocket/TransportFactory
instanceKlass jdk/internal/net/http/websocket/OpeningHandshake
instanceKlass  @bci jdk/internal/net/http/websocket/WebSocketImpl newInstanceAsync (Ljdk/internal/net/http/websocket/BuilderImpl;)Ljava/util/concurrent/CompletableFuture; 1 <appendix> member <vmtarget> ; # jdk/internal/net/http/websocket/WebSocketImpl$$Lambda+0x0000000017314448
instanceKlass jdk/internal/net/http/websocket/OpeningHandshake$Result
instanceKlass  @bci jdk/internal/net/http/websocket/WebSocketImpl <clinit> ()V 3 <appendix> member <vmtarget> ; # jdk/internal/net/http/websocket/WebSocketImpl$$Lambda+0x0000000017314000
instanceKlass jdk/internal/net/http/websocket/MessageStreamConsumer
instanceKlass jdk/internal/net/http/websocket/WebSocketImpl
instanceKlass java/net/http/WebSocket
instanceKlass org/openqa/selenium/remote/http/jdk/JdkHttpClient$3
instanceKlass  @bci org/openqa/selenium/remote/http/jdk/JdkHttpClient openSocket (Lorg/openqa/selenium/remote/http/HttpRequest;Lorg/openqa/selenium/remote/http/WebSocket$Listener;)Lorg/openqa/selenium/remote/http/WebSocket; 39 <appendix> member <vmtarget> ; # org/openqa/selenium/remote/http/jdk/JdkHttpClient$$Lambda+0x00000000173138e8
instanceKlass jdk/internal/net/http/websocket/BuilderImpl
instanceKlass org/openqa/selenium/devtools/Connection$Listener
instanceKlass  @bci org/openqa/selenium/devtools/Connection <clinit> ()V 21 <appendix> argL0 ; # org/openqa/selenium/devtools/Connection$$Lambda+0x0000000017313410
instanceKlass org/openqa/selenium/remote/http/WebSocket$Listener
instanceKlass  @bci org/openqa/selenium/chromium/ChromiumDriver <init> (Lorg/openqa/selenium/remote/CommandExecutor;Lorg/openqa/selenium/Capabilities;Ljava/lang/String;)V 206 <appendix> member <vmtarget> ; # org/openqa/selenium/chromium/ChromiumDriver$$Lambda+0x0000000017312d20
instanceKlass org/openqa/selenium/devtools/Connection
instanceKlass  @bci org/openqa/selenium/chromium/ChromiumDriver <init> (Lorg/openqa/selenium/remote/CommandExecutor;Lorg/openqa/selenium/Capabilities;Ljava/lang/String;)V 161 <appendix> argL0 ; # org/openqa/selenium/chromium/ChromiumDriver$$Lambda+0x0000000017312858
instanceKlass  @bci org/openqa/selenium/chromium/ChromiumDriver <init> (Lorg/openqa/selenium/remote/CommandExecutor;Lorg/openqa/selenium/Capabilities;Ljava/lang/String;)V 149 <appendix> member <vmtarget> ; # org/openqa/selenium/chromium/ChromiumDriver$$Lambda+0x0000000017312608
instanceKlass org/openqa/selenium/devtools/CdpEndpointFinder
instanceKlass  @bci org/openqa/selenium/chromium/ChromiumDriver <init> (Lorg/openqa/selenium/remote/CommandExecutor;Lorg/openqa/selenium/Capabilities;Ljava/lang/String;)V 114 <appendix> argL0 ; # org/openqa/selenium/chromium/ChromiumDriver$$Lambda+0x00000000173121b0
instanceKlass  @bci org/openqa/selenium/chromium/AddHasLaunchApp getImplementation (Lorg/openqa/selenium/Capabilities;Lorg/openqa/selenium/remote/ExecuteMethod;)Lorg/openqa/selenium/chromium/HasLaunchApp; 1 <appendix> member <vmtarget> ; # org/openqa/selenium/chromium/AddHasLaunchApp$$Lambda+0x0000000017311f80
instanceKlass org/openqa/selenium/chromium/AddHasNetworkConditions$1
instanceKlass  @bci org/openqa/selenium/chromium/AddHasPermissions getImplementation (Lorg/openqa/selenium/Capabilities;Lorg/openqa/selenium/remote/ExecuteMethod;)Lorg/openqa/selenium/chromium/HasPermissions; 1 <appendix> member <vmtarget> ; # org/openqa/selenium/chromium/AddHasPermissions$$Lambda+0x0000000017311af8
instanceKlass  @bci org/openqa/selenium/MutableCapabilities <init> (Ljava/util/Map;)V 17 <appendix> member <vmtarget> ; # org/openqa/selenium/MutableCapabilities$$Lambda+0x00000000173118b8
instanceKlass org/openqa/selenium/remote/RemoteWebElement
instanceKlass org/openqa/selenium/interactions/Locatable
instanceKlass  @bci org/openqa/selenium/remote/JsonToWebElementConverter apply (Ljava/lang/Object;)Ljava/lang/Object; 129 <appendix> member <vmtarget> ; # org/openqa/selenium/remote/JsonToWebElementConverter$$Lambda+0x0000000017311030
instanceKlass org/openqa/selenium/remote/Response
instanceKlass org/openqa/selenium/remote/ErrorCodec$W3CError
instanceKlass org/openqa/selenium/remote/ErrorCodec
instanceKlass org/openqa/selenium/remote/codec/AbstractHttpResponseCodec
instanceKlass org/openqa/selenium/safari/HasPermissions
instanceKlass org/openqa/selenium/safari/AddHasPermissions
instanceKlass org/openqa/selenium/safari/AddHasDebugger
instanceKlass org/openqa/selenium/firefox/HasFullPageScreenshot
instanceKlass org/openqa/selenium/firefox/AddHasFullPageScreenshot
instanceKlass org/openqa/selenium/firefox/HasExtensions
instanceKlass org/openqa/selenium/firefox/AddHasExtensions
instanceKlass org/openqa/selenium/firefox/HasContext
instanceKlass org/openqa/selenium/firefox/AddHasContext
instanceKlass  @bci org/openqa/selenium/remote/Dialect lambda$bindAdditionalCommands$1 (Lorg/openqa/selenium/remote/CommandCodec;Lorg/openqa/selenium/remote/AdditionalHttpCommands;)V 7 <appendix> member <vmtarget> ; # org/openqa/selenium/remote/Dialect$$Lambda+0x000000001730f9b8
instanceKlass  @bci org/openqa/selenium/remote/Dialect bindAdditionalCommands (Lorg/openqa/selenium/remote/CommandCodec;)Lorg/openqa/selenium/remote/CommandCodec; 6 <appendix> member <vmtarget> ; # org/openqa/selenium/remote/Dialect$$Lambda+0x000000001730f778
instanceKlass  @bci java/util/stream/Collectors toUnmodifiableList ()Ljava/util/stream/Collector; 19 <appendix> argL0 ; # java/util/stream/Collectors$$Lambda+0x00000000172bd740
instanceKlass  @bci java/util/stream/Collectors toUnmodifiableList ()Ljava/util/stream/Collector; 14 <appendix> argL0 ; # java/util/stream/Collectors$$Lambda+0x00000000172bd4f0
instanceKlass  @bci java/util/stream/Collectors toUnmodifiableList ()Ljava/util/stream/Collector; 9 <appendix> argL0 ; # java/util/stream/Collectors$$Lambda+0x00000000172bd2b8
instanceKlass  @bci java/util/stream/Collectors toUnmodifiableList ()Ljava/util/stream/Collector; 4 <appendix> argL0 ; # java/util/stream/Collectors$$Lambda+0x00000000172bd090
instanceKlass  @bci org/openqa/selenium/remote/codec/AbstractHttpCommandCodec$CommandSpec <init> (Lorg/openqa/selenium/remote/http/HttpMethod;Ljava/lang/String;)V 32 <appendix> argL0 ; # org/openqa/selenium/remote/codec/AbstractHttpCommandCodec$CommandSpec$$Lambda+0x000000001730f520
instanceKlass org/openqa/selenium/remote/codec/AbstractHttpCommandCodec$CommandSpec
instanceKlass org/openqa/selenium/remote/codec/AbstractHttpCommandCodec
instanceKlass  @bci org/openqa/selenium/remote/ProtocolHandshake createSession (Lorg/openqa/selenium/remote/http/HttpHandler;Lorg/openqa/selenium/remote/http/Contents$Supplier;)Lorg/openqa/selenium/internal/Either; 273 <appendix> member <vmtarget> ; # org/openqa/selenium/remote/ProtocolHandshake$$Lambda+0x000000001730eb98
instanceKlass  @bci org/openqa/selenium/remote/ProtocolHandshake createSession (Lorg/openqa/selenium/remote/http/HttpHandler;Lorg/openqa/selenium/remote/http/Contents$Supplier;)Lorg/openqa/selenium/internal/Either; 263 <appendix> argL0 ; # org/openqa/selenium/remote/ProtocolHandshake$$Lambda+0x000000001730e950
instanceKlass org/openqa/selenium/internal/Either
instanceKlass  @bci org/openqa/selenium/Proxy <init> (Ljava/util/Map;)V 191 <appendix> member <vmtarget> ; # org/openqa/selenium/Proxy$$Lambda+0x000000001730e480
instanceKlass  @bci org/openqa/selenium/Proxy <init> (Ljava/util/Map;)V 178 <appendix> member <vmtarget> ; # org/openqa/selenium/Proxy$$Lambda+0x000000001730e240
instanceKlass  @bci org/openqa/selenium/Proxy <init> (Ljava/util/Map;)V 163 <appendix> member <vmtarget> ; # org/openqa/selenium/Proxy$$Lambda+0x000000001730e000
instanceKlass  @bci org/openqa/selenium/Proxy <init> (Ljava/util/Map;)V 148 <appendix> member <vmtarget> ; # org/openqa/selenium/Proxy$$Lambda+0x000000001730bc98
instanceKlass  @bci org/openqa/selenium/Proxy <init> (Ljava/util/Map;)V 133 <appendix> member <vmtarget> ; # org/openqa/selenium/Proxy$$Lambda+0x000000001730ba58
instanceKlass  @bci org/openqa/selenium/Proxy <init> (Ljava/util/Map;)V 118 <appendix> member <vmtarget> ; # org/openqa/selenium/Proxy$$Lambda+0x000000001730b818
instanceKlass  @bci org/openqa/selenium/Proxy <init> (Ljava/util/Map;)V 103 <appendix> member <vmtarget> ; # org/openqa/selenium/Proxy$$Lambda+0x000000001730b5d8
instanceKlass  @bci org/openqa/selenium/Proxy <init> (Ljava/util/Map;)V 88 <appendix> member <vmtarget> ; # org/openqa/selenium/Proxy$$Lambda+0x000000001730b398
instanceKlass  @bci org/openqa/selenium/Proxy <init> (Ljava/util/Map;)V 73 <appendix> member <vmtarget> ; # org/openqa/selenium/Proxy$$Lambda+0x000000001730b158
instanceKlass  @bci org/openqa/selenium/Proxy <init> (Ljava/util/Map;)V 58 <appendix> member <vmtarget> ; # org/openqa/selenium/Proxy$$Lambda+0x000000001730af18
instanceKlass  @bci org/openqa/selenium/Proxy <init> (Ljava/util/Map;)V 43 <appendix> member <vmtarget> ; # org/openqa/selenium/Proxy$$Lambda+0x000000001730acd8
instanceKlass  @bci org/openqa/selenium/Proxy <init> (Ljava/util/Map;)V 28 <appendix> member <vmtarget> ; # org/openqa/selenium/Proxy$$Lambda+0x000000001730aa98
instanceKlass org/openqa/selenium/remote/SessionId
instanceKlass  @bci org/openqa/selenium/remote/ProtocolHandshake$Result <clinit> ()V 0 <appendix> argL0 ; # org/openqa/selenium/remote/ProtocolHandshake$Result$$Lambda+0x000000001730a1e8
instanceKlass  @bci org/openqa/selenium/remote/W3CHandshakeResponse successHandler ()Ljava/util/function/Function; 0 <appendix> argL0 ; # org/openqa/selenium/remote/W3CHandshakeResponse$$Lambda+0x0000000017309fa0
instanceKlass  @bci org/openqa/selenium/remote/W3CHandshakeResponse errorHandler ()Ljava/util/function/Function; 0 <appendix> argL0 ; # org/openqa/selenium/remote/W3CHandshakeResponse$$Lambda+0x0000000017309d58
instanceKlass  @bci org/openqa/selenium/remote/ProtocolHandshake createSession (Lorg/openqa/selenium/remote/http/HttpHandler;Lorg/openqa/selenium/remote/http/Contents$Supplier;)Lorg/openqa/selenium/internal/Either; 248 <appendix> argL0 ; # org/openqa/selenium/remote/ProtocolHandshake$$Lambda+0x0000000017309b00
instanceKlass  @bci org/openqa/selenium/remote/ProtocolHandshake createSession (Lorg/openqa/selenium/remote/http/HttpHandler;Lorg/openqa/selenium/remote/http/Contents$Supplier;)Lorg/openqa/selenium/internal/Either; 238 <appendix> member <vmtarget> ; # org/openqa/selenium/remote/ProtocolHandshake$$Lambda+0x00000000173098b0
instanceKlass  @bci org/openqa/selenium/remote/HandshakeResponse getResponseFunction ()Ljava/util/function/Function; 1 <appendix> member <vmtarget> ; # org/openqa/selenium/remote/HandshakeResponse$$Lambda+0x0000000017309660
instanceKlass  @cpi org/openqa/selenium/remote/HandshakeResponse 48 form vmentry <vmtarget> ; # java/lang/invoke/LambdaForm$DMH+0x000000001730c000
instanceKlass org/openqa/selenium/remote/ProtocolHandshake$Result
instanceKlass org/openqa/selenium/remote/W3CHandshakeResponse
instanceKlass org/openqa/selenium/remote/HandshakeResponse
instanceKlass org/openqa/selenium/remote/InitialHandshakeResponse
instanceKlass  @bci org/openqa/selenium/json/JsonInput nextBoolean ()Z 27 <appendix> argL0 ; # org/openqa/selenium/json/JsonInput$$Lambda+0x0000000017308b68
instanceKlass  @bci org/openqa/selenium/json/BooleanCoercer apply (Ljava/lang/reflect/Type;)Ljava/util/function/BiFunction; 0 <appendix> argL0 ; # org/openqa/selenium/json/BooleanCoercer$$Lambda+0x0000000017308930
instanceKlass  @bci org/openqa/selenium/remote/http/HttpMessage getContentEncoding ()Ljava/nio/charset/Charset; 54 <appendix> argL0 ; # org/openqa/selenium/remote/http/HttpMessage$$Lambda+0x00000000173086e8
instanceKlass  @bci org/openqa/selenium/remote/http/HttpMessage getContentEncoding ()Ljava/nio/charset/Charset; 44 <appendix> argL0 ; # org/openqa/selenium/remote/http/HttpMessage$$Lambda+0x00000000173084a0
instanceKlass  @bci org/openqa/selenium/remote/http/HttpMessage getContentEncoding ()Ljava/nio/charset/Charset; 34 <appendix> argL0 ; # org/openqa/selenium/remote/http/HttpMessage$$Lambda+0x0000000017308248
instanceKlass  @bci org/openqa/selenium/remote/http/HttpMessage getContentEncoding ()Ljava/nio/charset/Charset; 24 <appendix> argL0 ; # org/openqa/selenium/remote/http/HttpMessage$$Lambda+0x0000000017308000
instanceKlass  @bci org/openqa/selenium/remote/http/jdk/JdkHttpMessages lambda$createResponse$4 (Lorg/openqa/selenium/remote/http/HttpResponse;Ljava/lang/String;Ljava/util/List;)V 18 <appendix> member <vmtarget> ; # org/openqa/selenium/remote/http/jdk/JdkHttpMessages$$Lambda+0x0000000017305c98
instanceKlass  @bci org/openqa/selenium/remote/http/jdk/JdkHttpMessages lambda$createResponse$4 (Lorg/openqa/selenium/remote/http/HttpResponse;Ljava/lang/String;Ljava/util/List;)V 6 <appendix> argL0 ; # org/openqa/selenium/remote/http/jdk/JdkHttpMessages$$Lambda+0x0000000017305a40
instanceKlass  @bci org/openqa/selenium/remote/http/jdk/JdkHttpMessages createResponse (Ljava/net/http/HttpResponse;)Lorg/openqa/selenium/remote/http/HttpResponse; 29 <appendix> member <vmtarget> ; # org/openqa/selenium/remote/http/jdk/JdkHttpMessages$$Lambda+0x0000000017305800
instanceKlass jdk/internal/net/http/websocket/RawChannel
instanceKlass jdk/internal/net/http/HttpResponseImpl$RawChannelProvider
instanceKlass  @bci jdk/internal/net/http/HttpResponseImpl connectionLabel (Ljdk/internal/net/http/Exchange;)Ljava/util/Optional; 20 <appendix> argL0 ; # jdk/internal/net/http/HttpResponseImpl$$Lambda+0x0000000017306d80
instanceKlass  @bci jdk/internal/net/http/HttpResponseImpl connectionLabel (Ljdk/internal/net/http/Exchange;)Ljava/util/Optional; 12 <appendix> argL0 ; # jdk/internal/net/http/HttpResponseImpl$$Lambda+0x0000000017306b38
instanceKlass  @bci jdk/internal/net/http/HttpResponseImpl connectionLabel (Ljdk/internal/net/http/Exchange;)Ljava/util/Optional; 4 <appendix> argL0 ; # jdk/internal/net/http/HttpResponseImpl$$Lambda+0x00000000173068f0
instanceKlass jdk/internal/net/http/HttpResponseImpl
instanceKlass jdk/internal/net/http/websocket/RawChannel$Provider
instanceKlass  @bci jdk/internal/net/http/ConnectionPool purgeExpiredConnectionsAndReturnNextDeadline (Ljdk/internal/net/http/common/Deadline;)J 185 <appendix> member <vmtarget> ; # jdk/internal/net/http/ConnectionPool$$Lambda+0x0000000017306218
instanceKlass java/util/LinkedList$DescendingIterator
instanceKlass jdk/internal/net/http/ConnectionPool$ExpiryEntry
instanceKlass jdk/internal/net/http/ConnectionPool$CleanupTrigger
instanceKlass  @bci jdk/internal/net/http/HttpConnection closeOrReturnToCache (Ljava/net/http/HttpHeaders;)V 63 <appendix> argL0 ; # jdk/internal/net/http/HttpConnection$$Lambda+0x0000000017303a08
instanceKlass jdk/internal/net/http/common/HttpBodySubscriberWrapper$SubscriptionWrapper
instanceKlass  @bci jdk/internal/net/http/MultiExchange lambda$responseAsync0$1 (Ljdk/internal/net/http/Response;)Ljava/util/concurrent/CompletionStage; 75 <appendix> member <vmtarget> ; # jdk/internal/net/http/MultiExchange$$Lambda+0x0000000017303580
instanceKlass  @bci jdk/internal/net/http/Exchange readBodyAsync (Ljava/net/http/HttpResponse$BodyHandler;)Ljava/util/concurrent/CompletableFuture; 40 <appendix> member <vmtarget> ; # jdk/internal/net/http/Exchange$$Lambda+0x0000000017303340
instanceKlass  @bci jdk/internal/net/http/Http1Response readBody (Ljava/net/http/HttpResponse$BodySubscriber;ZLjava/util/concurrent/Executor;)Ljava/util/concurrent/CompletableFuture; 240 <appendix> member <vmtarget> ; # jdk/internal/net/http/Http1Response$$Lambda+0x0000000017303100
instanceKlass  @bci jdk/internal/net/http/ResponseSubscribers lambda$getBodyAsync$0 (Ljava/net/http/HttpResponse$BodySubscriber;Ljava/util/concurrent/CompletableFuture;Ljava/util/function/Consumer;)V 7 <appendix> member <vmtarget> ; # jdk/internal/net/http/ResponseSubscribers$$Lambda+0x0000000017302ec0
instanceKlass  @bci jdk/internal/net/http/ResponseSubscribers getBodyAsync (Ljava/util/concurrent/Executor;Ljava/net/http/HttpResponse$BodySubscriber;Ljava/util/concurrent/CompletableFuture;Ljava/util/function/Consumer;)Ljava/util/concurrent/CompletableFuture; 95 <appendix> member <vmtarget> ; # jdk/internal/net/http/ResponseSubscribers$$Lambda+0x0000000017302c90
instanceKlass  @bci jdk/internal/net/http/Http1Response readBody (Ljava/net/http/HttpResponse$BodySubscriber;ZLjava/util/concurrent/Executor;)Ljava/util/concurrent/CompletableFuture; 227 <appendix> member <vmtarget> ; # jdk/internal/net/http/Http1Response$$Lambda+0x0000000017302a50
instanceKlass  @bci jdk/internal/net/http/HttpConnection$TrailingOperations add (Ljava/util/concurrent/CompletionStage;)V 24 <appendix> member <vmtarget> ; # jdk/internal/net/http/HttpConnection$TrailingOperations$$Lambda+0x0000000017302810
instanceKlass  @bci jdk/internal/net/http/Http1Response lambda$readBody$0 (JLjava/net/http/HttpResponse$BodySubscriber;Ljava/util/concurrent/CompletableFuture;Ljdk/internal/net/http/Http1Response$ClientRefCountTracker;)V 169 <appendix> member <vmtarget> ; # jdk/internal/net/http/Http1Response$$Lambda+0x00000000173025d0
instanceKlass  @cpi jdk/internal/net/http/Http1Response 728 form vmentry <vmtarget> ; # java/lang/invoke/LambdaForm$DMH+0x0000000017305400
instanceKlass  @bci jdk/internal/net/http/ResponseContent$FixedLengthBodyParser <init> (Ljdk/internal/net/http/ResponseContent;JLjava/util/function/Consumer;)V 16 <appendix> member <vmtarget> ; # jdk/internal/net/http/ResponseContent$FixedLengthBodyParser$$Lambda+0x00000000173023a0
instanceKlass jdk/internal/net/http/ResponseContent$FixedLengthBodyParser
instanceKlass  @bci jdk/internal/net/http/Http1Response lambda$readBody$0 (JLjava/net/http/HttpResponse$BodySubscriber;Ljava/util/concurrent/CompletableFuture;Ljdk/internal/net/http/Http1Response$ClientRefCountTracker;)V 98 <appendix> member <vmtarget> ; # jdk/internal/net/http/Http1Response$$Lambda+0x0000000017301eb8
instanceKlass  @bci jdk/internal/net/http/Http1Response lambda$readBody$0 (JLjava/net/http/HttpResponse$BodySubscriber;Ljava/util/concurrent/CompletableFuture;Ljdk/internal/net/http/Http1Response$ClientRefCountTracker;)V 19 <appendix> member <vmtarget> ; # jdk/internal/net/http/Http1Response$$Lambda+0x0000000017301c88
instanceKlass jdk/internal/net/http/ResponseContent$BodyParser
instanceKlass jdk/internal/net/http/ResponseContent
instanceKlass  @bci jdk/internal/net/http/Http1Response readBody (Ljava/net/http/HttpResponse$BodySubscriber;ZLjava/util/concurrent/Executor;)Ljava/util/concurrent/CompletableFuture; 208 <adapter> ; # java/lang/invoke/LambdaForm$MH+0x0000000017305000
# instanceKlass java/lang/invoke/LambdaForm$DMH+0x0000000017304c00
instanceKlass  @bci jdk/internal/net/http/Http1Response readBody (Ljava/net/http/HttpResponse$BodySubscriber;ZLjava/util/concurrent/Executor;)Ljava/util/concurrent/CompletableFuture; 208 <appendix> form vmentry <vmtarget> ; # java/lang/invoke/LambdaForm$DMH+0x0000000017304800
instanceKlass  @bci jdk/internal/net/http/Http1Response readBody (Ljava/net/http/HttpResponse$BodySubscriber;ZLjava/util/concurrent/Executor;)Ljava/util/concurrent/CompletableFuture; 208 <appendix> member <vmtarget> ; # jdk/internal/net/http/Http1Response$$Lambda+0x0000000017301620
instanceKlass  @cpi jdk/internal/net/http/Http1Response 696 form vmentry <vmtarget> ; # java/lang/invoke/LambdaForm$DMH+0x0000000017304400
instanceKlass jdk/internal/net/http/Http1Response$ClientRefCountTracker
instanceKlass  @bci java/util/stream/FindOps$FindSink$OfLong <clinit> ()V 6 <appendix> argL0 ; # java/util/stream/FindOps$FindSink$OfLong$$Lambda+0x00000000172bc3f0
instanceKlass  @bci java/util/stream/FindOps$FindSink$OfLong <clinit> ()V 0 <appendix> argL0 ; # java/util/stream/FindOps$FindSink$OfLong$$Lambda+0x00000000172bc198
instanceKlass java/util/OptionalLong
instanceKlass java/util/stream/LongStream$Builder
instanceKlass  @bci java/net/http/HttpHeaders firstValueAsLong (Ljava/lang/String;)Ljava/util/OptionalLong; 10 <appendix> argL0 ; # java/net/http/HttpHeaders$$Lambda+0x00000000173011e0
instanceKlass  @cpi java/net/http/HttpHeaders 290 form vmentry <vmtarget> ; # java/lang/invoke/LambdaForm$DMH+0x0000000017304000
instanceKlass java/util/function/ToLongFunction
instanceKlass jdk/internal/net/http/ResponseSubscribers
instanceKlass jdk/internal/net/http/ResponseSubscribers$ByteArraySubscriber
instanceKlass java/net/http/HttpResponse$BodySubscribers
instanceKlass jdk/internal/net/http/ResponseInfoImpl
instanceKlass jdk/internal/icu/util/CodePointTrie$Data
instanceKlass jdk/internal/icu/util/CodePointMap$StringIterator
instanceKlass jdk/internal/icu/util/CodePointMap
instanceKlass jdk/internal/icu/impl/Trie2$UTrie2Header
instanceKlass jdk/internal/icu/impl/Trie2$1
instanceKlass jdk/internal/icu/impl/Trie2$ValueMapper
instanceKlass jdk/internal/icu/impl/Trie2
instanceKlass jdk/internal/icu/impl/UCharacterProperty$IsAcceptable
instanceKlass jdk/internal/icu/impl/UCharacterProperty$IntProperty
instanceKlass jdk/internal/icu/impl/UCharacterProperty
instanceKlass jdk/internal/icu/lang/UCharacter
instanceKlass jdk/internal/icu/util/VersionInfo
instanceKlass jdk/internal/icu/impl/Trie
instanceKlass jdk/internal/icu/text/StringPrep$StringPrepTrieImpl
instanceKlass jdk/internal/icu/impl/ICUBinary
instanceKlass jdk/internal/icu/impl/StringPrepDataReader
instanceKlass jdk/internal/icu/impl/ICUBinary$Authenticate
instanceKlass jdk/internal/icu/impl/Trie$DataManipulate
instanceKlass jdk/internal/icu/text/StringPrep
instanceKlass java/net/IDN
instanceKlass javax/net/ssl/SNIMatcher
instanceKlass jdk/internal/net/http/Http3ClientProperties
instanceKlass  @bci jdk/internal/net/http/AltSvcProcessor <clinit> ()V 16 <appendix> argL0 ; # jdk/internal/net/http/AltSvcProcessor$$Lambda+0x0000000017300458
instanceKlass jdk/internal/net/http/AltSvcProcessor
instanceKlass  @bci jdk/internal/net/http/Http1HeaderParser addHeaderFromString (Ljava/lang/String;)V 147 <appendix> argL0 ; # jdk/internal/net/http/Http1HeaderParser$$Lambda+0x0000000017300000
instanceKlass  @bci jdk/internal/net/http/Exchange sendRequestBody (Ljdk/internal/net/http/ExchangeImpl;)Ljava/util/concurrent/CompletableFuture; 65 <appendix> member <vmtarget> ; # jdk/internal/net/http/Exchange$$Lambda+0x00000000172fcca0
instanceKlass  @bci jdk/internal/net/http/Exchange wrapForUpgrade (Ljava/util/concurrent/CompletableFuture;)Ljava/util/concurrent/CompletableFuture; 9 <appendix> member <vmtarget> ; # jdk/internal/net/http/Exchange$$Lambda+0x00000000172fca50
instanceKlass  @bci jdk/internal/net/http/Http1Response readHeadersAsync (Ljava/util/concurrent/Executor;)Ljava/util/concurrent/CompletableFuture; 225 <appendix> member <vmtarget> ; # jdk/internal/net/http/Http1Response$$Lambda+0x00000000172fc800
instanceKlass  @bci jdk/internal/net/http/Exchange startSendingBody (Ljdk/internal/net/http/HttpClientImpl$DelegatingExecutor;)Ljava/util/concurrent/CompletableFuture; 8 <appendix> member <vmtarget> ; # jdk/internal/net/http/Exchange$$Lambda+0x00000000172fdd58
instanceKlass  @bci jdk/internal/net/http/Http1Exchange getOutgoing ()Ljdk/internal/net/http/Http1Exchange$DataPair; 241 <appendix> member <vmtarget> ; # jdk/internal/net/http/Http1Exchange$$Lambda+0x00000000172fdb28
instanceKlass  @bci jdk/internal/net/http/Http1Exchange getOutgoing ()Ljdk/internal/net/http/Http1Exchange$DataPair; 256 <appendix> member <vmtarget> ; # jdk/internal/net/http/Http1Exchange$$Lambda+0x00000000172fd8f8
instanceKlass  @bci jdk/internal/net/http/Http1Exchange sendBodyAsync ()Ljava/util/concurrent/CompletableFuture; 153 <appendix> member <vmtarget> ; # jdk/internal/net/http/Http1Exchange$$Lambda+0x00000000172fd6b8
instanceKlass  @bci jdk/internal/net/http/Http1Exchange cancelIfFailed (Ljava/util/concurrent/Flow$Subscription;)V 9 <appendix> member <vmtarget> ; # jdk/internal/net/http/Http1Exchange$$Lambda+0x00000000172fd478
instanceKlass  @bci jdk/internal/net/http/Http1Exchange sendBodyAsync ()Ljava/util/concurrent/CompletableFuture; 144 <appendix> member <vmtarget> ; # jdk/internal/net/http/Http1Exchange$$Lambda+0x00000000172fd238
instanceKlass jdk/internal/net/http/PullPublisher$Subscription
instanceKlass  @bci jdk/internal/net/http/RequestPublishers$StreamIterator <init> (Ljava/io/InputStream;)V 2 <appendix> argL0 ; # jdk/internal/net/http/RequestPublishers$StreamIterator$$Lambda+0x00000000172ffa80
instanceKlass jdk/internal/net/http/RequestPublishers$StreamIterator
instanceKlass  @bci jdk/internal/net/http/RequestPublishers$InputStreamPublisher iterableOf (Ljava/io/InputStream;)Ljdk/internal/net/http/CheckedIterable; 1 <appendix> member <vmtarget> ; # jdk/internal/net/http/RequestPublishers$InputStreamPublisher$$Lambda+0x00000000172ff618
instanceKlass jdk/internal/net/http/RequestPublishers
instanceKlass jdk/internal/net/http/CheckedIterable
instanceKlass jdk/internal/net/http/PullPublisher
instanceKlass  @bci jdk/internal/net/http/SocketTube$InternalWriteSubscriber tryFlushCurrent (Z)V 280 <appendix> member <vmtarget> ; # jdk/internal/net/http/SocketTube$InternalWriteSubscriber$$Lambda+0x00000000172fed98
instanceKlass sun/nio/ch/NativeObject
instanceKlass sun/nio/ch/IOVecWrapper
instanceKlass  @bci jdk/internal/net/http/Http1Exchange getOutgoing ()Ljdk/internal/net/http/Http1Exchange$DataPair; 181 <appendix> member <vmtarget> ; # jdk/internal/net/http/Http1Exchange$$Lambda+0x00000000172fe8e8
instanceKlass jdk/internal/net/http/Http1Exchange$DataPair
instanceKlass  @bci jdk/internal/net/http/Http1Request collectHeaders0 (Ljava/lang/StringBuilder;)V 89 <appendix> member <vmtarget> ; # jdk/internal/net/http/Http1Request$$Lambda+0x00000000172fe470
instanceKlass java/util/AbstractList$RandomAccessSpliterator
instanceKlass  @bci java/util/function/BiPredicate and (Ljava/util/function/BiPredicate;)Ljava/util/function/BiPredicate; 7 <appendix> member <vmtarget> ; # java/util/function/BiPredicate$$Lambda+0x00000000172b2b18
instanceKlass  @bci jdk/internal/net/http/SocketTube$InternalReadPublisher$InternalReadSubscription resumeReadEvent ()V 47 <appendix> member <vmtarget> ; # jdk/internal/net/http/SocketTube$InternalReadPublisher$InternalReadSubscription$$Lambda+0x00000000172fe230
instanceKlass  @bci jdk/internal/net/http/SocketTube$InternalWriteSubscriber startSubscription ()V 135 <appendix> member <vmtarget> ; # jdk/internal/net/http/SocketTube$InternalWriteSubscriber$$Lambda+0x00000000172fe000
instanceKlass jdk/internal/net/http/SocketTube$InternalWriteSubscriber$WriteSubscription
instanceKlass jdk/internal/net/http/SocketTube$InternalReadPublisher$ReadSubscription
instanceKlass  @bci jdk/internal/net/http/Http1Exchange lambda$sendHeadersAsync$2 (Ljava/lang/Void;)Ljava/util/concurrent/CompletionStage; 16 <appendix> member <vmtarget> ; # jdk/internal/net/http/Http1Exchange$$Lambda+0x00000000172fb7c0
instanceKlass  @bci jdk/internal/net/http/HttpClientImpl$SelectorManager run ()V 1394 <appendix> argL0 ; # jdk/internal/net/http/HttpClientImpl$SelectorManager$$Lambda+0x00000000172fb588
instanceKlass  @bci jdk/internal/net/http/HttpClientImpl$SelectorManager run ()V 1377 <appendix> member <vmtarget> ; # jdk/internal/net/http/HttpClientImpl$SelectorManager$$Lambda+0x00000000172fb348
instanceKlass jdk/internal/net/http/common/Pair
instanceKlass  @bci jdk/internal/net/http/PlainHttpConnection$ConnectEvent handle ()V 254 <appendix> argL0 ; # jdk/internal/net/http/PlainHttpConnection$ConnectEvent$$Lambda+0x00000000172faf08
instanceKlass  @bci jdk/internal/net/http/HttpClientImpl$SelectorManager run ()V 1359 <appendix> member <vmtarget> ; # jdk/internal/net/http/HttpClientImpl$SelectorManager$$Lambda+0x00000000172facc8
instanceKlass  @bci jdk/internal/net/http/HttpClientImpl$SelectorManager run ()V 1304 <appendix> member <vmtarget> ; # jdk/internal/net/http/HttpClientImpl$SelectorManager$$Lambda+0x00000000172faa98
instanceKlass  @bci jdk/internal/net/http/HttpClientImpl$SelectorManager run ()V 1289 <appendix> member <vmtarget> ; # jdk/internal/net/http/HttpClientImpl$SelectorManager$$Lambda+0x00000000172fa858
instanceKlass  @bci jdk/internal/net/http/HttpClientImpl$SelectorAttachment events (I)Ljava/util/stream/Stream; 10 <appendix> member <vmtarget> ; # jdk/internal/net/http/HttpClientImpl$SelectorAttachment$$Lambda+0x00000000172fa600
instanceKlass  @cpi jdk/internal/net/http/HttpClientImpl$SelectorAttachment 241 form vmentry <vmtarget> ; # java/lang/invoke/LambdaForm$DMH+0x00000000172fc400
instanceKlass java/lang/invoke/ConstantBootstraps
instanceKlass  @bci jdk/internal/net/http/HttpClientImpl registerPending (Ljdk/internal/net/http/HttpClientImpl$PendingRequest;Ljava/util/concurrent/CompletableFuture;)Ljava/util/concurrent/CompletableFuture; 37 <appendix> member <vmtarget> ; # jdk/internal/net/http/HttpClientImpl$$Lambda+0x00000000172fa3c0
instanceKlass jdk/internal/net/http/HttpClientImpl$PendingRequest
instanceKlass  @bci jdk/internal/net/http/HttpClientImpl sendAsync (Ljava/net/http/HttpRequest;Ljava/net/http/HttpResponse$BodyHandler;Ljava/net/http/HttpResponse$PushPromiseHandler;Ljava/util/concurrent/Executor;)Ljava/util/concurrent/CompletableFuture; 300 <appendix> member <vmtarget> ; # jdk/internal/net/http/HttpClientImpl$$Lambda+0x00000000172f9f48
instanceKlass  @bci jdk/internal/net/http/MultiExchange responseAsyncImpl (Z)Ljava/util/concurrent/CompletableFuture; 78 <appendix> member <vmtarget> ; # jdk/internal/net/http/MultiExchange$$Lambda+0x00000000172f9d08
instanceKlass  @bci jdk/internal/net/http/MultiExchange responseAsyncImpl (Z)Ljava/util/concurrent/CompletableFuture; 68 <appendix> member <vmtarget> ; # jdk/internal/net/http/MultiExchange$$Lambda+0x00000000172f9ab8
instanceKlass  @bci jdk/internal/net/http/Exchange lambda$responseAsyncImpl$0 (Ljava/util/function/Function;Ljdk/internal/net/http/ExchangeImpl;)Ljava/util/concurrent/CompletableFuture; 6 <appendix> member <vmtarget> ; # jdk/internal/net/http/Exchange$$Lambda+0x00000000172f9878
instanceKlass  @bci jdk/internal/net/http/HttpClientImpl$SelectorAttachment <clinit> ()V 18 <appendix> member <vmtarget> ; # jdk/internal/net/http/HttpClientImpl$SelectorAttachment$$Lambda+0x00000000172f9648
instanceKlass  @bci jdk/internal/net/http/Http1Exchange sendHeadersAsync ()Ljava/util/concurrent/CompletableFuture; 251 <appendix> member <vmtarget> ; # jdk/internal/net/http/Http1Exchange$$Lambda+0x00000000172f93f8
instanceKlass  @bci jdk/internal/net/http/Http1Exchange sendHeadersAsync ()Ljava/util/concurrent/CompletableFuture; 242 <appendix> member <vmtarget> ; # jdk/internal/net/http/Http1Exchange$$Lambda+0x00000000172f91a8
instanceKlass jdk/internal/net/http/HttpClientImpl$SelectorAttachment
instanceKlass  @bci jdk/internal/net/http/Http1Exchange sendHeadersAsync ()Ljava/util/concurrent/CompletableFuture; 126 <appendix> member <vmtarget> ; # jdk/internal/net/http/Http1Exchange$$Lambda+0x00000000172f8d20
instanceKlass  @bci jdk/internal/net/http/Exchange checkCancelled (Ljava/util/concurrent/CompletableFuture;Ljdk/internal/net/http/HttpConnection;)Ljava/util/concurrent/CompletableFuture; 4 <appendix> member <vmtarget> ; # jdk/internal/net/http/Exchange$$Lambda+0x00000000172f8ae0
instanceKlass  @bci jdk/internal/net/http/MultiExchange remainingConnectTimeout ()Ljava/util/Optional; 7 <appendix> argL0 ; # jdk/internal/net/http/MultiExchange$$Lambda+0x00000000172f8898
instanceKlass  @bci jdk/internal/net/http/common/Demand increase (J)Z 25 <appendix> argL0 ; # jdk/internal/net/http/common/Demand$$Lambda+0x00000000172f8670
instanceKlass  @cpi jdk/internal/net/http/common/Demand 92 form vmentry <vmtarget> ; # java/lang/invoke/LambdaForm$DMH+0x00000000172fc000
instanceKlass java/util/function/LongBinaryOperator
instanceKlass  @bci jdk/internal/net/http/Http1AsyncReceiver handlePendingDelegate ()Z 50 <appendix> member <vmtarget> ; # jdk/internal/net/http/Http1AsyncReceiver$$Lambda+0x00000000172f8440
instanceKlass  @bci jdk/internal/net/http/Http1AsyncReceiver handlePendingDelegate ()Z 42 <appendix> member <vmtarget> ; # jdk/internal/net/http/Http1AsyncReceiver$$Lambda+0x00000000172f8200
instanceKlass jdk/internal/net/http/Http1HeaderParser
instanceKlass  @bci jdk/internal/net/http/Http1Response <init> (Ljdk/internal/net/http/HttpConnection;Ljdk/internal/net/http/Http1Exchange;Ljdk/internal/net/http/Http1AsyncReceiver;)V 97 <appendix> member <vmtarget> ; # jdk/internal/net/http/Http1Response$$Lambda+0x00000000172f7748
instanceKlass  @bci jdk/internal/net/http/Http1Response <init> (Ljdk/internal/net/http/HttpConnection;Ljdk/internal/net/http/Http1Exchange;Ljdk/internal/net/http/Http1AsyncReceiver;)V 79 <appendix> member <vmtarget> ; # jdk/internal/net/http/Http1Response$$Lambda+0x00000000172f7508
instanceKlass  @bci jdk/internal/net/http/Http1Response <init> (Ljdk/internal/net/http/HttpConnection;Ljdk/internal/net/http/Http1Exchange;Ljdk/internal/net/http/Http1AsyncReceiver;)V 13 <appendix> member <vmtarget> ; # jdk/internal/net/http/Http1Response$$Lambda+0x00000000172f72d8
instanceKlass jdk/internal/net/http/Http1Response$Receiver
instanceKlass jdk/internal/net/http/Http1AsyncReceiver$Http1AsyncDelegate
instanceKlass jdk/internal/net/http/Http1Response
instanceKlass  @bci jdk/internal/net/http/Exchange responseAsyncImpl (Ljdk/internal/net/http/HttpConnection;)Ljava/util/concurrent/CompletableFuture; 70 <appendix> member <vmtarget> ; # jdk/internal/net/http/Exchange$$Lambda+0x00000000172f6000
instanceKlass  @bci jdk/internal/net/http/Exchange establishExchange (Ljdk/internal/net/http/HttpConnection;)Ljava/util/concurrent/CompletableFuture; 178 <appendix> member <vmtarget> ; # jdk/internal/net/http/Exchange$$Lambda+0x00000000172f5db0
instanceKlass  @bci jdk/internal/net/http/Exchange establishExchange (Ljdk/internal/net/http/HttpConnection;)Ljava/util/concurrent/CompletableFuture; 161 <appendix> member <vmtarget> ; # jdk/internal/net/http/Exchange$$Lambda+0x00000000172f5b70
instanceKlass  @bci jdk/internal/net/http/Exchange establishExchange (Ljdk/internal/net/http/HttpConnection;)Ljava/util/concurrent/CompletableFuture; 122 <appendix> member <vmtarget> ; # jdk/internal/net/http/Exchange$$Lambda+0x00000000172f5920
instanceKlass  @bci jdk/internal/net/http/ExchangeImpl attemptHttp2Exchange (Ljdk/internal/net/http/Exchange;Ljdk/internal/net/http/HttpConnection;)Ljava/util/concurrent/CompletableFuture; 58 <appendix> argL0 ; # jdk/internal/net/http/ExchangeImpl$$Lambda+0x00000000172f56d8
instanceKlass  @bci jdk/internal/net/http/ExchangeImpl createExchangeImpl (Ljdk/internal/net/http/Http2Connection;Ljava/lang/Throwable;Ljdk/internal/net/http/Exchange;Ljdk/internal/net/http/HttpConnection;)Ljava/util/concurrent/CompletableFuture; 240 <appendix> member <vmtarget> ; # jdk/internal/net/http/ExchangeImpl$$Lambda+0x00000000172f5488
instanceKlass jdk/internal/net/http/Http1AsyncReceiver$Http1TubeSubscriber
instanceKlass  @bci jdk/internal/net/http/Http1AsyncReceiver <init> (Ljava/util/concurrent/Executor;Ljdk/internal/net/http/Http1Exchange;)V 33 <appendix> member <vmtarget> ; # jdk/internal/net/http/Http1AsyncReceiver$$Lambda+0x00000000172f4fc8
instanceKlass  @bci jdk/internal/net/http/Http1AsyncReceiver <init> (Ljava/util/concurrent/Executor;Ljdk/internal/net/http/Http1Exchange;)V 6 <appendix> member <vmtarget> ; # jdk/internal/net/http/Http1AsyncReceiver$$Lambda+0x00000000172f4d98
instanceKlass jdk/internal/net/http/AbstractSubscription
instanceKlass jdk/internal/net/http/Http1AsyncReceiver
instanceKlass  @bci jdk/internal/net/http/Http1Request <init> (Ljdk/internal/net/http/HttpRequestImpl;Ljdk/internal/net/http/Http1Exchange;)V 6 <appendix> member <vmtarget> ; # jdk/internal/net/http/Http1Request$$Lambda+0x00000000172f4460
instanceKlass  @bci jdk/internal/net/http/Http1Request <clinit> ()V 0 <appendix> argL0 ; # jdk/internal/net/http/Http1Request$$Lambda+0x00000000172f4208
instanceKlass jdk/internal/net/http/Http1Exchange$Http1RequestBodySubscriber
instanceKlass jdk/internal/net/http/Http1Request
instanceKlass  @bci jdk/internal/net/http/SocketTube$InternalWriteSubscriber <init> (Ljdk/internal/net/http/SocketTube;)V 26 <appendix> member <vmtarget> ; # jdk/internal/net/http/SocketTube$InternalWriteSubscriber$$Lambda+0x00000000172f3648
instanceKlass  @bci jdk/internal/net/http/SocketTube$InternalWriteSubscriber <init> (Ljdk/internal/net/http/SocketTube;)V 20 <appendix> member <vmtarget> ; # jdk/internal/net/http/SocketTube$InternalWriteSubscriber$$Lambda+0x00000000172f3408
instanceKlass jdk/internal/net/http/SocketTube$InternalWriteSubscriber
instanceKlass  @bci jdk/internal/net/http/SocketTube$InternalReadPublisher$InternalReadSubscription <init> (Ljdk/internal/net/http/SocketTube$InternalReadPublisher;)V 61 <appendix> member <vmtarget> ; # jdk/internal/net/http/SocketTube$InternalReadPublisher$InternalReadSubscription$$Lambda+0x00000000172f2d38
instanceKlass  @bci jdk/internal/net/http/SocketTube$InternalReadPublisher$InternalReadSubscription <init> (Ljdk/internal/net/http/SocketTube$InternalReadPublisher;)V 55 <appendix> member <vmtarget> ; # jdk/internal/net/http/SocketTube$InternalReadPublisher$InternalReadSubscription$$Lambda+0x00000000172f2af8
instanceKlass  @bci jdk/internal/net/http/SocketTube$InternalReadPublisher$InternalReadSubscription <init> (Ljdk/internal/net/http/SocketTube$InternalReadPublisher;)V 35 <appendix> member <vmtarget> ; # jdk/internal/net/http/SocketTube$InternalReadPublisher$InternalReadSubscription$$Lambda+0x00000000172f28c8
instanceKlass jdk/internal/net/http/SocketTube$SocketFlowTask
instanceKlass jdk/internal/net/http/SocketTube$InternalReadPublisher$InternalReadSubscription
instanceKlass jdk/internal/net/http/SocketTube$InternalReadPublisher
instanceKlass jdk/internal/net/http/SocketTube$SliceBufferSource
instanceKlass jdk/internal/net/http/SocketTube$BufferSource
instanceKlass  @bci jdk/internal/net/http/SocketTube <init> (Ljdk/internal/net/http/HttpClientImpl;Ljava/nio/channels/SocketChannel;Ljava/util/function/Supplier;Ljava/lang/String;)V 6 <appendix> member <vmtarget> ; # jdk/internal/net/http/SocketTube$$Lambda+0x00000000172f1718
instanceKlass  @bci jdk/internal/net/http/PlainHttpConnection <init> (Ljdk/internal/net/http/Origin;Ljava/net/InetSocketAddress;Ljdk/internal/net/http/HttpClientImpl;Ljava/lang/String;)V 117 <appendix> argL0 ; # jdk/internal/net/http/PlainHttpConnection$$Lambda+0x00000000172f14f0
instanceKlass jdk/internal/net/http/SocketTube
instanceKlass java/util/ArrayList$SubList$1
instanceKlass sun/util/resources/LocaleData$LocaleDataResourceBundleProvider
instanceKlass java/util/spi/ResourceBundleProvider
instanceKlass sun/nio/ch/SocketChannelImpl$DefaultOptionsHolder
instanceKlass  @bci jdk/internal/net/http/PlainHttpConnection <init> (Ljdk/internal/net/http/Origin;Ljava/net/InetSocketAddress;Ljdk/internal/net/http/HttpClientImpl;Ljava/lang/String;)V 68 <appendix> member <vmtarget> ; # jdk/internal/net/http/PlainHttpConnection$$Lambda+0x00000000172f06b0
instanceKlass  @bci jdk/internal/net/http/HttpConnection$PlainHttpPublisher <init> (Ljdk/internal/net/http/HttpConnection;Ljava/lang/Object;)V 42 <appendix> member <vmtarget> ; # jdk/internal/net/http/HttpConnection$PlainHttpPublisher$$Lambda+0x00000000172f0480
instanceKlass jdk/internal/net/http/HttpConnection$PlainHttpPublisher
instanceKlass jdk/internal/net/http/HttpConnection$TrailingOperations
instanceKlass  @bci jdk/internal/net/http/HttpConnection <init> (Ljdk/internal/net/http/Origin;Ljava/net/InetSocketAddress;Ljdk/internal/net/http/HttpClientImpl;Ljava/lang/String;)V 6 <appendix> member <vmtarget> ; # jdk/internal/net/http/HttpConnection$$Lambda+0x00000000172ecc00
instanceKlass jdk/internal/net/http/HttpConnection$HttpPublisher
instanceKlass jdk/internal/net/http/common/FlowTube
instanceKlass jdk/internal/net/http/AsyncEvent
instanceKlass jdk/internal/net/http/ConnectionPool$CacheKey
instanceKlass jdk/internal/net/http/common/SequentialScheduler$SchedulableTask
instanceKlass jdk/internal/net/http/common/SequentialScheduler$CompleteRestartableTask
instanceKlass jdk/internal/net/http/common/SequentialScheduler$RestartableTask
instanceKlass jdk/internal/net/http/common/SequentialScheduler$DeferredCompleter
instanceKlass jdk/internal/net/http/common/SequentialScheduler
instanceKlass jdk/internal/net/http/Http1Exchange$Http1Publisher$WriteTask
instanceKlass jdk/internal/net/http/common/Demand
instanceKlass jdk/internal/net/http/Http1Exchange$Http1Publisher$Http1WriteSubscription
instanceKlass  @bci jdk/internal/net/http/Http1Exchange$Http1Publisher <init> (Ljdk/internal/net/http/Http1Exchange;)V 16 <appendix> member <vmtarget> ; # jdk/internal/net/http/Http1Exchange$Http1Publisher$$Lambda+0x00000000172ee240
instanceKlass jdk/internal/net/http/Http1Exchange$Http1Publisher
instanceKlass java/util/concurrent/ConcurrentLinkedDeque$Node
instanceKlass  @bci jdk/internal/net/http/Http1Exchange <init> (Ljdk/internal/net/http/Exchange;Ljdk/internal/net/http/HttpConnection;)V 7 <appendix> member <vmtarget> ; # jdk/internal/net/http/Http1Exchange$$Lambda+0x00000000172ebd28
instanceKlass  @bci jdk/internal/net/http/ExchangeImpl attemptHttp2Exchange (Ljdk/internal/net/http/Exchange;Ljdk/internal/net/http/HttpConnection;)Ljava/util/concurrent/CompletableFuture; 46 <appendix> member <vmtarget> ; # jdk/internal/net/http/ExchangeImpl$$Lambda+0x00000000172eb480
instanceKlass  @bci jdk/internal/net/http/Http2Connection keyString (ZLjava/net/InetSocketAddress;Ljava/lang/String;I)Ljava/lang/String; 79 <appendix> form vmentry <vmtarget> ; # java/lang/invoke/LambdaForm$MH+0x00000000172ec800
instanceKlass  @bci jdk/internal/net/http/Http2Connection keyString (ZLjava/net/InetSocketAddress;Ljava/lang/String;I)Ljava/lang/String; 79 <appendix> form names 6 function resolvedHandle form vmentry <vmtarget> ; # java/lang/invoke/LambdaForm$DMH+0x00000000172ec400
instanceKlass  @bci jdk/internal/net/http/Http2Connection <clinit> ()V 19 <appendix> member <vmtarget> ; # jdk/internal/net/http/Http2Connection$$Lambda+0x00000000172eb250
instanceKlass jdk/internal/net/http/frame/Http2Frame
instanceKlass jdk/internal/net/http/hpack/DecodingCallback
instanceKlass jdk/internal/net/http/Http2Connection
instanceKlass  @bci jdk/internal/net/http/ExchangeImpl <clinit> ()V 19 <appendix> member <vmtarget> ; # jdk/internal/net/http/ExchangeImpl$$Lambda+0x00000000172e86b8
instanceKlass  @bci jdk/internal/net/http/Exchange responseAsyncImpl (Ljdk/internal/net/http/HttpConnection;)Ljava/util/concurrent/CompletableFuture; 57 <appendix> member <vmtarget> ; # jdk/internal/net/http/Exchange$$Lambda+0x00000000172e8468
instanceKlass  @bci jdk/internal/net/http/Exchange responseAsyncImpl (Ljdk/internal/net/http/HttpConnection;)Ljava/util/concurrent/CompletableFuture; 49 <appendix> member <vmtarget> ; # jdk/internal/net/http/Exchange$$Lambda+0x00000000172e8218
instanceKlass jdk/internal/net/http/AuthenticationFilter$Cache
instanceKlass java/time/Instant$1
instanceKlass jdk/internal/net/http/common/Deadline
instanceKlass  @bci jdk/internal/net/http/ResponseTimerEvent <clinit> ()V 2 <appendix> member <vmtarget> ; # jdk/internal/net/http/ResponseTimerEvent$$Lambda+0x00000000172e1a28
instanceKlass  @bci jdk/internal/net/http/MultiExchange responseAsync (Ljava/util/concurrent/Executor;)Ljava/util/concurrent/CompletableFuture; 12 <appendix> argL0 ; # jdk/internal/net/http/MultiExchange$$Lambda+0x00000000172e1800
instanceKlass  @bci jdk/internal/net/http/MultiExchange responseAsync0 (Ljava/util/concurrent/CompletableFuture;)Ljava/util/concurrent/CompletableFuture; 20 <appendix> member <vmtarget> ; # jdk/internal/net/http/MultiExchange$$Lambda+0x00000000172e3cd0
instanceKlass  @bci jdk/internal/net/http/MultiExchange responseAsync0 (Ljava/util/concurrent/CompletableFuture;)Ljava/util/concurrent/CompletableFuture; 11 <appendix> member <vmtarget> ; # jdk/internal/net/http/MultiExchange$$Lambda+0x00000000172e3a80
instanceKlass jdk/internal/net/http/Response
instanceKlass  @bci jdk/internal/net/http/MultiExchange responseAsync0 (Ljava/util/concurrent/CompletableFuture;)Ljava/util/concurrent/CompletableFuture; 2 <appendix> member <vmtarget> ; # jdk/internal/net/http/MultiExchange$$Lambda+0x00000000172e35f0
instanceKlass jdk/internal/net/http/MultiExchange$CancelableRef
instanceKlass jdk/internal/net/http/Exchange$ConnectionAborter
instanceKlass  @bci jdk/internal/net/http/Exchange <init> (Ljdk/internal/net/http/HttpRequestImpl;Ljdk/internal/net/http/MultiExchange;)V 6 <appendix> member <vmtarget> ; # jdk/internal/net/http/Exchange$$Lambda+0x00000000172e2f78
instanceKlass jdk/internal/net/http/ExchangeImpl
instanceKlass jdk/internal/net/http/Exchange
instanceKlass  @bci jdk/internal/net/http/MultiExchange <init> (Ljava/net/http/HttpRequest;Ljdk/internal/net/http/HttpRequestImpl;Ljdk/internal/net/http/HttpClientImpl;Ljava/net/http/HttpResponse$BodyHandler;Ljava/net/http/HttpResponse$PushPromiseHandler;)V 160 <appendix> argL0 ; # jdk/internal/net/http/MultiExchange$$Lambda+0x00000000172e2448
instanceKlass jdk/internal/net/http/MultiExchange$ConnectTimeoutTracker
instanceKlass java/util/Base64$Encoder
instanceKlass java/util/Base64
instanceKlass  @bci jdk/internal/net/http/MultiExchange <clinit> ()V 19 <appendix> member <vmtarget> ; # jdk/internal/net/http/MultiExchange$$Lambda+0x00000000172e2000
instanceKlass jdk/internal/net/http/TimeoutEvent
instanceKlass jdk/internal/net/http/MultiExchange
instanceKlass jdk/internal/net/http/common/Cancelable
instanceKlass  @bci java/net/http/HttpHeaders lambda$headersOf$0 (Ljava/util/function/BiPredicate;Ljava/util/ArrayList;Ljava/util/TreeMap;Ljava/util/TreeSet;Ljava/lang/String;Ljava/util/List;)V 47 <appendix> member <vmtarget> ; # java/net/http/HttpHeaders$$Lambda+0x00000000172cf3a0
instanceKlass  @bci java/net/http/HttpHeaders headersOf (Ljava/util/Map;Ljava/util/function/BiPredicate;)Ljava/net/http/HttpHeaders; 37 <appendix> member <vmtarget> ; # java/net/http/HttpHeaders$$Lambda+0x00000000172cf160
instanceKlass  @cpi java/net/http/HttpHeaders 300 form vmentry <vmtarget> ; # java/lang/invoke/LambdaForm$DMH+0x00000000172e1400
instanceKlass java/net/http/HttpHeaders
instanceKlass  @bci jdk/internal/net/http/common/HttpHeadersBuilder addHeader (Ljava/lang/String;Ljava/lang/String;)V 5 <appendix> argL0 ; # jdk/internal/net/http/common/HttpHeadersBuilder$$Lambda+0x00000000172ced00
instanceKlass  @bci org/openqa/selenium/remote/http/HttpMessage lambda$forEachHeader$1 (Ljava/util/function/BiConsumer;Ljava/lang/String;Ljava/util/List;)V 3 <appendix> member <vmtarget> ; # org/openqa/selenium/remote/http/HttpMessage$$Lambda+0x00000000172e7c90
instanceKlass  @bci org/openqa/selenium/remote/http/HttpMessage forEachHeader (Ljava/util/function/BiConsumer;)V 5 <appendix> member <vmtarget> ; # org/openqa/selenium/remote/http/HttpMessage$$Lambda+0x00000000172e7a50
instanceKlass  @bci org/openqa/selenium/remote/http/jdk/JdkHttpMessages createRequest (Lorg/openqa/selenium/remote/http/HttpRequest;Lorg/openqa/selenium/remote/http/HttpMethod;Ljava/net/URI;)Ljava/net/http/HttpRequest; 201 <appendix> member <vmtarget> ; # org/openqa/selenium/remote/http/jdk/JdkHttpMessages$$Lambda+0x00000000172e7810
instanceKlass jdk/internal/net/http/RequestPublishers$PublisherAdapter
instanceKlass jdk/internal/net/http/CheckedIterator
instanceKlass jdk/internal/net/http/RequestPublishers$InputStreamPublisher
instanceKlass java/net/http/HttpRequest$BodyPublisher
instanceKlass java/net/http/HttpRequest$BodyPublishers
instanceKlass org/openqa/selenium/remote/http/jdk/JdkHttpMessages$1
instanceKlass jdk/internal/net/http/common/HttpHeadersBuilder
instanceKlass java/net/http/HttpOption
instanceKlass jdk/internal/net/http/HttpRequestBuilderImpl
instanceKlass java/net/http/HttpRequest$Builder
instanceKlass  @bci org/openqa/selenium/remote/http/jdk/JdkHttpMessages createRequest (Lorg/openqa/selenium/remote/http/HttpRequest;Lorg/openqa/selenium/remote/http/HttpMethod;Ljava/net/URI;)Ljava/net/http/HttpRequest; 20 <appendix> member <vmtarget> ; # org/openqa/selenium/remote/http/jdk/JdkHttpMessages$$Lambda+0x00000000172e73b0
instanceKlass  @bci java/net/http/HttpResponse$BodyHandlers ofByteArray ()Ljava/net/http/HttpResponse$BodyHandler; 0 <appendix> argL0 ; # java/net/http/HttpResponse$BodyHandlers$$Lambda+0x00000000172ccf38
instanceKlass java/net/http/HttpResponse
instanceKlass java/net/http/HttpResponse$ResponseInfo
instanceKlass java/net/http/HttpResponse$BodyHandler
instanceKlass java/net/http/HttpResponse$BodyHandlers
instanceKlass java/util/concurrent/CompletableFuture$Canceller
instanceKlass  @bci org/openqa/selenium/remote/http/AddSeleniumUserAgent apply (Lorg/openqa/selenium/remote/http/HttpHandler;)Lorg/openqa/selenium/remote/http/HttpHandler; 1 <appendix> member <vmtarget> ; # org/openqa/selenium/remote/http/AddSeleniumUserAgent$$Lambda+0x00000000172e7170
instanceKlass java/util/concurrent/CompletableFuture$Timeout
instanceKlass  @bci org/openqa/selenium/remote/http/jdk/JdkHttpClient executeAsync (Lorg/openqa/selenium/remote/http/HttpRequest;)Ljava/util/concurrent/CompletableFuture; 28 <appendix> member <vmtarget> ; # org/openqa/selenium/remote/http/jdk/JdkHttpClient$$Lambda+0x00000000172e6f30
instanceKlass  @bci jdk/internal/net/http/Http1Request hostString ()Ljava/lang/String; 78 <appendix> form vmentry <vmtarget> ; # java/lang/invoke/LambdaForm$MH+0x00000000172e1000
instanceKlass  @bci org/openqa/selenium/remote/http/jdk/JdkHttpClient executeAsync (Lorg/openqa/selenium/remote/http/HttpRequest;)Ljava/util/concurrent/CompletableFuture; 15 <appendix> member <vmtarget> ; # org/openqa/selenium/remote/http/jdk/JdkHttpClient$$Lambda+0x00000000172e6d00
instanceKlass  @bci org/openqa/selenium/remote/http/HttpMessage addHeader (Ljava/lang/String;Ljava/lang/String;)Lorg/openqa/selenium/remote/http/HttpMessage; 13 <appendix> argL0 ; # org/openqa/selenium/remote/http/HttpMessage$$Lambda+0x00000000172e6ab8
instanceKlass  @bci org/openqa/selenium/remote/NewSessionPayload lambda$validate$4 (Ljava/util/Map;)V 21 <appendix> argL0 ; # org/openqa/selenium/remote/NewSessionPayload$$Lambda+0x00000000172e6420
instanceKlass  @bci org/openqa/selenium/remote/NewSessionPayload lambda$validate$4 (Ljava/util/Map;)V 11 <appendix> argL0 ; # org/openqa/selenium/remote/NewSessionPayload$$Lambda+0x00000000172e61c8
instanceKlass  @bci org/openqa/selenium/remote/NewSessionPayload lambda$validate$1 (Ljava/util/Map;Ljava/util/Map;)V 16 <appendix> member <vmtarget> ; # org/openqa/selenium/remote/NewSessionPayload$$Lambda+0x00000000172e5f68
instanceKlass  @bci org/openqa/selenium/remote/NewSessionPayload validate ()V 98 <appendix> argL0 ; # org/openqa/selenium/remote/NewSessionPayload$$Lambda+0x00000000172e5d30
instanceKlass  @bci org/openqa/selenium/remote/NewSessionPayload validate ()V 88 <appendix> argL0 ; # org/openqa/selenium/remote/NewSessionPayload$$Lambda+0x00000000172e5af8
instanceKlass  @bci org/openqa/selenium/remote/NewSessionPayload validate ()V 78 <appendix> argL0 ; # org/openqa/selenium/remote/NewSessionPayload$$Lambda+0x00000000172e58c0
instanceKlass  @bci org/openqa/selenium/remote/NewSessionPayload validate ()V 68 <appendix> member <vmtarget> ; # org/openqa/selenium/remote/NewSessionPayload$$Lambda+0x00000000172e5670
instanceKlass  @bci org/openqa/selenium/remote/NewSessionPayload validate ()V 57 <appendix> member <vmtarget> ; # org/openqa/selenium/remote/NewSessionPayload$$Lambda+0x00000000172e5430
instanceKlass org/openqa/selenium/json/ObjectCoercer$1
instanceKlass  @bci org/openqa/selenium/json/ObjectCoercer apply (Ljava/lang/reflect/Type;)Ljava/util/function/BiFunction; 1 <appendix> member <vmtarget> ; # org/openqa/selenium/json/ObjectCoercer$$Lambda+0x00000000172e4fe0
instanceKlass  @bci org/openqa/selenium/json/MapCoercer lambda$apply$1 (Ljava/lang/reflect/Type;Ljava/lang/reflect/Type;Lorg/openqa/selenium/json/JsonInput;Lorg/openqa/selenium/json/PropertySetting;)Ljava/lang/Object; 20 <appendix> member <vmtarget> ; # org/openqa/selenium/json/MapCoercer$$Lambda+0x00000000172e4d90
instanceKlass  @bci org/openqa/selenium/json/MapCoercer apply (Ljava/lang/reflect/Type;)Ljava/util/function/BiFunction; 77 <appendix> member <vmtarget> ; # org/openqa/selenium/json/MapCoercer$$Lambda+0x00000000172e4b50
instanceKlass org/openqa/selenium/json/JsonInput$1
instanceKlass org/openqa/selenium/remote/http/Contents$1
instanceKlass  @bci org/openqa/selenium/json/JsonOutput lambda$new$23 (Ljava/lang/Object;II)V 46 <appendix> member <vmtarget> ; # org/openqa/selenium/json/JsonOutput$$Lambda+0x00000000172e4478
instanceKlass  @cpi org/openqa/selenium/json/JsonOutput 848 form vmentry <vmtarget> ; # java/lang/invoke/LambdaForm$DMH+0x00000000172e0800
instanceKlass  @bci org/openqa/selenium/json/JsonOutput lambda$new$23 (Ljava/lang/Object;II)V 33 <appendix> argL0 ; # org/openqa/selenium/json/JsonOutput$$Lambda+0x00000000172e4220
instanceKlass  @bci org/openqa/selenium/json/JsonOutput asString (Ljava/lang/Object;)Ljava/lang/String; 19 <appendix> member <vmtarget> ; # org/openqa/selenium/json/JsonOutput$$Lambda+0x00000000172d9d70
instanceKlass  @cpi org/openqa/selenium/json/JsonOutput 825 form vmentry <vmtarget> ; # java/lang/invoke/LambdaForm$DMH+0x00000000172e0400
instanceKlass java/lang/StringLatin1$CharsSpliterator
instanceKlass  @bci org/openqa/selenium/json/JsonOutput lambda$new$25 (Ljava/lang/Object;II)V 31 <adapter> ; # java/lang/invoke/LambdaForm$MH+0x00000000172e0000
instanceKlass  @bci org/openqa/selenium/json/JsonOutput lambda$new$25 (Ljava/lang/Object;II)V 31 <appendix> form vmentry <vmtarget> ; # java/lang/invoke/LambdaForm$DMH+0x00000000172d8c00
instanceKlass  @bci org/openqa/selenium/json/JsonOutput lambda$new$25 (Ljava/lang/Object;II)V 31 <appendix> member <vmtarget> ; # org/openqa/selenium/json/JsonOutput$$Lambda+0x00000000172d9b30
instanceKlass  @cpi org/openqa/selenium/json/JsonOutput 842 form vmentry <vmtarget> ; # java/lang/invoke/LambdaForm$DMH+0x00000000172d8800
instanceKlass  @bci org/openqa/selenium/json/JsonOutput write0 (Ljava/lang/Object;II)Lorg/openqa/selenium/json/JsonOutput; 39 <appendix> member <vmtarget> ; # org/openqa/selenium/json/JsonOutput$$Lambda+0x00000000172d96d8
instanceKlass  @bci org/openqa/selenium/json/JsonOutput write0 (Ljava/lang/Object;II)Lorg/openqa/selenium/json/JsonOutput; 30 <appendix> argL0 ; # org/openqa/selenium/json/JsonOutput$$Lambda+0x00000000172d9490
instanceKlass  @bci java/util/Collections$UnmodifiableMap$UnmodifiableEntrySet entryConsumer (Ljava/util/function/Consumer;)Ljava/util/function/Consumer; 1 <appendix> member <vmtarget> ; # java/util/Collections$UnmodifiableMap$UnmodifiableEntrySet$$Lambda+0x00000000172af668
instanceKlass  @bci org/openqa/selenium/json/JsonOutput write0 (Ljava/lang/Object;II)Lorg/openqa/selenium/json/JsonOutput; 15 <appendix> member <vmtarget> ; # org/openqa/selenium/json/JsonOutput$$Lambda+0x00000000172d9230
instanceKlass java/util/Collections$UnmodifiableMap$UnmodifiableEntrySet$UnmodifiableEntrySetSpliterator
instanceKlass  @bci org/openqa/selenium/json/JsonOutput <init> (Ljava/lang/Appendable;)V 552 <appendix> member <vmtarget> ; # org/openqa/selenium/json/JsonOutput$$Lambda+0x00000000172d9000
instanceKlass  @bci org/openqa/selenium/json/JsonOutput <init> (Ljava/lang/Appendable;)V 546 <appendix> argL0 ; # org/openqa/selenium/json/JsonOutput$$Lambda+0x00000000172dbd88
instanceKlass  @bci org/openqa/selenium/json/JsonOutput <init> (Ljava/lang/Appendable;)V 534 <appendix> member <vmtarget> ; # org/openqa/selenium/json/JsonOutput$$Lambda+0x00000000172dbb58
instanceKlass  @bci org/openqa/selenium/json/JsonOutput <init> (Ljava/lang/Appendable;)V 528 <appendix> member <vmtarget> ; # org/openqa/selenium/json/JsonOutput$$Lambda+0x00000000172db8f8
instanceKlass  @bci org/openqa/selenium/json/JsonOutput <init> (Ljava/lang/Appendable;)V 509 <appendix> member <vmtarget> ; # org/openqa/selenium/json/JsonOutput$$Lambda+0x00000000172db6c8
instanceKlass  @bci org/openqa/selenium/json/JsonOutput <init> (Ljava/lang/Appendable;)V 503 <appendix> argL0 ; # org/openqa/selenium/json/JsonOutput$$Lambda+0x00000000172db470
instanceKlass  @bci org/openqa/selenium/json/JsonOutput <init> (Ljava/lang/Appendable;)V 491 <appendix> member <vmtarget> ; # org/openqa/selenium/json/JsonOutput$$Lambda+0x00000000172db240
instanceKlass  @bci org/openqa/selenium/json/JsonOutput <init> (Ljava/lang/Appendable;)V 485 <appendix> member <vmtarget> ; # org/openqa/selenium/json/JsonOutput$$Lambda+0x00000000172dafe0
instanceKlass  @bci org/openqa/selenium/json/JsonOutput <init> (Ljava/lang/Appendable;)V 466 <appendix> member <vmtarget> ; # org/openqa/selenium/json/JsonOutput$$Lambda+0x00000000172dadb0
instanceKlass  @bci org/openqa/selenium/json/JsonOutput <init> (Ljava/lang/Appendable;)V 460 <appendix> member <vmtarget> ; # org/openqa/selenium/json/JsonOutput$$Lambda+0x00000000172dab50
instanceKlass  @bci org/openqa/selenium/json/JsonOutput <init> (Ljava/lang/Appendable;)V 441 <appendix> member <vmtarget> ; # org/openqa/selenium/json/JsonOutput$$Lambda+0x00000000172da920
instanceKlass  @bci org/openqa/selenium/json/JsonOutput <init> (Ljava/lang/Appendable;)V 435 <appendix> member <vmtarget> ; # org/openqa/selenium/json/JsonOutput$$Lambda+0x00000000172da6c0
instanceKlass  @bci org/openqa/selenium/json/JsonOutput <init> (Ljava/lang/Appendable;)V 422 <appendix> member <vmtarget> ; # org/openqa/selenium/json/JsonOutput$$Lambda+0x00000000172da490
instanceKlass  @bci org/openqa/selenium/json/JsonOutput <init> (Ljava/lang/Appendable;)V 416 <appendix> member <vmtarget> ; # org/openqa/selenium/json/JsonOutput$$Lambda+0x00000000172da230
instanceKlass  @bci org/openqa/selenium/json/JsonOutput <init> (Ljava/lang/Appendable;)V 403 <appendix> member <vmtarget> ; # org/openqa/selenium/json/JsonOutput$$Lambda+0x00000000172da000
instanceKlass  @bci org/openqa/selenium/json/JsonOutput <init> (Ljava/lang/Appendable;)V 397 <appendix> member <vmtarget> ; # org/openqa/selenium/json/JsonOutput$$Lambda+0x00000000172dfd10
instanceKlass  @bci org/openqa/selenium/json/JsonOutput <init> (Ljava/lang/Appendable;)V 384 <appendix> member <vmtarget> ; # org/openqa/selenium/json/JsonOutput$$Lambda+0x00000000172dfae0
instanceKlass  @bci org/openqa/selenium/json/JsonOutput <init> (Ljava/lang/Appendable;)V 368 <appendix> member <vmtarget> ; # org/openqa/selenium/json/JsonOutput$$Lambda+0x00000000172df8b0
instanceKlass  @bci org/openqa/selenium/json/JsonOutput <init> (Ljava/lang/Appendable;)V 362 <appendix> member <vmtarget> ; # org/openqa/selenium/json/JsonOutput$$Lambda+0x00000000172df650
instanceKlass  @bci org/openqa/selenium/json/JsonOutput <init> (Ljava/lang/Appendable;)V 343 <appendix> member <vmtarget> ; # org/openqa/selenium/json/JsonOutput$$Lambda+0x00000000172df420
instanceKlass  @bci org/openqa/selenium/json/JsonOutput <init> (Ljava/lang/Appendable;)V 337 <appendix> member <vmtarget> ; # org/openqa/selenium/json/JsonOutput$$Lambda+0x00000000172df1c0
instanceKlass  @bci org/openqa/selenium/json/JsonOutput <init> (Ljava/lang/Appendable;)V 318 <appendix> member <vmtarget> ; # org/openqa/selenium/json/JsonOutput$$Lambda+0x00000000172def90
instanceKlass  @bci org/openqa/selenium/json/JsonOutput <init> (Ljava/lang/Appendable;)V 312 <appendix> member <vmtarget> ; # org/openqa/selenium/json/JsonOutput$$Lambda+0x00000000172ded30
instanceKlass  @bci org/openqa/selenium/json/JsonOutput <init> (Ljava/lang/Appendable;)V 293 <appendix> member <vmtarget> ; # org/openqa/selenium/json/JsonOutput$$Lambda+0x00000000172deb00
instanceKlass  @bci org/openqa/selenium/json/JsonOutput <init> (Ljava/lang/Appendable;)V 287 <appendix> member <vmtarget> ; # org/openqa/selenium/json/JsonOutput$$Lambda+0x00000000172de8a0
instanceKlass  @bci org/openqa/selenium/json/JsonOutput <init> (Ljava/lang/Appendable;)V 268 <appendix> member <vmtarget> ; # org/openqa/selenium/json/JsonOutput$$Lambda+0x00000000172de670
instanceKlass  @bci org/openqa/selenium/json/JsonOutput <init> (Ljava/lang/Appendable;)V 262 <appendix> member <vmtarget> ; # org/openqa/selenium/json/JsonOutput$$Lambda+0x00000000172de410
instanceKlass  @bci org/openqa/selenium/json/JsonOutput <init> (Ljava/lang/Appendable;)V 243 <appendix> member <vmtarget> ; # org/openqa/selenium/json/JsonOutput$$Lambda+0x00000000172de1e0
instanceKlass  @bci org/openqa/selenium/json/JsonOutput <init> (Ljava/lang/Appendable;)V 237 <appendix> member <vmtarget> ; # org/openqa/selenium/json/JsonOutput$$Lambda+0x00000000172ddf80
instanceKlass  @bci org/openqa/selenium/json/JsonOutput <init> (Ljava/lang/Appendable;)V 218 <appendix> member <vmtarget> ; # org/openqa/selenium/json/JsonOutput$$Lambda+0x00000000172ddd50
instanceKlass  @bci org/openqa/selenium/json/JsonOutput <init> (Ljava/lang/Appendable;)V 212 <appendix> member <vmtarget> ; # org/openqa/selenium/json/JsonOutput$$Lambda+0x00000000172ddaf0
instanceKlass  @bci org/openqa/selenium/json/JsonOutput <init> (Ljava/lang/Appendable;)V 193 <appendix> member <vmtarget> ; # org/openqa/selenium/json/JsonOutput$$Lambda+0x00000000172dd8c0
instanceKlass  @bci org/openqa/selenium/json/JsonOutput <init> (Ljava/lang/Appendable;)V 187 <appendix> member <vmtarget> ; # org/openqa/selenium/json/JsonOutput$$Lambda+0x00000000172dd660
instanceKlass  @bci org/openqa/selenium/json/JsonOutput <init> (Ljava/lang/Appendable;)V 168 <appendix> member <vmtarget> ; # org/openqa/selenium/json/JsonOutput$$Lambda+0x00000000172dd430
instanceKlass  @bci org/openqa/selenium/json/JsonOutput <init> (Ljava/lang/Appendable;)V 162 <appendix> member <vmtarget> ; # org/openqa/selenium/json/JsonOutput$$Lambda+0x00000000172dd1d0
instanceKlass  @bci org/openqa/selenium/json/JsonOutput <init> (Ljava/lang/Appendable;)V 143 <appendix> member <vmtarget> ; # org/openqa/selenium/json/JsonOutput$$Lambda+0x00000000172dcfa0
instanceKlass  @bci org/openqa/selenium/json/JsonOutput <init> (Ljava/lang/Appendable;)V 137 <appendix> member <vmtarget> ; # org/openqa/selenium/json/JsonOutput$$Lambda+0x00000000172dcd40
instanceKlass  @bci org/openqa/selenium/json/JsonOutput <init> (Ljava/lang/Appendable;)V 118 <appendix> member <vmtarget> ; # org/openqa/selenium/json/JsonOutput$$Lambda+0x00000000172dcb10
instanceKlass  @bci org/openqa/selenium/json/JsonOutput <init> (Ljava/lang/Appendable;)V 112 <appendix> member <vmtarget> ; # org/openqa/selenium/json/JsonOutput$$Lambda+0x00000000172dc8b0
instanceKlass  @bci org/openqa/selenium/json/JsonOutput <init> (Ljava/lang/Appendable;)V 93 <appendix> member <vmtarget> ; # org/openqa/selenium/json/JsonOutput$$Lambda+0x00000000172dc680
instanceKlass  @cpi org/openqa/selenium/json/JsonOutput 707 form vmentry <vmtarget> ; # java/lang/invoke/LambdaForm$DMH+0x00000000172d8400
instanceKlass org/openqa/selenium/json/JsonOutput$DepthAwareConsumer
instanceKlass  @bci org/openqa/selenium/json/JsonOutput <init> (Ljava/lang/Appendable;)V 87 <appendix> argL0 ; # org/openqa/selenium/json/JsonOutput$$Lambda+0x00000000172dc220
instanceKlass org/openqa/selenium/json/JsonOutput$Node
instanceKlass  @bci org/openqa/selenium/json/JsonOutput <init> (Ljava/lang/Appendable;)V 42 <appendix> member <vmtarget> ; # org/openqa/selenium/json/JsonOutput$$Lambda+0x00000000172d7ab0
instanceKlass  @bci org/openqa/selenium/json/JsonOutput <clinit> ()V 24 <appendix> member <vmtarget> ; # org/openqa/selenium/json/JsonOutput$$Lambda+0x00000000172d7850
instanceKlass com/google/gson/JsonElement
instanceKlass org/openqa/selenium/json/JsonOutput
instanceKlass org/openqa/selenium/remote/http/Contents$Supplier
instanceKlass org/openqa/selenium/remote/http/Contents
instanceKlass  @bci org/openqa/selenium/remote/NewSessionPayload create (Ljava/util/Collection;)Lorg/openqa/selenium/remote/NewSessionPayload; 10 <appendix> argL0 ; # org/openqa/selenium/remote/NewSessionPayload$$Lambda+0x00000000172d6ca0
instanceKlass org/openqa/selenium/remote/ResponseCodec
instanceKlass org/openqa/selenium/remote/CommandCodec
instanceKlass org/openqa/selenium/remote/NewSessionPayload
instanceKlass org/openqa/selenium/remote/ProtocolHandshake
instanceKlass sun/net/www/http/KeepAliveEntry
instanceKlass sun/net/www/http/HttpCapture
instanceKlass sun/net/www/http/KeepAliveKey
instanceKlass sun/net/www/http/Hurryable
instanceKlass sun/net/NetworkClient
instanceKlass java/net/ResponseCache
instanceKlass java/net/CookieHandler
instanceKlass sun/net/util/ProxyUtil
instanceKlass  @bci sun/net/www/protocol/http/AuthCacheImpl getAuthCacheFor (Ljava/net/Authenticator;)Lsun/net/www/protocol/http/AuthCacheImpl; 4 <appendix> argL0 ; # sun/net/www/protocol/http/AuthCacheImpl$$Lambda+0x00000000172aafc8
instanceKlass sun/net/www/protocol/http/AuthCacheImpl
instanceKlass sun/net/www/protocol/http/AuthCache
instanceKlass sun/net/www/protocol/http/AuthCacheValue
instanceKlass  @bci org/openqa/selenium/net/UrlChecker waitUntilAvailable (JLjava/util/concurrent/TimeUnit;[Ljava/net/URL;)V 27 <appendix> member <vmtarget> ; # org/openqa/selenium/net/UrlChecker$$Lambda+0x00000000172d5498
instanceKlass  @bci org/openqa/selenium/net/UrlChecker <clinit> ()V 22 <appendix> argL0 ; # org/openqa/selenium/net/UrlChecker$$Lambda+0x00000000172d5270
instanceKlass org/openqa/selenium/net/UrlChecker
instanceKlass  @bci org/openqa/selenium/remote/service/DriverService start ()V 167 <appendix> member <vmtarget> ; # org/openqa/selenium/remote/service/DriverService$$Lambda+0x00000000172d4e20
instanceKlass  @bci org/openqa/selenium/remote/service/DriverService start ()V 153 <appendix> member <vmtarget> ; # org/openqa/selenium/remote/service/DriverService$$Lambda+0x00000000172d4bf0
instanceKlass  @bci org/openqa/selenium/remote/service/DriverService start ()V 134 <appendix> member <vmtarget> ; # org/openqa/selenium/remote/service/DriverService$$Lambda+0x00000000172d4760
instanceKlass  @cpi org/openqa/selenium/remote/service/DriverService 477 form vmentry <vmtarget> ; # java/lang/invoke/LambdaForm$DMH+0x00000000172d8000
instanceKlass org/openqa/selenium/remote/Command
instanceKlass org/openqa/selenium/remote/CommandPayload
instanceKlass org/openqa/selenium/remote/DriverCommand
instanceKlass  @bci java/util/regex/Pattern asPredicate ()Ljava/util/function/Predicate; 1 <appendix> member <vmtarget> ; # java/util/regex/Pattern$$Lambda+0x00000000172a80a0
instanceKlass  @bci java/util/regex/CharPredicates ASCII_WORD ()Ljava/util/regex/Pattern$BmpCharPredicate; 0 <appendix> argL0 ; # java/util/regex/CharPredicates$$Lambda+0x00000000172a7e08
instanceKlass  @bci org/openqa/selenium/AcceptedW3CCapabilityKeys <clinit> ()V 99 <appendix> argL0 ; # org/openqa/selenium/AcceptedW3CCapabilityKeys$$Lambda+0x00000000172d3a60
instanceKlass  @bci org/openqa/selenium/AcceptedW3CCapabilityKeys <clinit> ()V 94 <appendix> argL0 ; # org/openqa/selenium/AcceptedW3CCapabilityKeys$$Lambda+0x00000000172d3808
instanceKlass  @bci org/openqa/selenium/AcceptedW3CCapabilityKeys <clinit> ()V 84 <appendix> argL0 ; # org/openqa/selenium/AcceptedW3CCapabilityKeys$$Lambda+0x00000000172d35c0
instanceKlass  @bci org/openqa/selenium/AcceptedW3CCapabilityKeys <clinit> ()V 74 <appendix> argL0 ; # org/openqa/selenium/AcceptedW3CCapabilityKeys$$Lambda+0x00000000172d3378
instanceKlass org/openqa/selenium/AcceptedW3CCapabilityKeys
instanceKlass  @bci org/openqa/selenium/remote/RemoteWebDriver checkNonW3CCapabilities (Lorg/openqa/selenium/Capabilities;)V 16 <appendix> argL0 ; # org/openqa/selenium/remote/RemoteWebDriver$$Lambda+0x00000000172d2eb8
instanceKlass java/util/TreeMap$TreeMapSpliterator
instanceKlass org/openqa/selenium/remote/RemoteLogs
instanceKlass org/openqa/selenium/remote/RemoteExecuteMethod
instanceKlass org/openqa/selenium/WrapsDriver
instanceKlass org/openqa/selenium/remote/JsonToWebElementConverter
instanceKlass org/openqa/selenium/remote/UselessFileDetector
instanceKlass  @bci org/openqa/selenium/remote/ErrorCodes <clinit> ()V 730 <appendix> argL0 ; # org/openqa/selenium/remote/ErrorCodes$$Lambda+0x00000000172d2120
instanceKlass org/openqa/selenium/remote/ErrorCodes$KnownError
instanceKlass org/openqa/selenium/remote/ErrorCodes
instanceKlass org/openqa/selenium/remote/ErrorHandler
instanceKlass org/openqa/selenium/WebElement
instanceKlass org/openqa/selenium/By$Remotable$Parameters
instanceKlass org/openqa/selenium/internal/Require$ArgumentChecker
instanceKlass org/openqa/selenium/By$Remotable
instanceKlass jdk/internal/misc/CarrierThread$ForkJoinPools
instanceKlass org/openqa/selenium/By
instanceKlass org/openqa/selenium/remote/ElementLocation
instanceKlass jdk/internal/net/http/common/Log
instanceKlass  @bci org/openqa/selenium/remote/service/DriverCommandExecutor <init> (Lorg/openqa/selenium/remote/service/DriverService;Ljava/util/Map;Lorg/openqa/selenium/remote/http/ClientConfig;)V 16 <appendix> argL0 ; # org/openqa/selenium/remote/service/DriverCommandExecutor$$Lambda+0x000000001723aec8
instanceKlass jdk/internal/net/http/RedirectFilter
instanceKlass jdk/internal/net/http/AuthenticationFilter
instanceKlass jdk/internal/net/http/HeaderFilter
instanceKlass jdk/internal/net/http/FilterFactory
instanceKlass  @bci java/lang/VirtualThread <init> (Ljava/util/concurrent/Executor;Ljava/lang/String;ILjava/lang/Runnable;)V 71 <appendix> member <vmtarget> ; # java/lang/VirtualThread$$Lambda+0x00000000172a6d20
instanceKlass java/lang/VirtualThread$VThreadContinuation$1
instanceKlass  @bci java/lang/VirtualThread <clinit> ()V 121 <appendix> argL0 ; # java/lang/VirtualThread$$Lambda+0x00000000172a6650
instanceKlass  @bci java/lang/VirtualThread createDefaultScheduler ()Ljava/util/concurrent/ForkJoinPool; 124 <appendix> argL0 ; # java/lang/VirtualThread$$Lambda+0x00000000172a63f8
instanceKlass  @bci java/lang/VirtualThread createDefaultScheduler ()Ljava/util/concurrent/ForkJoinPool; 101 <appendix> argL0 ; # java/lang/VirtualThread$$Lambda+0x00000000172a61d0
instanceKlass  @bci java/lang/VirtualThread createDefaultScheduler ()Ljava/util/concurrent/ForkJoinPool; 0 <appendix> argL0 ; # java/lang/VirtualThread$$Lambda+0x00000000172a5fa8
instanceKlass java/lang/ThreadBuilders
instanceKlass java/lang/ThreadBuilders$BaseThreadBuilder
instanceKlass java/lang/Thread$Builder$OfVirtual
instanceKlass java/lang/Thread$Builder
instanceKlass jdk/internal/net/http/HttpClientImpl$1
instanceKlass java/nio/BufferMismatch
instanceKlass sun/nio/ch/UnixDomainSocketsUtil
instanceKlass sun/nio/ch/UnixDomainSockets
instanceKlass sun/nio/ch/PipeImpl$Initializer$LoopbackConnector
instanceKlass sun/nio/ch/PipeImpl$Initializer
instanceKlass sun/nio/ch/WEPoll
instanceKlass sun/nio/ch/Util$2
instanceKlass java/nio/channels/spi/AbstractSelector$1
instanceKlass java/nio/channels/SelectionKey
instanceKlass java/nio/channels/Pipe
instanceKlass java/nio/channels/MulticastChannel
instanceKlass sun/nio/ch/DefaultSelectorProvider
instanceKlass java/nio/channels/spi/SelectorProvider$Holder
instanceKlass java/nio/channels/spi/SelectorProvider
instanceKlass java/nio/channels/Selector
instanceKlass jdk/internal/net/http/HttpClientImpl$SelectorManager
instanceKlass sun/security/ssl/SSLConfiguration$CustomizedServerSignatureSchemes
instanceKlass sun/security/ssl/QuicEngineOutputRecord$HandshakeFragment
instanceKlass sun/security/ssl/QuicKeyManager
instanceKlass sun/security/ssl/QuicTLSEngineImpl
instanceKlass jdk/internal/net/http/quic/QuicEndpoint$QuicEndpointFactory
instanceKlass  @bci jdk/internal/net/http/quic/QuicClient <init> (Ljdk/internal/net/http/quic/QuicClient$Builder;)V 6 <appendix> member <vmtarget> ; # jdk/internal/net/http/quic/QuicClient$$Lambda+0x00000000172c6ac8
instanceKlass jdk/internal/net/http/quic/QuicEndpoint
instanceKlass jdk/internal/net/http/quic/QuicClient
instanceKlass jdk/internal/net/http/quic/QuicInstance
instanceKlass jdk/internal/net/http/quic/BuffersReader
instanceKlass jdk/internal/net/http/quic/VariableLengthEncoder
instanceKlass jdk/internal/net/http/quic/QuicTransportParameters
instanceKlass  @bci jdk/internal/net/http/Http3ClientImpl <init> (Ljdk/internal/net/http/HttpClientImpl;)V 157 <appendix> argL0 ; # jdk/internal/net/http/Http3ClientImpl$$Lambda+0x00000000172c49a0
instanceKlass  @cpi jdk/internal/net/http/Http3ClientImpl 973 form vmentry <vmtarget> ; # java/lang/invoke/LambdaForm$DMH+0x00000000172c8000
instanceKlass java/util/function/LongFunction
instanceKlass jdk/internal/net/http/quic/QuicClient$Builder
instanceKlass jdk/internal/net/http/Http3ClientImpl$ConnectionRecovery
instanceKlass jdk/internal/net/http/Http3PendingConnections
instanceKlass jdk/internal/net/http/Http3ConnectionPool
instanceKlass  @bci jdk/internal/net/http/Http3ClientImpl <init> (Ljdk/internal/net/http/HttpClientImpl;)V 6 <appendix> member <vmtarget> ; # jdk/internal/net/http/Http3ClientImpl$$Lambda+0x00000000172c3c78
instanceKlass jdk/internal/net/http/quic/QuicTransportParameters$TransportParameterId
instanceKlass jdk/internal/net/http/Http3ClientImpl
instanceKlass  @bci jdk/internal/net/http/Http2ClientImpl <clinit> ()V 3 <appendix> member <vmtarget> ; # jdk/internal/net/http/Http2ClientImpl$$Lambda+0x00000000172c3610
instanceKlass jdk/internal/net/http/Http2ClientImpl
instanceKlass jdk/internal/net/http/ConnectionPool$ExpiryList
instanceKlass  @bci jdk/internal/net/http/ConnectionPool <init> (Ljava/lang/String;Ljdk/internal/net/http/common/TimeLine;)V 6 <appendix> member <vmtarget> ; # jdk/internal/net/http/ConnectionPool$$Lambda+0x00000000172c2f60
instanceKlass java/time/Clock
instanceKlass java/time/InstantSource
instanceKlass jdk/internal/net/http/common/TimeSource$NanoSource
instanceKlass jdk/internal/net/http/common/TimeSource
instanceKlass jdk/internal/net/http/common/FlowTube$TubePublisher
instanceKlass jdk/internal/net/http/common/FlowTube$TubeSubscriber
instanceKlass jdk/internal/net/http/common/TimeLine
instanceKlass jdk/internal/net/http/ConnectionPool
instanceKlass  @bci jdk/internal/net/http/AltServicesRegistry <init> (J)V 6 <appendix> member <vmtarget> ; # jdk/internal/net/http/AltServicesRegistry$$Lambda+0x00000000172c1b50
instanceKlass jdk/internal/net/http/AltServicesRegistry
instanceKlass  @bci jdk/internal/net/http/HttpClientImpl <init> (Ljdk/internal/net/http/HttpClientBuilderImpl;Ljdk/internal/net/http/HttpClientImpl$SingleFacadeFactory;)V 635 <appendix> argL0 ; # jdk/internal/net/http/HttpClientImpl$$Lambda+0x00000000172c1708
instanceKlass  @bci jdk/internal/net/http/HttpClientFacade <init> (Ljdk/internal/net/http/HttpClientImpl;)V 19 <appendix> member <vmtarget> ; # jdk/internal/net/http/HttpClientFacade$$Lambda+0x00000000172c14d8
instanceKlass  @bci jdk/internal/net/http/HttpClientImpl <init> (Ljdk/internal/net/http/HttpClientBuilderImpl;Ljdk/internal/net/http/HttpClientImpl$SingleFacadeFactory;)V 543 <appendix> member <vmtarget> ; # jdk/internal/net/http/HttpClientImpl$$Lambda+0x00000000172c1298
instanceKlass  @bci jdk/internal/net/http/HttpClientImpl <init> (Ljdk/internal/net/http/HttpClientBuilderImpl;Ljdk/internal/net/http/HttpClientImpl$SingleFacadeFactory;)V 535 <appendix> member <vmtarget> ; # jdk/internal/net/http/HttpClientImpl$$Lambda+0x00000000172c1068
instanceKlass java/util/function/BooleanSupplier
instanceKlass jdk/internal/net/http/common/Utils$SafeExecutor
instanceKlass jdk/internal/net/http/HttpClientImpl$DelegatingExecutor
instanceKlass  @bci jdk/internal/net/http/HttpClientImpl <init> (Ljdk/internal/net/http/HttpClientBuilderImpl;Ljdk/internal/net/http/HttpClientImpl$SingleFacadeFactory;)V 343 <appendix> member <vmtarget> ; # jdk/internal/net/http/HttpClientImpl$$Lambda+0x00000000172c06f8
instanceKlass sun/security/ssl/SSLConfiguration$1
instanceKlass javax/net/ssl/SSLParameters
instanceKlass sun/security/ssl/DTLSRecord
instanceKlass sun/security/ssl/SessionId
instanceKlass javax/net/ssl/SNIServerName
instanceKlass javax/net/ssl/ExtendedSSLSession
instanceKlass sun/security/ssl/NamedGroup$SupportedGroups
instanceKlass sun/security/util/KeyUtil
instanceKlass  @bci sun/security/util/DisabledAlgorithmConstraints permits (Ljava/lang/String;Ljava/util/Set;)Z 20 <appendix> member <vmtarget> ; # sun/security/util/DisabledAlgorithmConstraints$$Lambda+0x0000000017299d80
instanceKlass  @bci sun/security/ssl/SignatureScheme$SupportedSigSchemes <clinit> ()V 26 <appendix> argL0 ; # sun/security/ssl/SignatureScheme$SupportedSigSchemes$$Lambda+0x0000000017299b58
instanceKlass  @bci sun/security/ssl/SignatureScheme$SupportedSigSchemes <clinit> ()V 16 <appendix> argL0 ; # sun/security/ssl/SignatureScheme$SupportedSigSchemes$$Lambda+0x0000000017299910
instanceKlass  @bci sun/security/ssl/SignatureScheme$SupportedSigSchemes <clinit> ()V 6 <appendix> argL0 ; # sun/security/ssl/SignatureScheme$SupportedSigSchemes$$Lambda+0x00000000172996b8
instanceKlass java/security/spec/MGF1ParameterSpec
instanceKlass sun/security/ec/ParametersMap$1
instanceKlass  @bci sun/security/ec/ed/EdDSAParameters <clinit> ()V 268 <appendix> argL0 ; # sun/security/ec/ed/EdDSAParameters$$Lambda+0x0000000017297290
instanceKlass sun/security/ec/ed/EdDSAParameters$SHAKE256DigesterFactory
instanceKlass sun/security/ec/point/ProjectivePoint
instanceKlass  @bci sun/security/ec/ed/EdDSAParameters <clinit> ()V 117 <appendix> argL0 ; # sun/security/ec/ed/EdDSAParameters$$Lambda+0x00000000172961c8
instanceKlass sun/security/ec/ed/EdDSAParameters$Digester
instanceKlass sun/security/ec/ed/EdDSAParameters$SHA512DigesterFactory
instanceKlass sun/security/util/math/IntegerMontgomeryFieldModuloP
instanceKlass sun/security/ec/point/ExtendedHomogeneousPoint
instanceKlass sun/security/ec/point/AffinePoint
instanceKlass sun/security/util/math/intpoly/IntegerPolynomial$Limb
instanceKlass sun/security/ec/point/MutablePoint
instanceKlass sun/security/ec/point/ImmutablePoint
instanceKlass sun/security/ec/point/Point
instanceKlass sun/security/util/math/MutableIntegerModuloP
instanceKlass sun/security/util/math/intpoly/IntegerPolynomial$Element
instanceKlass sun/security/util/math/SmallValue
instanceKlass sun/security/util/math/ImmutableIntegerModuloP
instanceKlass sun/security/util/math/IntegerModuloP
instanceKlass sun/security/util/math/intpoly/IntegerPolynomial
instanceKlass sun/security/ec/ParametersMap
instanceKlass sun/security/ec/ed/EdECOperations
instanceKlass sun/security/ec/ed/EdDSAParameters$DigesterFactory
instanceKlass sun/security/util/math/IntegerFieldModuloP
instanceKlass sun/security/ec/ed/EdDSAParameters
instanceKlass  @bci sun/security/ec/ed/EdDSASignature <init> (Ljava/security/spec/NamedParameterSpec;)V 27 <appendix> argL0 ; # sun/security/ec/ed/EdDSASignature$$Lambda+0x0000000017291f98
instanceKlass java/security/spec/EdDSAParameterSpec
instanceKlass sun/security/ec/ed/EdDSASignature$MessageAccumulator
instanceKlass javax/crypto/spec/DHParameterSpec
instanceKlass sun/security/ssl/PredefinedDHParameterSpecs
instanceKlass org/jcp/xml/dsig/internal/dom/XMLDSigRI$2
instanceKlass org/jcp/xml/dsig/internal/dom/XMLDSigRI$1
instanceKlass  @bci sun/security/pkcs11/SunPKCS11 register (Lsun/security/pkcs11/SunPKCS11$Descriptor;)V 27 <appendix> argL0 ; # sun/security/pkcs11/SunPKCS11$$Lambda+0x0000000017249fe0
instanceKlass sun/security/pkcs11/SunPKCS11$Descriptor
instanceKlass javax/security/auth/callback/CallbackHandler
instanceKlass sun/security/smartcardio/SunPCSC$1
instanceKlass sun/security/jca/ProviderConfig$ProviderLoader
instanceKlass sun/security/ssl/SignatureScheme$SupportedSigSchemes
instanceKlass sun/security/ssl/SSLConfiguration$CustomizedClientSignatureSchemes
instanceKlass javax/crypto/KeyGeneratorSpi
instanceKlass javax/crypto/KeyGenerator
instanceKlass sun/security/ssl/SSLConfiguration
instanceKlass sun/security/ssl/KeyUpdate$KeyUpdateProducer
instanceKlass sun/security/ssl/KeyUpdate$KeyUpdateConsumer
instanceKlass sun/security/ssl/KeyUpdate$KeyUpdateKickstartProducer
instanceKlass sun/security/ssl/KeyUpdate
instanceKlass sun/security/ssl/CertificateStatus$CertificateStatusAbsence
instanceKlass sun/security/ssl/CertificateStatus$CertificateStatusProducer
instanceKlass sun/security/ssl/CertificateStatus$CertificateStatusConsumer
instanceKlass sun/security/ssl/HandshakeAbsence
instanceKlass sun/security/ssl/CertificateStatus
instanceKlass sun/security/ssl/Finished$T13FinishedProducer
instanceKlass sun/security/ssl/Finished$T13FinishedConsumer
instanceKlass sun/security/ssl/Finished$T12FinishedProducer
instanceKlass sun/security/ssl/Finished$T12FinishedConsumer
instanceKlass sun/security/ssl/Finished
instanceKlass sun/security/ssl/ClientKeyExchange$ClientKeyExchangeProducer
instanceKlass sun/security/ssl/ClientKeyExchange$ClientKeyExchangeConsumer
instanceKlass sun/security/ssl/ClientKeyExchange
instanceKlass sun/security/ssl/CertificateVerify$T13CertificateVerifyProducer
instanceKlass sun/security/ssl/CertificateVerify$T13CertificateVerifyConsumer
instanceKlass sun/security/ssl/CertificateVerify$T12CertificateVerifyProducer
instanceKlass sun/security/ssl/CertificateVerify$T12CertificateVerifyConsumer
instanceKlass sun/security/ssl/CertificateVerify$T10CertificateVerifyProducer
instanceKlass sun/security/ssl/CertificateVerify$T10CertificateVerifyConsumer
instanceKlass sun/security/ssl/CertificateVerify$S30CertificateVerifyProducer
instanceKlass sun/security/ssl/CertificateVerify$S30CertificateVerifyConsumer
instanceKlass sun/security/ssl/CertificateVerify
instanceKlass sun/security/ssl/ServerHelloDone$ServerHelloDoneProducer
instanceKlass sun/security/ssl/ServerHelloDone$ServerHelloDoneConsumer
instanceKlass sun/security/ssl/ServerHelloDone
instanceKlass sun/security/ssl/CertificateRequest$T13CertificateRequestProducer
instanceKlass sun/security/ssl/CertificateRequest$T13CertificateRequestConsumer
instanceKlass sun/security/ssl/CertificateRequest$T12CertificateRequestProducer
instanceKlass sun/security/ssl/CertificateRequest$T12CertificateRequestConsumer
instanceKlass sun/security/ssl/CertificateRequest$T10CertificateRequestProducer
instanceKlass sun/security/ssl/CertificateRequest$T10CertificateRequestConsumer
instanceKlass sun/security/ssl/CertificateRequest
instanceKlass sun/security/ssl/ServerKeyExchange$ServerKeyExchangeProducer
instanceKlass sun/security/ssl/ServerKeyExchange$ServerKeyExchangeConsumer
instanceKlass sun/security/ssl/ServerKeyExchange
instanceKlass sun/security/ssl/CertificateMessage$T13CertificateProducer
instanceKlass sun/security/ssl/CertificateMessage$T13CertificateConsumer
instanceKlass sun/security/ssl/CertificateMessage$T12CertificateProducer
instanceKlass sun/security/ssl/CertificateMessage$T12CertificateConsumer
instanceKlass sun/security/ssl/CertificateMessage
instanceKlass sun/security/ssl/EncryptedExtensions$EncryptedExtensionsConsumer
instanceKlass sun/security/ssl/EncryptedExtensions$EncryptedExtensionsProducer
instanceKlass sun/security/ssl/EncryptedExtensions
instanceKlass sun/security/ssl/NewSessionTicket$T12NewSessionTicketProducer
instanceKlass sun/security/ssl/NewSessionTicket$T13NewSessionTicketProducer
instanceKlass sun/security/ssl/NewSessionTicket$T12NewSessionTicketConsumer
instanceKlass sun/security/ssl/NewSessionTicket$T13NewSessionTicketConsumer
instanceKlass sun/security/ssl/NewSessionTicket
instanceKlass sun/security/ssl/HelloVerifyRequest$HelloVerifyRequestProducer
instanceKlass sun/security/ssl/HelloVerifyRequest$HelloVerifyRequestConsumer
instanceKlass sun/security/ssl/HelloVerifyRequest
instanceKlass sun/security/ssl/ServerHello$T13HelloRetryRequestConsumer
instanceKlass sun/security/ssl/ServerHello$T13ServerHelloConsumer
instanceKlass sun/security/ssl/ServerHello$T12ServerHelloConsumer
instanceKlass sun/security/ssl/ServerHello$T13HelloRetryRequestReproducer
instanceKlass sun/security/ssl/ServerHello$T13HelloRetryRequestProducer
instanceKlass sun/security/ssl/ServerHello$T13ServerHelloProducer
instanceKlass sun/security/ssl/ServerHello$T12ServerHelloProducer
instanceKlass sun/security/ssl/ServerHello$ServerHelloConsumer
instanceKlass sun/security/ssl/SSLKeyDerivation
instanceKlass sun/security/ssl/ServerHello
instanceKlass sun/security/ssl/ClientHello$D13ClientHelloConsumer
instanceKlass sun/security/ssl/ClientHello$D12ClientHelloConsumer
instanceKlass sun/security/ssl/ClientHello$T13ClientHelloConsumer
instanceKlass sun/security/ssl/ClientHello$T12ClientHelloConsumer
instanceKlass sun/security/ssl/ClientHello$ClientHelloProducer
instanceKlass sun/security/ssl/ClientHello$ClientHelloConsumer
instanceKlass sun/security/ssl/ClientHello$ClientHelloKickstartProducer
instanceKlass sun/security/ssl/HandshakeConsumer
instanceKlass sun/security/ssl/ClientHello
instanceKlass sun/security/ssl/HelloRequest$HelloRequestProducer
instanceKlass sun/security/ssl/SSLHandshake$HandshakeMessage
instanceKlass sun/security/ssl/HelloRequest$HelloRequestConsumer
instanceKlass sun/security/ssl/HelloRequest$HelloRequestKickstartProducer
instanceKlass sun/security/ssl/SSLProducer
instanceKlass sun/security/ssl/HelloRequest
instanceKlass sun/security/ssl/HandshakeProducer
instanceKlass sun/security/ssl/SSLConsumer
instanceKlass sun/security/ssl/Authenticator$MacImpl
instanceKlass sun/security/ssl/Authenticator$MAC
instanceKlass sun/security/ssl/Authenticator
instanceKlass sun/security/ssl/HandshakeContext
instanceKlass sun/security/ssl/TransportContext
instanceKlass sun/security/ssl/HandshakeHash$CacheOnlyHash
instanceKlass sun/security/ssl/HandshakeHash$TranscriptHash
instanceKlass sun/security/ssl/HandshakeHash
instanceKlass sun/security/ssl/ConnectionContext
instanceKlass sun/security/ssl/InputRecord
instanceKlass sun/security/ssl/SSLRecord
instanceKlass sun/security/ssl/Record
instanceKlass jdk/internal/net/quic/QuicTLSContext
instanceKlass  @bci sun/security/ssl/SSLContextImpl engineInit ([Ljavax/net/ssl/KeyManager;[Ljavax/net/ssl/TrustManager;Ljava/security/SecureRandom;)V 57 <appendix> argL0 ; # sun/security/ssl/SSLContextImpl$$Lambda+0x000000001725d5f8
instanceKlass javax/net/ssl/KeyManagerFactorySpi
instanceKlass javax/net/ssl/KeyManagerFactory
instanceKlass jdk/internal/net/quic/QuicTLSEngine
instanceKlass javax/net/ssl/X509ExtendedTrustManager
instanceKlass sun/security/validator/TrustStoreUtil
instanceKlass sun/security/x509/AccessDescription
instanceKlass sun/security/util/HostnameChecker
instanceKlass sun/security/x509/DNSName
instanceKlass sun/security/x509/URIName
instanceKlass sun/security/x509/DistributionPoint
instanceKlass sun/security/x509/NetscapeCertTypeExtension$MapEntry
instanceKlass java/security/cert/PolicyQualifierInfo
instanceKlass sun/security/x509/CertificatePolicyId
instanceKlass sun/security/x509/PolicyInformation
instanceKlass java/security/interfaces/ECPublicKey
instanceKlass  @bci sun/security/ec/ECKeyFactory implGeneratePublic (Ljava/security/spec/KeySpec;)Ljava/security/PublicKey; 6 <appendix> member <vmtarget> ; # sun/security/ec/ECKeyFactory$$TypeSwitch+0x00000000172586d8
instanceKlass java/security/spec/ECPublicKeySpec
instanceKlass sun/security/x509/GeneralName
instanceKlass  @bci java/util/regex/Pattern union (Ljava/util/regex/Pattern$CharPredicate;Ljava/util/regex/Pattern$CharPredicate;Z)Ljava/util/regex/Pattern$CharPredicate; 6 <appendix> member <vmtarget> ; # java/util/regex/Pattern$$Lambda+0x0000000017257fc8
instanceKlass  @bci java/util/regex/Pattern Range (II)Ljava/util/regex/Pattern$CharPredicate; 23 <appendix> member <vmtarget> ; # java/util/regex/Pattern$$Lambda+0x0000000017257d30
instanceKlass java/security/PKCS12Attribute
instanceKlass java/security/KeyStore$Entry$Attribute
instanceKlass jdk/internal/misc/ThreadTracker
instanceKlass jdk/internal/event/EventHelper$ThreadTrackHolder
instanceKlass jdk/internal/event/EventHelper
instanceKlass sun/security/jca/JCAUtil
instanceKlass sun/security/x509/GeneralNames
instanceKlass sun/security/x509/KeyIdentifier
instanceKlass sun/security/x509/OIDMap$OIDInfo
instanceKlass sun/security/x509/PKIXExtensions
instanceKlass sun/security/x509/OIDMap
instanceKlass sun/security/x509/Extension
instanceKlass java/security/cert/Extension
instanceKlass sun/security/x509/CertificateExtensions
instanceKlass sun/security/rsa/RSAUtil
instanceKlass java/security/interfaces/RSAPublicKey
instanceKlass java/security/interfaces/RSAKey
instanceKlass  @bci sun/security/rsa/RSAKeyFactory generatePublic (Ljava/security/spec/KeySpec;)Ljava/security/PublicKey; 6 <appendix> member <vmtarget> ; # sun/security/rsa/RSAKeyFactory$$TypeSwitch+0x0000000017253a28
instanceKlass java/lang/classfile/CodeModel
instanceKlass java/lang/classfile/MethodModel
instanceKlass java/lang/classfile/FieldModel
instanceKlass  @bci jdk/internal/classfile/impl/ClassFileImpl attributeMapper ()Ljava/util/function/Function; 7 <appendix> argL0 ; # jdk/internal/classfile/impl/ClassFileImpl$$Lambda+0x800000051
instanceKlass java/lang/classfile/ClassModel
instanceKlass java/lang/classfile/AttributedElement
instanceKlass java/lang/classfile/CompoundElement
instanceKlass java/lang/classfile/instruction/SwitchCase
instanceKlass  @bci java/lang/runtime/SwitchBootstraps generateTypeSwitchSkeleton (Ljava/lang/Class;[Ljava/lang/Object;Ljava/util/List;Ljava/util/List;)Ljava/util/function/Consumer; 45 <appendix> member <vmtarget> ; # java/lang/runtime/SwitchBootstraps$$Lambda+0x0000000017250298
instanceKlass java/lang/classfile/AccessFlags
instanceKlass  @bci java/lang/runtime/SwitchBootstraps generateTypeSwitch (Ljava/lang/invoke/MethodHandles$Lookup;Ljava/lang/Class;[Ljava/lang/Object;)Ljava/lang/invoke/MethodHandle; 70 <appendix> member <vmtarget> ; # java/lang/runtime/SwitchBootstraps$$Lambda+0x000000001727fa88
instanceKlass jdk/internal/misc/PreviewFeatures
instanceKlass java/lang/runtime/SwitchBootstraps
instanceKlass java/security/spec/PSSParameterSpec
instanceKlass java/security/spec/RSAPrivateKeySpec
instanceKlass java/security/spec/RSAPublicKeySpec
instanceKlass  @bci java/security/spec/EncodedKeySpec <clinit> ()V 0 <appendix> argL0 ; # java/security/spec/EncodedKeySpec$$Lambda+0x000000001727e280
instanceKlass jdk/internal/access/JavaSecuritySpecAccess
instanceKlass sun/security/util/BitArray
instanceKlass sun/security/x509/X509Key
instanceKlass sun/security/x509/CertificateX509Key
instanceKlass sun/security/x509/CertificateValidity
instanceKlass sun/security/x509/AVA
instanceKlass sun/security/x509/RDN
instanceKlass sun/security/x509/X500Name
instanceKlass sun/security/x509/GeneralNameInterface
instanceKlass sun/security/x509/CertificateAlgorithmId
instanceKlass sun/security/x509/SerialNumber
instanceKlass sun/security/x509/CertificateSerialNumber
instanceKlass sun/security/x509/CertificateVersion
instanceKlass sun/security/x509/X509CertInfo
instanceKlass sun/security/x509/AlgorithmId
instanceKlass sun/security/util/Cache$EqualByteArray
instanceKlass java/security/cert/CRL
instanceKlass java/security/cert/CertPath
instanceKlass java/security/cert/CertificateFactorySpi
instanceKlass java/security/cert/CertificateFactory
instanceKlass sun/security/pkcs/ContentInfo
instanceKlass sun/security/util/IOUtils
instanceKlass sun/security/util/DerInputStream
instanceKlass sun/security/util/DerValue
instanceKlass java/security/cert/X509Extension
instanceKlass javax/crypto/SecretKey
instanceKlass sun/security/pkcs12/PKCS12KeyStore$Entry
instanceKlass java/security/KeyStore$Entry
instanceKlass java/security/KeyStoreSpi
instanceKlass java/security/KeyStore
instanceKlass sun/security/util/FilePaths
instanceKlass sun/security/ssl/TrustStoreManager$TrustStoreDescriptor
instanceKlass sun/security/ssl/TrustStoreManager$TrustAnchorManager
instanceKlass sun/security/ssl/TrustStoreManager
instanceKlass javax/net/ssl/TrustManagerFactorySpi
instanceKlass javax/net/ssl/TrustManagerFactory
instanceKlass sun/security/ssl/SSLContextImpl$DefaultManagersHolder
instanceKlass sun/security/util/MemoryCache$CacheEntry
instanceKlass sun/security/util/Cache
instanceKlass sun/security/util/Cache$CacheVisitor
instanceKlass sun/security/ssl/SSLSessionContextImpl
instanceKlass sun/security/ssl/EphemeralKeyManager$EphemeralKeyPair
instanceKlass sun/security/ssl/EphemeralKeyManager
instanceKlass sun/security/ssl/SSLContextImpl$CustomizedSSLProtocols
instanceKlass java/security/spec/NamedParameterSpec
instanceKlass sun/security/util/ECKeySizeParameterSpec
instanceKlass java/security/AlgorithmParametersSpi
instanceKlass java/security/AlgorithmParameters
instanceKlass java/security/spec/EncodedKeySpec
instanceKlass java/security/spec/KeySpec
instanceKlass sun/security/util/ECUtil
instanceKlass java/security/KeyPairGeneratorSpi
instanceKlass java/security/interfaces/ECPrivateKey
instanceKlass sun/security/pkcs/PKCS8Key
instanceKlass sun/security/util/InternalPrivateKey
instanceKlass java/security/PrivateKey
instanceKlass javax/security/auth/Destroyable
instanceKlass java/security/PublicKey
instanceKlass java/security/KeyFactorySpi
instanceKlass java/security/KeyFactory
instanceKlass javax/crypto/KeyAgreement
instanceKlass java/security/interfaces/ECKey
instanceKlass java/security/AsymmetricKey
instanceKlass java/security/DEREncodable
instanceKlass java/security/Signature$1
instanceKlass jdk/internal/access/JavaSecuritySignatureAccess
instanceKlass sun/security/ssl/JsseJce$EcAvailability
instanceKlass sun/security/ssl/SSLAlgorithmDecomposer$1
instanceKlass sun/security/ssl/Utilities
instanceKlass sun/security/ssl/JsseJce
instanceKlass sun/security/ssl/NamedGroup$XDHScheme
instanceKlass sun/security/ssl/NamedGroup$FFDHEScheme
instanceKlass sun/security/ssl/SSLPossession
instanceKlass sun/security/ssl/SSLCredentials
instanceKlass sun/security/ssl/NamedGroup$ECDHEScheme
instanceKlass sun/security/ssl/NamedGroup$NamedGroupScheme
instanceKlass com/sun/crypto/provider/ChaCha20Cipher$ChaChaEngine
instanceKlass sun/security/ssl/SSLCipher$T13CC20P1305WriteCipherGenerator
instanceKlass sun/security/ssl/SSLCipher$T12CC20P1305WriteCipherGenerator
instanceKlass sun/security/ssl/SSLCipher$T13CC20P1305ReadCipherGenerator
instanceKlass sun/security/ssl/SSLCipher$T12CC20P1305ReadCipherGenerator
instanceKlass sun/security/ssl/SSLCipher$T13GcmWriteCipherGenerator
instanceKlass sun/security/ssl/SSLCipher$T13GcmReadCipherGenerator
instanceKlass com/sun/crypto/provider/GaloisCounterMode$GCMEngine
instanceKlass sun/security/ssl/SSLCipher$T12GcmWriteCipherGenerator
instanceKlass sun/security/ssl/SSLCipher$T12GcmReadCipherGenerator
instanceKlass java/util/Vector$1
instanceKlass javax/crypto/JceSecurityManager
instanceKlass sun/security/ssl/SSLCipher$T11BlockWriteCipherGenerator
instanceKlass sun/security/ssl/SSLCipher$T11BlockReadCipherGenerator
instanceKlass com/sun/crypto/provider/PKCS5Padding
instanceKlass com/sun/crypto/provider/Padding
instanceKlass com/sun/crypto/provider/FeedbackCipher
instanceKlass com/sun/crypto/provider/CipherCore
instanceKlass com/sun/crypto/provider/DESConstants
instanceKlass com/sun/crypto/provider/SymmetricCipher
instanceKlass sun/security/ssl/SSLCipher$T10BlockWriteCipherGenerator
instanceKlass sun/security/ssl/SSLCipher$T10BlockReadCipherGenerator
instanceKlass javax/crypto/CipherSpi
instanceKlass javax/crypto/ProviderVerifier
instanceKlass java/lang/Class$Holder
instanceKlass javax/crypto/JceSecurity$1
instanceKlass java/util/Vector$Itr
instanceKlass javax/crypto/CryptoPolicyParser$CryptoPermissionEntry
instanceKlass javax/crypto/CryptoPolicyParser$GrantEntry
instanceKlass java/io/StreamTokenizer
instanceKlass javax/crypto/CryptoPolicyParser
instanceKlass java/nio/file/Files$1
instanceKlass sun/nio/fs/WindowsFileSystem$1
instanceKlass java/nio/file/PathMatcher
instanceKlass sun/nio/fs/Globs
instanceKlass javax/crypto/JceSecurity
instanceKlass sun/security/jca/ProviderList$ServiceIterator
instanceKlass sun/security/jca/ServiceId
instanceKlass javax/crypto/Cipher$Transform
instanceKlass javax/crypto/Cipher
instanceKlass sun/security/ssl/SSLCipher$StreamWriteCipherGenerator
instanceKlass sun/security/ssl/SSLCipher$StreamReadCipherGenerator
instanceKlass sun/security/ssl/SSLCipher$SSLWriteCipher
instanceKlass sun/security/ssl/SSLCipher$NullWriteCipherGenerator
instanceKlass sun/security/ssl/SSLCipher$WriteCipherGenerator
instanceKlass sun/security/ssl/SSLCipher$SSLReadCipher
instanceKlass sun/security/ssl/SSLCipher$NullReadCipherGenerator
instanceKlass sun/security/ssl/SSLCipher$ReadCipherGenerator
instanceKlass java/security/Key
instanceKlass  @bci sun/security/util/DisabledAlgorithmConstraints checkDisabledPatterns (Ljava/lang/String;)Z 17 <appendix> member <vmtarget> ; # sun/security/util/DisabledAlgorithmConstraints$$Lambda+0x00000000171fa1e0
instanceKlass java/time/ZonedDateTime
instanceKlass sun/security/util/DisabledAlgorithmConstraints$Constraints$Holder
instanceKlass sun/security/util/DisabledAlgorithmConstraints$Constraint
instanceKlass sun/security/util/DisabledAlgorithmConstraints$Constraints
instanceKlass java/security/cert/CertPathValidatorException$Reason
instanceKlass sun/security/util/AlgorithmDecomposer
instanceKlass sun/security/ssl/SSLAlgorithmConstraints
instanceKlass sun/security/ssl/SSLLogger
instanceKlass sun/security/ssl/SSLTransport
instanceKlass javax/net/ssl/SSLEngine
instanceKlass javax/net/ssl/X509TrustManager
instanceKlass javax/net/ssl/TrustManager
instanceKlass javax/net/ssl/X509ExtendedKeyManager
instanceKlass javax/net/ssl/X509KeyManager
instanceKlass javax/net/ssl/KeyManager
instanceKlass javax/net/ssl/SSLSessionContext
instanceKlass javax/net/ServerSocketFactory
instanceKlass javax/net/SocketFactory
instanceKlass java/security/spec/ECFieldF2m
instanceKlass sun/security/util/ObjectIdentifier
instanceKlass sun/security/util/ByteArrayTagOrder
instanceKlass sun/security/util/ByteArrayLexOrder
instanceKlass sun/security/util/DerEncoder
instanceKlass java/security/spec/ECPoint
instanceKlass java/security/spec/EllipticCurve
instanceKlass java/security/spec/ECFieldFp
instanceKlass java/security/spec/ECParameterSpec
instanceKlass java/security/spec/AlgorithmParameterSpec
instanceKlass java/security/spec/ECField
instanceKlass sun/security/util/CurveDB
instanceKlass java/security/SignatureSpi
instanceKlass sun/security/rsa/SunRsaSignEntries
instanceKlass javax/net/ssl/SSLContextSpi
instanceKlass  @bci jdk/internal/net/http/HttpClientImpl <init> (Ljdk/internal/net/http/HttpClientBuilderImpl;Ljdk/internal/net/http/HttpClientImpl$SingleFacadeFactory;)V 275 <appendix> argL0 ; # jdk/internal/net/http/HttpClientImpl$$Lambda+0x00000000172488d8
instanceKlass javax/net/ssl/SSLContext
instanceKlass jdk/internal/net/http/common/HttpBodySubscriberWrapper$1
instanceKlass  @bci jdk/internal/net/http/common/HttpBodySubscriberWrapper <clinit> ()V 16 <appendix> argL0 ; # jdk/internal/net/http/common/HttpBodySubscriberWrapper$$Lambda+0x0000000017248000
instanceKlass java/util/concurrent/Flow$Subscription
instanceKlass jdk/internal/net/http/common/HttpBodySubscriberWrapper
instanceKlass jdk/internal/net/http/ResponseSubscribers$TrustedSubscriber
instanceKlass java/net/http/HttpResponse$BodySubscriber
instanceKlass java/util/concurrent/Flow$Subscriber
instanceKlass  @bci jdk/internal/net/http/HttpConnection <clinit> ()V 30 <appendix> argL0 ; # jdk/internal/net/http/HttpConnection$$Lambda+0x0000000017246800
instanceKlass  @bci jdk/internal/net/http/HttpConnection <clinit> ()V 16 <appendix> argL0 ; # jdk/internal/net/http/HttpConnection$$Lambda+0x0000000017247d10
instanceKlass jdk/internal/net/http/HttpClientImpl$SSLDirectBufferSupplier
instanceKlass  @bci jdk/internal/net/http/HttpClientImpl <init> (Ljdk/internal/net/http/HttpClientBuilderImpl;Ljdk/internal/net/http/HttpClientImpl$SingleFacadeFactory;)V 38 <appendix> member <vmtarget> ; # jdk/internal/net/http/HttpClientImpl$$Lambda+0x0000000017243310
instanceKlass  @bci jdk/internal/net/http/HttpClientImpl <init> (Ljdk/internal/net/http/HttpClientBuilderImpl;Ljdk/internal/net/http/HttpClientImpl$SingleFacadeFactory;)V 22 <appendix> member <vmtarget> ; # jdk/internal/net/http/HttpClientImpl$$Lambda+0x00000000172430e0
instanceKlass  @bci jdk/internal/net/http/common/DebugLogger <clinit> ()V 79 <appendix> member <vmtarget> ; # jdk/internal/net/http/common/DebugLogger$$Lambda+0x0000000017242eb0
instanceKlass  @bci jdk/internal/net/http/common/DebugLogger <clinit> ()V 56 <appendix> member <vmtarget> ; # jdk/internal/net/http/common/DebugLogger$$Lambda+0x0000000017242c80
# instanceKlass java/lang/invoke/LambdaForm$MH+0x0000000017246000
# instanceKlass java/lang/invoke/LambdaForm$MH+0x0000000017245c00
instanceKlass java/lang/invoke/LambdaFormEditor$1
instanceKlass  @bci jdk/internal/net/http/common/DebugLogger$LoggerConfig equals (Ljava/lang/Object;)Z 2 <appendix> form vmentry <vmtarget> ; # java/lang/invoke/LambdaForm$MH+0x0000000017245800
instanceKlass java/lang/classfile/CodeBuilder$1
instanceKlass  @bci jdk/internal/net/http/common/DebugLogger$LoggerConfig equals (Ljava/lang/Object;)Z 2 <appendix> argL1 form vmentry <vmtarget> ; # java/lang/invoke/LambdaForm$MH+0x0000000017245400
instanceKlass java/lang/invoke/MethodHandleImpl$Makers$2
instanceKlass java/lang/invoke/MethodHandleImpl$Makers$1
instanceKlass java/lang/invoke/MethodHandleImpl$Makers
instanceKlass java/lang/invoke/MethodHandleImpl$CasesHolder
instanceKlass java/lang/invoke/MethodHandleImpl$LoopClauses
# instanceKlass java/lang/invoke/LambdaForm$MH+0x0000000017245000
# instanceKlass java/lang/invoke/LambdaForm$MH+0x0000000017244c00
# instanceKlass java/lang/invoke/LambdaForm$MH+0x0000000017244800
instanceKlass  @bci java/lang/runtime/ObjectMethods bootstrap (Ljava/lang/invoke/MethodHandles$Lookup;Ljava/lang/String;Ljava/lang/invoke/TypeDescriptor;Ljava/lang/Class;Ljava/lang/String;[Ljava/lang/invoke/MethodHandle;)Ljava/lang/Object; 37 <appendix> argL0 ; # java/lang/runtime/ObjectMethods$$Lambda+0x00000000171e9cd8
instanceKlass java/lang/invoke/DirectMethodHandle$1
# instanceKlass java/lang/invoke/LambdaForm$MH+0x0000000017244400
# instanceKlass java/lang/invoke/LambdaForm$MH+0x0000000017244000
instanceKlass java/lang/invoke/MethodHandleImpl$2
instanceKlass java/lang/runtime/ObjectMethods
instanceKlass  @bci jdk/internal/net/http/common/DebugLogger <clinit> ()V 33 <appendix> member <vmtarget> ; # jdk/internal/net/http/common/DebugLogger$$Lambda+0x0000000017242a50
instanceKlass jdk/internal/net/http/common/DebugLogger
instanceKlass  @bci jdk/internal/net/http/HttpClientImpl <init> (Ljdk/internal/net/http/HttpClientBuilderImpl;Ljdk/internal/net/http/HttpClientImpl$SingleFacadeFactory;)V 6 <appendix> member <vmtarget> ; # jdk/internal/net/http/HttpClientImpl$$Lambda+0x00000000172424e0
instanceKlass jdk/internal/net/http/HttpClientImpl$SingleFacadeFactory
instanceKlass java/util/concurrent/CompletableFuture$AltResult
instanceKlass java/util/concurrent/CompletableFuture$AsynchronousCompletionTask
instanceKlass  @bci jdk/internal/net/http/common/Utils useVTForSelector (Ljava/lang/String;Ljava/lang/String;)Ljdk/internal/net/http/common/Utils$UseVTForSelector; 13 <appendix> member <vmtarget> ; # jdk/internal/net/http/common/Utils$$Lambda+0x0000000017242068
instanceKlass  @bci jdk/internal/net/http/common/Utils <clinit> ()V 342 <appendix> argL0 ; # jdk/internal/net/http/common/Utils$$Lambda+0x00000000172419c0
instanceKlass  @bci jdk/internal/net/http/common/Utils <clinit> ()V 334 <appendix> argL0 ; # jdk/internal/net/http/common/Utils$$Lambda+0x0000000017241768
instanceKlass  @bci jdk/internal/net/http/common/Utils <clinit> ()V 326 <appendix> argL0 ; # jdk/internal/net/http/common/Utils$$Lambda+0x0000000017241510
instanceKlass  @bci java/util/stream/Collectors toUnmodifiableSet ()Ljava/util/stream/Collector; 19 <appendix> argL0 ; # java/util/stream/Collectors$$Lambda+0x00000000171e4408
instanceKlass  @bci java/util/stream/Collectors toUnmodifiableSet ()Ljava/util/stream/Collector; 14 <appendix> argL0 ; # java/util/stream/Collectors$$Lambda+0x00000000171e41b8
instanceKlass  @bci java/util/stream/Collectors toUnmodifiableSet ()Ljava/util/stream/Collector; 9 <appendix> argL0 ; # java/util/stream/Collectors$$Lambda+0x00000000171e3f80
instanceKlass  @bci java/util/stream/Collectors toUnmodifiableSet ()Ljava/util/stream/Collector; 4 <appendix> argL0 ; # java/util/stream/Collectors$$Lambda+0x00000000171e3d58
instanceKlass  @bci jdk/internal/net/http/common/Utils <clinit> ()V 302 <appendix> argL0 ; # jdk/internal/net/http/common/Utils$$Lambda+0x00000000172412b8
instanceKlass  @bci jdk/internal/net/http/common/Utils <clinit> ()V 292 <appendix> argL0 ; # jdk/internal/net/http/common/Utils$$Lambda+0x0000000017241070
instanceKlass  @bci jdk/internal/net/http/common/Utils <clinit> ()V 198 <appendix> argL0 ; # jdk/internal/net/http/common/Utils$$Lambda+0x0000000017240e18
instanceKlass  @bci jdk/internal/net/http/common/Utils <clinit> ()V 179 <appendix> argL0 ; # jdk/internal/net/http/common/Utils$$Lambda+0x0000000017240bc0
instanceKlass  @bci jdk/internal/net/http/common/Utils <clinit> ()V 171 <appendix> member <vmtarget> ; # jdk/internal/net/http/common/Utils$$Lambda+0x0000000017240960
instanceKlass  @bci jdk/internal/net/http/common/Utils <clinit> ()V 161 <appendix> argL0 ; # jdk/internal/net/http/common/Utils$$Lambda+0x0000000017240708
instanceKlass  @bci jdk/internal/net/http/common/Utils <clinit> ()V 153 <appendix> argL0 ; # jdk/internal/net/http/common/Utils$$Lambda+0x00000000172404b0
instanceKlass  @bci jdk/internal/net/http/common/Utils <clinit> ()V 139 <appendix> argL0 ; # jdk/internal/net/http/common/Utils$$Lambda+0x0000000017240258
instanceKlass  @bci jdk/internal/net/http/common/Utils <clinit> ()V 125 <appendix> argL0 ; # jdk/internal/net/http/common/Utils$$Lambda+0x0000000017240000
instanceKlass java/util/function/BiPredicate
instanceKlass javax/net/ssl/SSLSession
instanceKlass jdk/internal/net/http/common/Logger
instanceKlass jdk/internal/net/http/common/Utils
instanceKlass jdk/internal/net/http/websocket/WebSocketRequest
instanceKlass java/net/http/HttpRequest
instanceKlass java/net/http/WebSocket$Builder
instanceKlass jdk/internal/net/http/common/OperationTrackers$Tracker
instanceKlass jdk/internal/net/http/common/BufferSupplier
instanceKlass jdk/internal/net/http/HttpConnection
instanceKlass jdk/internal/net/http/common/OperationTrackers$Trackable
instanceKlass jdk/internal/net/http/HttpClientBuilderImpl
instanceKlass java/net/http/HttpClient$Builder
instanceKlass java/net/http/HttpClient
instanceKlass  @bci org/openqa/selenium/remote/http/jdk/JdkHttpClient <init> (Lorg/openqa/selenium/remote/http/ClientConfig;)V 93 <appendix> member <vmtarget> ; # org/openqa/selenium/remote/http/jdk/JdkHttpClient$$Lambda+0x000000001723ac98
instanceKlass  @bci org/openqa/selenium/remote/http/Filter andFinally (Lorg/openqa/selenium/remote/http/HttpHandler;)Lorg/openqa/selenium/remote/http/HttpHandler; 9 <appendix> member <vmtarget> ; # org/openqa/selenium/remote/http/Filter$$Lambda+0x000000001723aa58
instanceKlass  @bci org/openqa/selenium/remote/http/jdk/JdkHttpClient <init> (Lorg/openqa/selenium/remote/http/ClientConfig;)V 56 <appendix> member <vmtarget> ; # org/openqa/selenium/remote/http/jdk/JdkHttpClient$$Lambda+0x000000001723a818
instanceKlass org/openqa/selenium/remote/http/HttpMessage
instanceKlass java/util/concurrent/Flow$Publisher
instanceKlass org/openqa/selenium/remote/http/jdk/JdkHttpMessages
instanceKlass org/openqa/selenium/remote/http/WebSocket
instanceKlass java/net/http/WebSocket$Listener
instanceKlass java/net/Authenticator
instanceKlass org/openqa/selenium/remote/http/jdk/JdkHttpClient
instanceKlass org/openqa/selenium/logging/LocalLogs
instanceKlass org/openqa/selenium/remote/http/HttpClientName
instanceKlass org/openqa/selenium/remote/http/jdk/JdkHttpClient$Factory
instanceKlass  @bci org/openqa/selenium/remote/http/HttpClient$Factory create (Ljava/lang/String;)Lorg/openqa/selenium/remote/http/HttpClient$Factory; 30 <appendix> member <vmtarget> ; # org/openqa/selenium/remote/http/HttpClient$Factory$$Lambda+0x0000000017234a58
instanceKlass  @bci org/openqa/selenium/remote/http/HttpClient$Factory create (Ljava/lang/String;)Lorg/openqa/selenium/remote/http/HttpClient$Factory; 19 <appendix> argL0 ; # org/openqa/selenium/remote/http/HttpClient$Factory$$Lambda+0x0000000017234800
instanceKlass org/openqa/selenium/remote/http/HttpClient
instanceKlass org/openqa/selenium/remote/HttpCommandExecutor$DefaultClientFactoryHolder
instanceKlass  @bci org/openqa/selenium/chromium/ChromiumDriverCommandExecutor getExtraCommands (Ljava/util/Map;)Ljava/util/Map; 65 <appendix> argL0 ; # org/openqa/selenium/chromium/ChromiumDriverCommandExecutor$$Lambda+0x0000000017235980
instanceKlass  @bci org/openqa/selenium/chromium/ChromiumDriverCommandExecutor getExtraCommands (Ljava/util/Map;)Ljava/util/Map; 60 <appendix> argL0 ; # org/openqa/selenium/chromium/ChromiumDriverCommandExecutor$$Lambda+0x0000000017235738
instanceKlass  @bci org/openqa/selenium/chromium/ChromiumDriverCommandExecutor getExtraCommands (Ljava/util/Map;)Ljava/util/Map; 50 <appendix> argL0 ; # org/openqa/selenium/chromium/ChromiumDriverCommandExecutor$$Lambda+0x00000000172354f0
instanceKlass org/openqa/selenium/chromium/AddHasLaunchApp
instanceKlass org/openqa/selenium/chromium/AddHasPermissions
instanceKlass org/openqa/selenium/chromium/AddHasNetworkConditions
instanceKlass  @bci java/util/stream/Collectors toUnmodifiableMap (Ljava/util/function/Function;Ljava/util/function/Function;)Ljava/util/stream/Collector; 21 <appendix> argL0 ; # java/util/stream/Collectors$$Lambda+0x00000000171e2248
instanceKlass  @bci org/openqa/selenium/chrome/ChromeDriver$ChromeDriverCommandExecutor getExtraCommands ()Ljava/util/Map; 48 <appendix> argL0 ; # org/openqa/selenium/chrome/ChromeDriver$ChromeDriverCommandExecutor$$Lambda+0x00000000172378f8
instanceKlass  @bci org/openqa/selenium/chrome/ChromeDriver$ChromeDriverCommandExecutor getExtraCommands ()Ljava/util/Map; 43 <appendix> argL0 ; # org/openqa/selenium/chrome/ChromeDriver$ChromeDriverCommandExecutor$$Lambda+0x00000000172376b0
instanceKlass  @bci org/openqa/selenium/chrome/ChromeDriver$ChromeDriverCommandExecutor getExtraCommands ()Ljava/util/Map; 33 <appendix> argL0 ; # org/openqa/selenium/chrome/ChromeDriver$ChromeDriverCommandExecutor$$Lambda+0x0000000017237468
instanceKlass org/openqa/selenium/chromium/AddHasCdp
instanceKlass org/openqa/selenium/remote/CommandInfo
instanceKlass org/openqa/selenium/chromium/AddHasCasting
instanceKlass org/openqa/selenium/remote/AdditionalHttpCommands
instanceKlass org/openqa/selenium/remote/AugmenterProvider
instanceKlass org/openqa/selenium/logging/LogEntry
instanceKlass org/openqa/selenium/remote/HttpCommandExecutor
instanceKlass org/openqa/selenium/logging/NeedsLocalLogs
instanceKlass org/openqa/selenium/internal/Require$PathStateChecker
instanceKlass  @bci org/openqa/selenium/manager/SeleniumManager runCommand (Ljava/nio/file/Path;Ljava/util/List;)Lorg/openqa/selenium/manager/SeleniumManagerOutput$Result; 234 <appendix> argL0 ; # org/openqa/selenium/manager/SeleniumManager$$Lambda+0x0000000017232150
instanceKlass org/openqa/selenium/json/StringCoercer$1
instanceKlass  @bci org/openqa/selenium/json/StringCoercer apply (Ljava/lang/reflect/Type;)Ljava/util/function/BiFunction; 0 <appendix> argL0 ; # org/openqa/selenium/json/StringCoercer$$Lambda+0x0000000017231d08
instanceKlass org/openqa/selenium/json/NumberCoercer$1
instanceKlass  @bci org/openqa/selenium/json/NumberCoercer apply (Ljava/lang/reflect/Type;)Ljava/util/function/BiFunction; 1 <appendix> member <vmtarget> ; # org/openqa/selenium/json/NumberCoercer$$Lambda+0x00000000172318b8
instanceKlass java/math/MathContext
instanceKlass java/util/concurrent/ForkJoinPool$DefaultForkJoinWorkerThreadFactory
instanceKlass java/util/concurrent/ForkJoinPool$1
instanceKlass java/util/concurrent/ForkJoinPool$WorkQueue
instanceKlass java/util/concurrent/CountDownLatch
instanceKlass java/util/concurrent/ForkJoinPool$ForkJoinWorkerThreadFactory
instanceKlass jdk/internal/access/JavaUtilConcurrentFJPAccess
instanceKlass java/util/concurrent/ForkJoinTask$Aux
instanceKlass java/util/concurrent/ForkJoinTask
# instanceKlass java/lang/invoke/LambdaForm$MH+0x0000000017234400
# instanceKlass java/lang/invoke/LambdaForm$MH+0x0000000017234000
instanceKlass  @bci org/openqa/selenium/json/StaticInitializerCoercer apply (Ljava/lang/reflect/Type;)Ljava/util/function/BiFunction; 29 <appendix> member <vmtarget> ; # org/openqa/selenium/json/StaticInitializerCoercer$$Lambda+0x0000000017231678
instanceKlass  @bci org/openqa/selenium/json/CollectionCoercer lambda$apply$1 (Ljava/lang/reflect/Type;Lorg/openqa/selenium/json/JsonInput;Lorg/openqa/selenium/json/PropertySetting;)Ljava/util/Collection; 18 <appendix> member <vmtarget> ; # org/openqa/selenium/json/CollectionCoercer$$Lambda+0x0000000017231428
instanceKlass org/openqa/selenium/json/JsonInputIterator
instanceKlass  @bci org/openqa/selenium/json/CollectionCoercer apply (Ljava/lang/reflect/Type;)Ljava/util/function/BiFunction; 61 <appendix> member <vmtarget> ; # org/openqa/selenium/json/CollectionCoercer$$Lambda+0x0000000017230f70
instanceKlass org/openqa/selenium/manager/SeleniumManagerOutput$Log
instanceKlass  @bci org/openqa/selenium/json/InstanceCoercer lambda$getBeanWriters$8 (Lorg/openqa/selenium/json/SimplePropertyDescriptor;)Lorg/openqa/selenium/json/InstanceCoercer$TypeAndWriter; 11 <appendix> member <vmtarget> ; # org/openqa/selenium/json/InstanceCoercer$$Lambda+0x00000000172306a8
instanceKlass  @bci org/openqa/selenium/json/InstanceCoercer getBeanWriters (Ljava/lang/reflect/Constructor;)Ljava/util/Map; 25 <appendix> argL0 ; # org/openqa/selenium/json/InstanceCoercer$$Lambda+0x0000000017230460
instanceKlass org/openqa/selenium/json/InstanceCoercer$TypeAndWriter
instanceKlass  @bci org/openqa/selenium/json/InstanceCoercer getBeanWriters (Ljava/lang/reflect/Constructor;)Ljava/util/Map; 20 <appendix> argL0 ; # org/openqa/selenium/json/InstanceCoercer$$Lambda+0x0000000017230000
instanceKlass  @bci org/openqa/selenium/json/InstanceCoercer getBeanWriters (Ljava/lang/reflect/Constructor;)Ljava/util/Map; 10 <appendix> argL0 ; # org/openqa/selenium/json/InstanceCoercer$$Lambda+0x0000000017228c50
instanceKlass  @bci org/openqa/selenium/json/SimplePropertyDescriptor getPropertyDescriptors (Ljava/lang/Class;)[Lorg/openqa/selenium/json/SimplePropertyDescriptor; 228 <appendix> member <vmtarget> ; # org/openqa/selenium/json/SimplePropertyDescriptor$$Lambda+0x0000000017228800
instanceKlass  @bci org/openqa/selenium/json/SimplePropertyDescriptor <clinit> ()V 0 <appendix> argL0 ; # org/openqa/selenium/json/SimplePropertyDescriptor$$Lambda+0x0000000017229d00
instanceKlass org/openqa/selenium/json/SimplePropertyDescriptor
instanceKlass org/openqa/selenium/json/InstanceCoercer$1
instanceKlass  @bci org/openqa/selenium/json/JsonTypeCoercer buildCoercer (Ljava/lang/reflect/Type;)Ljava/util/function/BiFunction; 43 <appendix> member <vmtarget> ; # org/openqa/selenium/json/JsonTypeCoercer$$Lambda+0x0000000017229240
instanceKlass  @bci org/openqa/selenium/json/JsonTypeCoercer lambda$buildCoercer$7 (Ljava/util/function/BiFunction;)Ljava/util/function/BiFunction; 1 <appendix> member <vmtarget> ; # org/openqa/selenium/json/JsonTypeCoercer$$Lambda+0x0000000017229000
instanceKlass  @bci org/openqa/selenium/json/JsonTypeCoercer buildCoercer (Ljava/lang/reflect/Type;)Ljava/util/function/BiFunction; 34 <appendix> argL0 ; # org/openqa/selenium/json/JsonTypeCoercer$$Lambda+0x000000001722bbb0
instanceKlass  @bci org/openqa/selenium/json/InstanceCoercer apply (Ljava/lang/reflect/Type;)Ljava/util/function/BiFunction; 8 <appendix> member <vmtarget> ; # org/openqa/selenium/json/InstanceCoercer$$Lambda+0x000000001722b970
instanceKlass  @bci org/openqa/selenium/json/JsonTypeCoercer buildCoercer (Ljava/lang/reflect/Type;)Ljava/util/function/BiFunction; 26 <appendix> member <vmtarget> ; # org/openqa/selenium/json/JsonTypeCoercer$$Lambda+0x000000001722b720
instanceKlass  @bci org/openqa/selenium/json/StaticInitializerCoercer getMethods (Ljava/lang/Class;)Ljava/util/stream/Stream; 27 <appendix> argL0 ; # org/openqa/selenium/json/StaticInitializerCoercer$$Lambda+0x000000001722b4c8
instanceKlass  @bci org/openqa/selenium/json/StaticInitializerCoercer getMethods (Ljava/lang/Class;)Ljava/util/stream/Stream; 17 <appendix> argL0 ; # org/openqa/selenium/json/StaticInitializerCoercer$$Lambda+0x000000001722b270
instanceKlass  @bci org/openqa/selenium/json/StaticInitializerCoercer getMethods (Ljava/lang/Class;)Ljava/util/stream/Stream; 7 <appendix> argL0 ; # org/openqa/selenium/json/StaticInitializerCoercer$$Lambda+0x000000001722b018
instanceKlass java/util/UUID
instanceKlass org/openqa/selenium/json/Types
instanceKlass  @bci org/openqa/selenium/json/JsonTypeCoercer buildCoercer (Ljava/lang/reflect/Type;)Ljava/util/function/BiFunction; 10 <appendix> member <vmtarget> ; # org/openqa/selenium/json/JsonTypeCoercer$$Lambda+0x000000001722aba8
instanceKlass  @bci org/openqa/selenium/json/JsonTypeCoercer coerce (Lorg/openqa/selenium/json/JsonInput;Ljava/lang/reflect/Type;Lorg/openqa/selenium/json/PropertySetting;)Ljava/lang/Object; 6 <appendix> member <vmtarget> ; # org/openqa/selenium/json/JsonTypeCoercer$$Lambda+0x000000001722a958
instanceKlass org/openqa/selenium/json/Input
instanceKlass org/openqa/selenium/json/JsonInput
instanceKlass org/openqa/selenium/manager/SeleniumManagerOutput
instanceKlass  @bci org/openqa/selenium/json/JsonTypeCoercer <init> (Ljava/util/stream/Stream;)V 423 <appendix> argL0 ; # org/openqa/selenium/json/JsonTypeCoercer$$Lambda+0x000000001722f550
instanceKlass  @bci org/openqa/selenium/json/JsonTypeCoercer <init> (Ljava/util/stream/Stream;)V 418 <appendix> argL0 ; # org/openqa/selenium/json/JsonTypeCoercer$$Lambda+0x000000001722f318
instanceKlass  @bci org/openqa/selenium/json/JsonTypeCoercer <init> (Ljava/util/stream/Stream;)V 413 <appendix> argL0 ; # org/openqa/selenium/json/JsonTypeCoercer$$Lambda+0x000000001722f0f0
instanceKlass  @bci org/openqa/selenium/json/JsonTypeCoercer <init> (Ljava/util/stream/Stream;)V 374 <appendix> argL0 ; # org/openqa/selenium/json/JsonTypeCoercer$$Lambda+0x000000001722ec18
instanceKlass  @bci org/openqa/selenium/json/JsonTypeCoercer <init> (Ljava/util/stream/Stream;)V 349 <appendix> argL0 ; # org/openqa/selenium/json/JsonTypeCoercer$$Lambda+0x000000001722e9f0
instanceKlass  @bci org/openqa/selenium/json/JsonTypeCoercer <init> (Ljava/util/stream/Stream;)V 314 <appendix> argL0 ; # org/openqa/selenium/json/JsonTypeCoercer$$Lambda+0x000000001722e4e8
instanceKlass  @bci org/openqa/selenium/json/JsonTypeCoercer <init> (Ljava/util/stream/Stream;)V 309 <appendix> argL0 ; # org/openqa/selenium/json/JsonTypeCoercer$$Lambda+0x000000001722e2b0
instanceKlass  @bci org/openqa/selenium/json/JsonTypeCoercer <init> (Ljava/util/stream/Stream;)V 304 <appendix> argL0 ; # org/openqa/selenium/json/JsonTypeCoercer$$Lambda+0x000000001722e088
instanceKlass  @bci org/openqa/selenium/json/JsonTypeCoercer <init> (Ljava/util/stream/Stream;)V 198 <appendix> argL0 ; # org/openqa/selenium/json/JsonTypeCoercer$$Lambda+0x000000001722cb68
instanceKlass  @bci org/openqa/selenium/json/JsonTypeCoercer <init> (Ljava/util/stream/Stream;)V 177 <appendix> argL0 ; # org/openqa/selenium/json/JsonTypeCoercer$$Lambda+0x000000001722c920
instanceKlass  @bci org/openqa/selenium/json/JsonTypeCoercer <init> (Ljava/util/stream/Stream;)V 156 <appendix> argL0 ; # org/openqa/selenium/json/JsonTypeCoercer$$Lambda+0x000000001722c6d8
instanceKlass  @bci org/openqa/selenium/json/JsonTypeCoercer <init> (Ljava/util/stream/Stream;)V 135 <appendix> argL0 ; # org/openqa/selenium/json/JsonTypeCoercer$$Lambda+0x000000001722c490
instanceKlass  @bci org/openqa/selenium/json/JsonTypeCoercer <init> (Ljava/util/stream/Stream;)V 114 <appendix> argL0 ; # org/openqa/selenium/json/JsonTypeCoercer$$Lambda+0x000000001722c248
instanceKlass  @cpi org/openqa/selenium/json/JsonTypeCoercer 409 form vmentry <vmtarget> ; # java/lang/invoke/LambdaForm$DMH+0x0000000017228400
instanceKlass  @bci org/openqa/selenium/json/JsonTypeCoercer <init> (Ljava/util/stream/Stream;)V 93 <appendix> argL0 ; # org/openqa/selenium/json/JsonTypeCoercer$$Lambda+0x000000001722c000
instanceKlass  @cpi org/openqa/selenium/json/JsonTypeCoercer 406 form vmentry <vmtarget> ; # java/lang/invoke/LambdaForm$DMH+0x0000000017228000
instanceKlass  @bci org/openqa/selenium/json/JsonTypeCoercer <init> (Ljava/util/stream/Stream;)V 72 <appendix> argL0 ; # org/openqa/selenium/json/JsonTypeCoercer$$Lambda+0x0000000017226d68
instanceKlass java/util/RegularEnumSet$EnumSetIterator
instanceKlass  @bci org/openqa/selenium/json/JsonTypeCoercer <init> (Ljava/util/stream/Stream;)V 20 <appendix> argL0 ; # org/openqa/selenium/json/JsonTypeCoercer$$Lambda+0x0000000017227d30
instanceKlass org/openqa/selenium/json/TypeCoercer
instanceKlass org/openqa/selenium/json/JsonTypeCoercer
instanceKlass org/openqa/selenium/json/TypeToken
instanceKlass org/openqa/selenium/json/Json
instanceKlass javax/management/openmbean/CompositeDataSupport
# instanceKlass java/lang/invoke/LambdaForm$MH+0x0000000017226400
# instanceKlass java/lang/invoke/LambdaForm$MH+0x0000000017226000
# instanceKlass java/lang/invoke/LambdaForm$BMH+0x0000000017225c00
# instanceKlass java/lang/invoke/LambdaForm$DMH+0x0000000017225800
# instanceKlass java/lang/invoke/LambdaForm$DMH+0x0000000017225400
instanceKlass  @cpi org/openqa/selenium/json/JsonTypeCoercer 423 form vmentry <vmtarget> ; # java/lang/invoke/LambdaForm$DMH+0x0000000017225000
instanceKlass  @bci org/openqa/selenium/os/ExternalProcess$Builder start ()Lorg/openqa/selenium/os/ExternalProcess; 68 <appendix> member <vmtarget> ; # org/openqa/selenium/os/ExternalProcess$Builder$$Lambda+0x0000000017223828
instanceKlass  @bci java/lang/ProcessHandleImpl initReaper ()Ljava/util/concurrent/Executor; 45 <appendix> member <vmtarget> ; # java/lang/ProcessHandleImpl$$Lambda+0x00000000171daf50
instanceKlass  @cpi java/lang/ProcessHandleImpl 358 form vmentry <vmtarget> ; # java/lang/invoke/LambdaForm$DMH+0x0000000017224c00
# instanceKlass java/lang/invoke/LambdaForm$DMH+0x0000000017224800
instanceKlass java/util/concurrent/CompletableFuture
instanceKlass java/util/concurrent/CompletionStage
instanceKlass java/lang/ProcessHandleImpl
instanceKlass  @bci java/lang/ProcessHandleImpl initReaper ()Ljava/util/concurrent/Executor; 45 <appendix> form vmentry <vmtarget> ; # java/lang/invoke/LambdaForm$DMH+0x0000000017224400
instanceKlass  @bci java/lang/ProcessImpl <init> ([Ljava/lang/String;Ljava/lang/String;Ljava/lang/String;[JZZ)V 228 <appendix> member <vmtarget> ; # java/lang/ProcessImpl$$Lambda+0x00000000171d99f8
instanceKlass  @cpi java/lang/ProcessImpl 623 form vmentry <vmtarget> ; # java/lang/invoke/LambdaForm$DMH+0x0000000017224000
instanceKlass java/lang/ProcessHandle
instanceKlass java/lang/Process
instanceKlass java/lang/ProcessBuilder
instanceKlass org/openqa/selenium/os/ExternalProcess$Builder
instanceKlass org/openqa/selenium/os/ExternalProcess
instanceKlass java/nio/file/FileStore
instanceKlass sun/nio/fs/WindowsSecurity
instanceKlass sun/nio/fs/AbstractAclFileAttributeView
instanceKlass java/nio/file/attribute/AclFileAttributeView
instanceKlass java/nio/file/attribute/FileOwnerAttributeView
instanceKlass sun/nio/fs/WindowsLinkSupport
instanceKlass sun/nio/fs/WindowsFileSystemProvider$1
instanceKlass org/openqa/selenium/Proxy
instanceKlass  @bci org/openqa/selenium/chromium/ChromiumOptions getExtraCapability (Ljava/lang/String;)Ljava/lang/Object; 87 <appendix> argL0 ; # org/openqa/selenium/chromium/ChromiumOptions$$Lambda+0x0000000017222930
instanceKlass  @bci org/openqa/selenium/remote/AbstractDriverOptions asMap ()Ljava/util/Map; 18 <appendix> member <vmtarget> ; # org/openqa/selenium/remote/AbstractDriverOptions$$Lambda+0x00000000172226f0
instanceKlass java/util/Collections$UnmodifiableMap$UnmodifiableEntrySet$UnmodifiableEntry
instanceKlass java/util/Collections$UnmodifiableMap$UnmodifiableEntrySet$1
instanceKlass org/openqa/selenium/manager/SeleniumManagerOutput$Result
instanceKlass java/lang/Thread$ThreadNumbering
instanceKlass  @bci org/openqa/selenium/manager/SeleniumManager <init> ()V 94 <appendix> member <vmtarget> ; # org/openqa/selenium/manager/SeleniumManager$$Lambda+0x0000000017222288
instanceKlass java/lang/ProcessEnvironment$CheckedEntry
instanceKlass java/lang/ProcessEnvironment$CheckedEntrySet$1
instanceKlass java/lang/ProcessEnvironment$EntryComparator
instanceKlass java/lang/ProcessEnvironment$NameComparator
instanceKlass org/openqa/selenium/manager/SeleniumManager
instanceKlass org/openqa/selenium/remote/service/DriverFinder
instanceKlass org/openqa/selenium/BuildInfo
instanceKlass org/openqa/selenium/remote/http/AddSeleniumUserAgent
instanceKlass  @bci org/openqa/selenium/internal/Debug <clinit> ()V 13 <appendix> argL0 ; # org/openqa/selenium/internal/Debug$$Lambda+0x00000000172211e0
instanceKlass  @bci sun/management/spi/PlatformMBeanProvider$PlatformComponent getMBeans (Ljava/lang/Class;)Ljava/util/List; 63 <appendix> member <vmtarget> ; # sun/management/spi/PlatformMBeanProvider$PlatformComponent$$Lambda+0x00000000171d4570
instanceKlass  @bci sun/management/spi/PlatformMBeanProvider$PlatformComponent getMBeans (Ljava/lang/Class;)Ljava/util/List; 47 <appendix> member <vmtarget> ; # sun/management/spi/PlatformMBeanProvider$PlatformComponent$$Lambda+0x00000000171d4310
instanceKlass java/util/stream/ReduceOps$2ReducingSink
instanceKlass  @bci java/lang/management/ManagementFactory$PlatformMBeanFinder findSingleton (Ljava/lang/Class;)Lsun/management/spi/PlatformMBeanProvider$PlatformComponent; 30 <appendix> member <vmtarget> ; # java/lang/management/ManagementFactory$PlatformMBeanFinder$$Lambda+0x00000000171d3b00
instanceKlass  @bci java/lang/management/ManagementFactory$PlatformMBeanFinder findSingleton (Ljava/lang/Class;)Lsun/management/spi/PlatformMBeanProvider$PlatformComponent; 19 <appendix> member <vmtarget> ; # java/lang/management/ManagementFactory$PlatformMBeanFinder$$Lambda+0x00000000171d38a0
instanceKlass org/openqa/selenium/internal/Debug
instanceKlass org/openqa/selenium/remote/http/Routable
instanceKlass org/openqa/selenium/remote/http/HttpHandler
instanceKlass org/openqa/selenium/remote/http/RetryRequest
instanceKlass org/openqa/selenium/remote/http/Filter
instanceKlass org/openqa/selenium/remote/http/ClientConfig
instanceKlass org/openqa/selenium/SharedCapabilitiesMethods
instanceKlass  @bci org/openqa/selenium/remote/Browser <clinit> ()V 62 <appendix> argL0 ; # org/openqa/selenium/remote/Browser$$Lambda+0x0000000017220000
instanceKlass org/openqa/selenium/remote/Browser$3
instanceKlass  @bci org/openqa/selenium/remote/Browser <clinit> ()V 44 <appendix> argL0 ; # org/openqa/selenium/remote/Browser$$Lambda+0x000000001721f9e8
instanceKlass  @bci org/openqa/selenium/remote/Browser <clinit> ()V 36 <appendix> argL0 ; # org/openqa/selenium/remote/Browser$$Lambda+0x000000001721f790
instanceKlass  @bci org/openqa/selenium/remote/Browser <clinit> ()V 28 <appendix> argL0 ; # org/openqa/selenium/remote/Browser$$Lambda+0x000000001721f538
instanceKlass  @bci org/openqa/selenium/remote/Browser <clinit> ()V 20 <appendix> argL0 ; # org/openqa/selenium/remote/Browser$$Lambda+0x000000001721f2e0
instanceKlass org/openqa/selenium/remote/Browser$2
instanceKlass org/openqa/selenium/remote/Browser$1
instanceKlass org/openqa/selenium/remote/Browser
instanceKlass org/openqa/selenium/MutableCapabilities
instanceKlass org/openqa/selenium/internal/Require
instanceKlass java/net/spi/URLStreamHandlerProvider
instanceKlass  @bci java/net/URL lookupViaProviders (Ljava/lang/String;)Ljava/net/URLStreamHandler; 31 <appendix> member <vmtarget> ; # java/net/URL$$Lambda+0x00000000171d24a8
instanceKlass java/lang/ScopedValue$CallableOp
instanceKlass java/lang/ScopedValue$Carrier
instanceKlass java/lang/ScopedValue$Snapshot
instanceKlass java/util/concurrent/LinkedBlockingQueue$Node
instanceKlass  @bci org/openqa/selenium/remote/service/DriverService <init> (Ljava/io/File;ILjava/time/Duration;Ljava/util/List;Ljava/util/Map;)V 6 <appendix> argL0 ; # org/openqa/selenium/remote/service/DriverService$$Lambda+0x000000001721da30
instanceKlass java/util/Locale$Builder
instanceKlass sun/util/locale/provider/CalendarDataUtility
instanceKlass java/text/DecimalFormatSymbols
instanceKlass org/openqa/selenium/net/FixedIANAPortRange
instanceKlass org/openqa/selenium/net/EphemeralPortRangeDetector
instanceKlass org/openqa/selenium/net/PortProber
instanceKlass org/openqa/selenium/remote/service/DriverService$Builder
instanceKlass  @bci org/openqa/selenium/chromium/ChromiumDriver <clinit> ()V 0 <appendix> argL0 ; # org/openqa/selenium/chromium/ChromiumDriver$$Lambda+0x0000000017218000
instanceKlass org/openqa/selenium/remote/service/DriverService
instanceKlass org/openqa/selenium/devtools/CdpInfo
instanceKlass org/openqa/selenium/remote/Network
instanceKlass org/openqa/selenium/federatedcredentialmanagement/FederatedCredentialManagementDialog
instanceKlass org/openqa/selenium/virtualauthenticator/VirtualAuthenticator
instanceKlass org/openqa/selenium/remote/CommandExecutor
instanceKlass org/openqa/selenium/remote/http/HttpClient$Factory
instanceKlass org/openqa/selenium/remote/tracing/Tracer
instanceKlass org/openqa/selenium/WebDriver$Navigation
instanceKlass org/openqa/selenium/WebDriver$TargetLocator
instanceKlass org/openqa/selenium/WebDriver$Options
instanceKlass org/openqa/selenium/remote/Script
instanceKlass org/openqa/selenium/logging/Logs
instanceKlass org/openqa/selenium/remote/ExecuteMethod
instanceKlass org/openqa/selenium/Capabilities
instanceKlass org/openqa/selenium/remote/FileDetector
instanceKlass org/openqa/selenium/ScriptKey
instanceKlass org/openqa/selenium/remote/RemoteWebDriver
instanceKlass org/openqa/selenium/TakesScreenshot
instanceKlass org/openqa/selenium/PrintsPage
instanceKlass org/openqa/selenium/interactions/Interactive
instanceKlass org/openqa/selenium/virtualauthenticator/HasVirtualAuthenticator
instanceKlass org/openqa/selenium/federatedcredentialmanagement/HasFederatedCredentialManagement
instanceKlass org/openqa/selenium/HasDownloads
instanceKlass org/openqa/selenium/HasCapabilities
instanceKlass org/openqa/selenium/JavascriptExecutor
instanceKlass org/openqa/selenium/chromium/HasPermissions
instanceKlass org/openqa/selenium/chromium/HasNetworkConditions
instanceKlass org/openqa/selenium/logging/HasLogEvents
instanceKlass org/openqa/selenium/chromium/HasLaunchApp
instanceKlass org/openqa/selenium/devtools/HasDevTools
instanceKlass org/openqa/selenium/chromium/HasCdp
instanceKlass org/openqa/selenium/chromium/HasCasting
instanceKlass org/openqa/selenium/bidi/HasBiDi
instanceKlass org/openqa/selenium/HasAuthentication
# instanceKlass java/lang/invoke/LambdaForm$MH+0x0000000017210800
# instanceKlass java/lang/invoke/LambdaForm$MH+0x0000000017210400
instanceKlass  @cpi java/security/spec/EncodedKeySpec 79 form vmentry <vmtarget> ; # java/lang/invoke/LambdaForm$DMH+0x0000000017210000
instanceKlass  @bci org/junit/platform/commons/util/ReflectionUtils invokeMethod (Ljava/lang/reflect/Method;Ljava/lang/Object;[Ljava/lang/Object;)Ljava/lang/Object; 25 <appendix> member <vmtarget> ; # org/junit/platform/commons/util/ReflectionUtils$$Lambda+0x000000001720f410
instanceKlass  @bci org/junit/jupiter/engine/extension/TimeoutConfiguration getDefaultLifecycleMethodTimeout ()Ljava/util/Optional; 4 <appendix> member <vmtarget> ; # org/junit/jupiter/engine/extension/TimeoutConfiguration$$Lambda+0x000000001720f1e0
instanceKlass  @bci org/junit/jupiter/engine/extension/TimeoutConfiguration lambda$parseTimeoutDuration$2 (Ljava/lang/String;)Ljava/util/Optional; 12 <appendix> member <vmtarget> ; # org/junit/jupiter/engine/extension/TimeoutConfiguration$$Lambda+0x000000001720ef90
instanceKlass  @bci org/junit/jupiter/engine/extension/TimeoutConfiguration parseTimeoutDuration (Ljava/lang/String;)Ljava/util/Optional; 6 <appendix> member <vmtarget> ; # org/junit/jupiter/engine/extension/TimeoutConfiguration$$Lambda+0x000000001720ed40
instanceKlass  @bci org/junit/jupiter/engine/extension/TimeoutConfiguration getDefaultBeforeEachMethodTimeout ()Ljava/util/Optional; 4 <appendix> member <vmtarget> ; # org/junit/jupiter/engine/extension/TimeoutConfiguration$$Lambda+0x000000001720eb10
instanceKlass  @bci java/util/regex/Pattern SingleU (I)Ljava/util/regex/Pattern$CharPredicate; 1 <appendix> member <vmtarget> ; # java/util/regex/Pattern$$Lambda+0x00000000171d0a50
instanceKlass  @bci java/util/regex/Pattern CIRangeU (II)Ljava/util/regex/Pattern$CharPredicate; 13 <appendix> member <vmtarget> ; # java/util/regex/Pattern$$Lambda+0x00000000171d00f8
instanceKlass java/util/stream/Nodes$IntArrayNode
instanceKlass  @bci java/util/stream/IntPipeline toArray ()[I 1 <appendix> argL0 ; # java/util/stream/IntPipeline$$Lambda+0x00000000171cf290
instanceKlass java/util/stream/IntStream$Builder
instanceKlass  @bci jdk/internal/lang/CaseFolding <clinit> ()V 1171 <appendix> argL0 ; # jdk/internal/lang/CaseFolding$$Lambda+0x00000000171cdf18
instanceKlass jdk/internal/lang/CaseFolding
instanceKlass org/junit/jupiter/engine/extension/TimeoutDurationParser
instanceKlass  @bci org/junit/jupiter/engine/extension/TimeoutExtension getGlobalTimeoutConfiguration (Lorg/junit/jupiter/api/extension/ExtensionContext;)Lorg/junit/jupiter/engine/extension/TimeoutConfiguration; 19 <appendix> member <vmtarget> ; # org/junit/jupiter/engine/extension/TimeoutExtension$$Lambda+0x000000001720e6a8
instanceKlass  @bci org/junit/jupiter/engine/extension/TimeoutExtension interceptBeforeEachMethod (Lorg/junit/jupiter/api/extension/InvocationInterceptor$Invocation;Lorg/junit/jupiter/api/extension/ReflectiveInvocationContext;Lorg/junit/jupiter/api/extension/ExtensionContext;)V 4 <appendix> argL0 ; # org/junit/jupiter/engine/extension/TimeoutExtension$$Lambda+0x000000001720e448
instanceKlass org/junit/jupiter/engine/extension/TimeoutConfiguration
instanceKlass org/junit/jupiter/engine/extension/TimeoutExtension$TimeoutProvider
instanceKlass  @bci org/junit/jupiter/engine/execution/InterceptingExecutableInvoker invoke (Lorg/junit/jupiter/api/extension/InvocationInterceptor$Invocation;Lorg/junit/jupiter/api/extension/ReflectiveInvocationContext;Lorg/junit/jupiter/api/extension/ExtensionContext;Lorg/junit/jupiter/engine/extension/ExtensionRegistry;Lorg/junit/jupiter/engine/execution/InterceptingExecutableInvoker$ReflectiveInterceptorCall;)Ljava/lang/Object; 10 <appendix> member <vmtarget> ; # org/junit/jupiter/engine/execution/InterceptingExecutableInvoker$$Lambda+0x000000001720ddb8
instanceKlass org/junit/jupiter/engine/execution/MethodInvocation
instanceKlass  @bci org/junit/jupiter/engine/execution/ParameterResolutionUtils resolveParameters (Ljava/lang/reflect/Executable;Ljava/util/Optional;Ljava/util/Optional;Lorg/junit/jupiter/api/extension/ExtensionContext;Lorg/junit/jupiter/engine/extension/ExtensionRegistry;)[Ljava/lang/Object; 4 <appendix> member <vmtarget> ; # org/junit/jupiter/engine/execution/ParameterResolutionUtils$$Lambda+0x000000001720d8e8
instanceKlass  @bci org/junit/jupiter/engine/descriptor/ClassBasedTestDescriptor invokeMethodInExtensionContext (Ljava/lang/reflect/Method;Lorg/junit/jupiter/api/extension/ExtensionContext;Lorg/junit/jupiter/engine/extension/ExtensionRegistry;Lorg/junit/jupiter/engine/execution/InterceptingExecutableInvoker$ReflectiveInterceptorCall$VoidMethodInterceptorCall;)V 20 <appendix> member <vmtarget> ; # org/junit/jupiter/engine/descriptor/ClassBasedTestDescriptor$$Lambda+0x000000001720d6b8
instanceKlass  @bci org/junit/jupiter/engine/descriptor/ClassBasedTestDescriptor lambda$synthesizeBeforeEachMethodAdapter$20 (Ljava/lang/reflect/Method;Lorg/junit/jupiter/api/extension/ExtensionContext;Lorg/junit/jupiter/engine/extension/ExtensionRegistry;)V 4 <appendix> argL0 ; # org/junit/jupiter/engine/descriptor/ClassBasedTestDescriptor$$Lambda+0x000000001720d490
instanceKlass  @bci org/junit/jupiter/engine/descriptor/TestMethodTestDescriptor invokeBeforeEachMethods (Lorg/junit/jupiter/engine/execution/JupiterEngineExecutionContext;)V 10 <appendix> member <vmtarget> ; # org/junit/jupiter/engine/descriptor/TestMethodTestDescriptor$$Lambda+0x000000001720d260
instanceKlass  @bci org/junit/jupiter/engine/extension/TempDirectory injectInstanceFields (Lorg/junit/jupiter/api/extension/ExtensionContext;Ljava/lang/Object;)V 14 <appendix> argL0 ; # org/junit/jupiter/engine/extension/TempDirectory$$Lambda+0x000000001720d008
instanceKlass  @bci org/junit/jupiter/engine/extension/TempDirectory beforeEach (Lorg/junit/jupiter/api/extension/ExtensionContext;)V 17 <appendix> member <vmtarget> ; # org/junit/jupiter/engine/extension/TempDirectory$$Lambda+0x000000001720cdc8
instanceKlass  @bci org/junit/platform/engine/support/store/NamespacedHierarchicalStore put (Ljava/lang/Object;Ljava/lang/Object;Ljava/lang/Object;)Ljava/lang/Object; 20 <appendix> member <vmtarget> ; # org/junit/platform/engine/support/store/NamespacedHierarchicalStore$$Lambda+0x000000001720cb98
instanceKlass  @bci org/junit/jupiter/engine/execution/NamespaceAwareStore put (Ljava/lang/Object;Ljava/lang/Object;)V 11 <appendix> member <vmtarget> ; # org/junit/jupiter/engine/execution/NamespaceAwareStore$$Lambda+0x000000001720c968
instanceKlass org/junit/jupiter/engine/extension/TempDirectory$FailureTracker
instanceKlass org/junit/jupiter/api/extension/ExtensionContext$Store$CloseableResource
instanceKlass  @bci org/junit/jupiter/engine/descriptor/TestMethodTestDescriptor invokeBeforeEachCallbacks (Lorg/junit/jupiter/engine/execution/JupiterEngineExecutionContext;)V 3 <appendix> argL0 ; # org/junit/jupiter/engine/descriptor/TestMethodTestDescriptor$$Lambda+0x000000001720c2e8
instanceKlass  @bci org/junit/jupiter/engine/descriptor/ClassBasedTestDescriptor invokeTestInstancePostProcessors (Ljava/lang/Object;Lorg/junit/jupiter/engine/extension/ExtensionRegistry;Lorg/junit/jupiter/engine/execution/ExtensionContextSupplier;)V 12 <appendix> member <vmtarget> ; # org/junit/jupiter/engine/descriptor/ClassBasedTestDescriptor$$Lambda+0x000000001720c0a8
instanceKlass org/junit/jupiter/api/extension/TestInstancePostProcessor
instanceKlass  @bci org/junit/jupiter/engine/descriptor/ClassBasedTestDescriptor instantiateAndPostProcessTestInstance (Lorg/junit/jupiter/engine/execution/JupiterEngineExecutionContext;Lorg/junit/jupiter/engine/descriptor/ClassExtensionContext;Lorg/junit/jupiter/engine/extension/ExtensionRegistry;Lorg/junit/jupiter/engine/execution/JupiterEngineExecutionContext;)Lorg/junit/jupiter/api/extension/TestInstances; 40 <appendix> member <vmtarget> ; # org/junit/jupiter/engine/descriptor/ClassBasedTestDescriptor$$Lambda+0x000000001720bc70
instanceKlass  @bci org/junit/jupiter/engine/descriptor/ClassBasedTestDescriptor instantiateTestClass (Ljava/util/Optional;Lorg/junit/jupiter/engine/extension/ExtensionRegistry;Lorg/junit/jupiter/engine/execution/ExtensionContextSupplier;)Lorg/junit/jupiter/api/extension/TestInstances; 60 <appendix> member <vmtarget> ; # org/junit/jupiter/engine/descriptor/ClassBasedTestDescriptor$$Lambda+0x000000001720ba20
instanceKlass org/junit/jupiter/engine/execution/DefaultTestInstances
instanceKlass org/junit/jupiter/engine/execution/InvocationInterceptorChain$InterceptedInvocation
instanceKlass org/junit/jupiter/engine/execution/InvocationInterceptorChain$ValidatingInvocation
instanceKlass  @bci org/junit/jupiter/engine/execution/InterceptingExecutableInvoker invoke (Lorg/junit/jupiter/api/extension/InvocationInterceptor$Invocation;Lorg/junit/jupiter/api/extension/ReflectiveInvocationContext;Lorg/junit/jupiter/engine/execution/ExtensionContextSupplier;Lorg/junit/jupiter/engine/extension/ExtensionRegistry;Lorg/junit/jupiter/engine/execution/InterceptingExecutableInvoker$ReflectiveInterceptorCall;)Ljava/lang/Object; 10 <appendix> member <vmtarget> ; # org/junit/jupiter/engine/execution/InterceptingExecutableInvoker$$Lambda+0x000000001720b0f0
instanceKlass org/junit/jupiter/engine/execution/InvocationInterceptorChain$InterceptorCall
instanceKlass org/junit/jupiter/engine/execution/ConstructorInvocation
instanceKlass org/junit/jupiter/api/extension/ParameterContext
instanceKlass org/junit/jupiter/engine/execution/ParameterResolutionUtils
instanceKlass  @bci org/junit/jupiter/engine/descriptor/ClassBasedTestDescriptor invokeTestClassConstructor (Ljava/util/Optional;Lorg/junit/jupiter/engine/extension/ExtensionRegistry;Lorg/junit/jupiter/engine/execution/ExtensionContextSupplier;)Ljava/lang/Object; 17 <appendix> argL0 ; # org/junit/jupiter/engine/descriptor/ClassBasedTestDescriptor$$Lambda+0x000000001720a3a0
instanceKlass  @bci org/junit/jupiter/engine/descriptor/ClassBasedTestDescriptor invokeTestInstancePreConstructCallbacks (Lorg/junit/jupiter/api/extension/TestInstanceFactoryContext;Lorg/junit/jupiter/engine/extension/ExtensionRegistry;Lorg/junit/jupiter/engine/execution/ExtensionContextSupplier;)V 12 <appendix> member <vmtarget> ; # org/junit/jupiter/engine/descriptor/ClassBasedTestDescriptor$$Lambda+0x000000001720a160
instanceKlass org/junit/jupiter/api/extension/TestInstancePreConstructCallback
instanceKlass org/junit/jupiter/engine/descriptor/DefaultTestInstanceFactoryContext
instanceKlass  @bci org/junit/jupiter/engine/descriptor/ClassBasedTestDescriptor instantiateTestClass (Ljava/util/Optional;Lorg/junit/jupiter/engine/extension/ExtensionRegistry;Lorg/junit/jupiter/engine/execution/ExtensionContextSupplier;)Lorg/junit/jupiter/api/extension/TestInstances; 1 <appendix> argL0 ; # org/junit/jupiter/engine/descriptor/ClassBasedTestDescriptor$$Lambda+0x0000000017209ac8
instanceKlass org/junit/jupiter/engine/execution/ExtensionContextSupplier$ScopeBasedExtensionContextSupplier
instanceKlass  @bci org/junit/jupiter/engine/config/CachingJupiterConfiguration getDefaultTestInstantiationExtensionContextScope ()Lorg/junit/jupiter/api/extension/TestInstantiationAwareExtension$ExtensionContextScope; 7 <appendix> member <vmtarget> ; # org/junit/jupiter/engine/config/CachingJupiterConfiguration$$Lambda+0x0000000017209440
instanceKlass org/junit/jupiter/engine/execution/ExtensionContextSupplier
instanceKlass  @bci org/junit/jupiter/engine/descriptor/ClassBasedTestDescriptor lambda$testInstancesProvider$7 (Lorg/junit/jupiter/engine/descriptor/ClassExtensionContext;Lorg/junit/jupiter/engine/execution/JupiterEngineExecutionContext;Lorg/junit/jupiter/engine/extension/ExtensionRegistry;Lorg/junit/jupiter/engine/execution/JupiterEngineExecutionContext;)Lorg/junit/jupiter/api/extension/TestInstances; 10 <appendix> member <vmtarget> ; # org/junit/jupiter/engine/descriptor/ClassBasedTestDescriptor$$Lambda+0x0000000017209008
instanceKlass  @bci org/junit/jupiter/engine/descriptor/TestMethodTestDescriptor prepare (Lorg/junit/jupiter/engine/execution/JupiterEngineExecutionContext;)Lorg/junit/jupiter/engine/execution/JupiterEngineExecutionContext; 66 <appendix> member <vmtarget> ; # org/junit/jupiter/engine/descriptor/TestMethodTestDescriptor$$Lambda+0x0000000017208dd8
instanceKlass  @bci org/junit/jupiter/engine/descriptor/ClassExtensionContext getTestInstance ()Ljava/util/Optional; 4 <appendix> argL0 ; # org/junit/jupiter/engine/descriptor/ClassExtensionContext$$Lambda+0x00000000172086a8
instanceKlass  @bci org/junit/jupiter/engine/extension/TempDirectory injectFields (Lorg/junit/jupiter/api/extension/ExtensionContext;Ljava/lang/Object;Ljava/lang/Class;Ljava/util/function/Predicate;)V 20 <appendix> member <vmtarget> ; # org/junit/jupiter/engine/extension/TempDirectory$$Lambda+0x0000000017208468
instanceKlass  @bci org/junit/platform/commons/util/AnnotationUtils findAnnotatedFields (Ljava/lang/Class;Ljava/lang/Class;Ljava/util/function/Predicate;Lorg/junit/platform/commons/util/ReflectionUtils$HierarchyTraversalMode;)Ljava/util/List; 23 <appendix> member <vmtarget> ; # org/junit/platform/commons/util/AnnotationUtils$$Lambda+0x0000000017208208
instanceKlass org/junit/jupiter/api/io/TempDir
instanceKlass org/junit/platform/engine/support/store/NamespacedHierarchicalStore$MemoizingSupplier$Failure
instanceKlass  @bci org/junit/jupiter/engine/extension/TempDirectory lambda$getScope$6 (Lorg/junit/jupiter/api/extension/ExtensionContext;Ljava/lang/Class;)Lorg/junit/jupiter/engine/extension/TempDirectory$Scope; 21 <appendix> member <vmtarget> ; # org/junit/jupiter/engine/extension/TempDirectory$$Lambda+0x0000000017207870
instanceKlass  @bci org/junit/platform/engine/support/store/NamespacedHierarchicalStore lambda$getOrComputeIfAbsent$6 (Ljava/util/function/Function;Ljava/lang/Object;Lorg/junit/platform/engine/support/store/NamespacedHierarchicalStore$CompositeKey;)Lorg/junit/platform/engine/support/store/NamespacedHierarchicalStore$StoredValue; 8 <appendix> member <vmtarget> ; # org/junit/platform/engine/support/store/NamespacedHierarchicalStore$$Lambda+0x0000000017207640
instanceKlass org/junit/platform/engine/support/store/NamespacedHierarchicalStore$MemoizingSupplier
instanceKlass  @bci org/junit/platform/engine/support/store/NamespacedHierarchicalStore getOrComputeIfAbsent (Ljava/lang/Object;Ljava/lang/Object;Ljava/util/function/Function;)Ljava/lang/Object; 41 <appendix> member <vmtarget> ; # org/junit/platform/engine/support/store/NamespacedHierarchicalStore$$Lambda+0x00000000172071b8
instanceKlass org/junit/platform/engine/support/store/NamespacedHierarchicalStore$StoredValue
instanceKlass org/junit/platform/engine/support/store/NamespacedHierarchicalStore$CompositeKey
instanceKlass  @bci org/junit/jupiter/engine/execution/NamespaceAwareStore getOrComputeIfAbsent (Ljava/lang/Object;Ljava/util/function/Function;Ljava/lang/Class;)Ljava/lang/Object; 26 <appendix> member <vmtarget> ; # org/junit/jupiter/engine/execution/NamespaceAwareStore$$Lambda+0x0000000017206b58
instanceKlass  @bci org/junit/jupiter/engine/extension/TempDirectory getScope (Lorg/junit/jupiter/api/extension/ExtensionContext;)Lorg/junit/jupiter/engine/extension/TempDirectory$Scope; 17 <appendix> member <vmtarget> ; # org/junit/jupiter/engine/extension/TempDirectory$$Lambda+0x0000000017206908
instanceKlass  @bci org/junit/jupiter/engine/extension/TempDirectory injectStaticFields (Lorg/junit/jupiter/api/extension/ExtensionContext;Ljava/lang/Class;)V 4 <appendix> argL0 ; # org/junit/jupiter/engine/extension/TempDirectory$$Lambda+0x00000000172066b0
instanceKlass  @bci org/junit/jupiter/engine/extension/TempDirectory installFailureTracker (Lorg/junit/jupiter/api/extension/ExtensionContext;)V 16 <appendix> member <vmtarget> ; # org/junit/jupiter/engine/extension/TempDirectory$$Lambda+0x0000000017206470
instanceKlass  @bci org/junit/jupiter/engine/extension/TempDirectory installFailureTracker (Lorg/junit/jupiter/api/extension/ExtensionContext;)V 7 <appendix> member <vmtarget> ; # org/junit/jupiter/engine/extension/TempDirectory$$Lambda+0x0000000017206210
instanceKlass  @bci org/junit/jupiter/engine/extension/TimeoutExtension readAndStoreTimeoutSoChildrenInheritIt (Lorg/junit/jupiter/api/extension/ExtensionContext;)V 30 <appendix> member <vmtarget> ; # org/junit/jupiter/engine/extension/TimeoutExtension$$Lambda+0x0000000017205fd0
instanceKlass  @bci org/junit/jupiter/engine/extension/TimeoutExtension readTimeoutThreadModeFromAnnotation (Ljava/util/Optional;)Ljava/util/Optional; 6 <appendix> argL0 ; # org/junit/jupiter/engine/extension/TimeoutExtension$$Lambda+0x0000000017205d88
instanceKlass  @bci org/junit/jupiter/engine/extension/TimeoutExtension readAndStoreTimeoutSoChildrenInheritIt (Lorg/junit/jupiter/api/extension/ExtensionContext;)V 11 <appendix> member <vmtarget> ; # org/junit/jupiter/engine/extension/TimeoutExtension$$Lambda+0x00000000172058f8
instanceKlass  @bci org/junit/jupiter/engine/extension/TimeoutExtension readTimeoutFromAnnotation (Ljava/util/Optional;)Ljava/util/Optional; 6 <appendix> argL0 ; # org/junit/jupiter/engine/extension/TimeoutExtension$$Lambda+0x00000000172056b0
instanceKlass org/junit/jupiter/engine/extension/TimeoutDuration
instanceKlass  @bci org/junit/jupiter/engine/descriptor/CallbackSupport invokeBeforeCallbacks (Ljava/lang/Class;Lorg/junit/jupiter/engine/execution/JupiterEngineExecutionContext;Lorg/junit/jupiter/engine/descriptor/CallbackSupport$CallbackInvoker;)V 60 <appendix> member <vmtarget> ; # org/junit/jupiter/engine/descriptor/CallbackSupport$$Lambda+0x0000000017205250
instanceKlass org/junit/jupiter/engine/descriptor/CallbackSupport
instanceKlass  @bci org/junit/jupiter/engine/descriptor/ClassBasedTestDescriptor invokeBeforeAllCallbacks (Lorg/junit/jupiter/engine/execution/JupiterEngineExecutionContext;)V 4 <appendix> argL0 ; # org/junit/jupiter/engine/descriptor/ClassBasedTestDescriptor$$Lambda+0x0000000017204e18
instanceKlass org/junit/jupiter/engine/descriptor/CallbackSupport$CallbackInvoker
instanceKlass  @bci org/junit/jupiter/engine/execution/ConditionEvaluator logResult (Ljava/lang/Class;Lorg/junit/jupiter/api/extension/ConditionEvaluationResult;Lorg/junit/jupiter/api/extension/ExtensionContext;)V 6 <appendix> member <vmtarget> ; # org/junit/jupiter/engine/execution/ConditionEvaluator$$Lambda+0x00000000172049e0
instanceKlass  @bci org/junit/jupiter/engine/extension/DisabledCondition evaluateExecutionCondition (Lorg/junit/jupiter/api/extension/ExtensionContext;)Lorg/junit/jupiter/api/extension/ConditionEvaluationResult; 22 <appendix> member <vmtarget> ; # org/junit/jupiter/engine/extension/DisabledCondition$$Lambda+0x0000000017204790
instanceKlass org/junit/jupiter/api/Disabled
instanceKlass  @bci org/junit/jupiter/engine/execution/ConditionEvaluator evaluate (Lorg/junit/jupiter/engine/extension/ExtensionRegistry;Lorg/junit/jupiter/engine/config/JupiterConfiguration;Lorg/junit/jupiter/api/extension/ExtensionContext;)Lorg/junit/jupiter/api/extension/ConditionEvaluationResult; 31 <appendix> argL0 ; # org/junit/jupiter/engine/execution/ConditionEvaluator$$Lambda+0x0000000017204330
instanceKlass  @bci org/junit/jupiter/engine/execution/ConditionEvaluator evaluate (Lorg/junit/jupiter/engine/extension/ExtensionRegistry;Lorg/junit/jupiter/engine/config/JupiterConfiguration;Lorg/junit/jupiter/api/extension/ExtensionContext;)Lorg/junit/jupiter/api/extension/ConditionEvaluationResult; 21 <appendix> member <vmtarget> ; # org/junit/jupiter/engine/execution/ConditionEvaluator$$Lambda+0x00000000172040e0
instanceKlass  @bci org/junit/platform/commons/util/ClassNamePatternFilterUtils matchingClasses (Ljava/lang/String;Ljava/util/function/Function;Lorg/junit/platform/commons/util/ClassNamePatternFilterUtils$FilterType;)Ljava/util/function/Predicate; 37 <appendix> argL0 ; # org/junit/platform/commons/util/ClassNamePatternFilterUtils$$Lambda+0x0000000017203e88
instanceKlass  @bci org/junit/platform/commons/util/ClassNamePatternFilterUtils matchingClasses (Ljava/lang/String;Ljava/util/function/Function;Lorg/junit/platform/commons/util/ClassNamePatternFilterUtils$FilterType;)Ljava/util/function/Predicate; 22 <appendix> member <vmtarget> ; # org/junit/platform/commons/util/ClassNamePatternFilterUtils$$Lambda+0x0000000017203c38
instanceKlass  @bci org/junit/platform/commons/util/ClassNamePatternFilterUtils matchingClasses (Ljava/lang/String;Ljava/util/function/Function;Lorg/junit/platform/commons/util/ClassNamePatternFilterUtils$FilterType;)Ljava/util/function/Predicate; 12 <appendix> argL0 ; # org/junit/platform/commons/util/ClassNamePatternFilterUtils$$Lambda+0x00000000172039f0
instanceKlass  @bci org/junit/platform/commons/util/ClassNamePatternFilterUtils matchingClasses (Ljava/lang/String;Ljava/util/function/Function;Lorg/junit/platform/commons/util/ClassNamePatternFilterUtils$FilterType;)Ljava/util/function/Predicate; 4 <appendix> argL0 ; # org/junit/platform/commons/util/ClassNamePatternFilterUtils$$Lambda+0x0000000017203798
instanceKlass  @bci org/junit/platform/commons/util/ClassNamePatternFilterUtils excludeMatchingClasses (Ljava/lang/String;)Ljava/util/function/Predicate; 1 <appendix> argL0 ; # org/junit/platform/commons/util/ClassNamePatternFilterUtils$$Lambda+0x0000000017203100
instanceKlass  @bci org/junit/jupiter/engine/config/CachingJupiterConfiguration getExecutionConditionFilter ()Ljava/util/function/Predicate; 7 <appendix> member <vmtarget> ; # org/junit/jupiter/engine/config/CachingJupiterConfiguration$$Lambda+0x0000000017202eb0
instanceKlass  @bci org/junit/jupiter/engine/descriptor/ClassBasedTestDescriptor testInstancesProvider (Lorg/junit/jupiter/engine/execution/JupiterEngineExecutionContext;Lorg/junit/jupiter/engine/descriptor/ClassExtensionContext;)Lorg/junit/jupiter/engine/execution/TestInstancesProvider; 3 <appendix> member <vmtarget> ; # org/junit/jupiter/engine/descriptor/ClassBasedTestDescriptor$$Lambda+0x0000000017202c70
instanceKlass org/junit/jupiter/api/extension/TestInstances
instanceKlass org/junit/jupiter/engine/execution/TestInstancesProvider
instanceKlass org/junit/jupiter/api/extension/RegisterExtension
instanceKlass  @bci org/junit/jupiter/engine/descriptor/ExtensionUtils registerExtensionsFromInstanceFields (Lorg/junit/jupiter/engine/extension/ExtensionRegistrar;Ljava/lang/Class;)V 11 <appendix> member <vmtarget> ; # org/junit/jupiter/engine/descriptor/ExtensionUtils$$Lambda+0x0000000017201f30
instanceKlass  @bci org/junit/jupiter/engine/descriptor/ExtensionUtils registerExtensionsFromInstanceFields (Lorg/junit/jupiter/engine/extension/ExtensionRegistrar;Ljava/lang/Class;)V 1 <appendix> argL0 ; # org/junit/jupiter/engine/descriptor/ExtensionUtils$$Lambda+0x0000000017201cd8
instanceKlass  @bci org/junit/jupiter/engine/descriptor/ClassBasedTestDescriptor prepare (Lorg/junit/jupiter/engine/execution/JupiterEngineExecutionContext;)Lorg/junit/jupiter/engine/execution/JupiterEngineExecutionContext; 80 <appendix> member <vmtarget> ; # org/junit/jupiter/engine/descriptor/ClassBasedTestDescriptor$$Lambda+0x0000000017201a98
instanceKlass  @bci org/junit/jupiter/engine/descriptor/ClassBasedTestDescriptor synthesizeAfterEachMethodAdapter (Ljava/lang/reflect/Method;)Lorg/junit/jupiter/engine/execution/AfterEachMethodAdapter; 2 <appendix> member <vmtarget> ; # org/junit/jupiter/engine/descriptor/ClassBasedTestDescriptor$$Lambda+0x0000000017201868
instanceKlass  @bci org/junit/jupiter/engine/descriptor/ClassBasedTestDescriptor registerAfterEachMethodAdapters (Lorg/junit/jupiter/engine/extension/ExtensionRegistrar;)V 23 <appendix> member <vmtarget> ; # org/junit/jupiter/engine/descriptor/ClassBasedTestDescriptor$$Lambda+0x0000000017201618
instanceKlass org/junit/jupiter/engine/execution/AfterEachMethodAdapter
instanceKlass  @bci org/junit/jupiter/engine/descriptor/ClassBasedTestDescriptor synthesizeBeforeEachMethodAdapter (Ljava/lang/reflect/Method;)Lorg/junit/jupiter/engine/execution/BeforeEachMethodAdapter; 2 <appendix> member <vmtarget> ; # org/junit/jupiter/engine/descriptor/ClassBasedTestDescriptor$$Lambda+0x00000000172011e0
instanceKlass  @bci org/junit/jupiter/engine/descriptor/ClassBasedTestDescriptor registerMethodsAsExtensions (Ljava/util/List;Lorg/junit/jupiter/engine/extension/ExtensionRegistrar;Ljava/util/function/Function;)V 3 <appendix> member <vmtarget> ; # org/junit/jupiter/engine/descriptor/ClassBasedTestDescriptor$$Lambda+0x0000000017200fa0
instanceKlass  @bci org/junit/jupiter/engine/descriptor/ClassBasedTestDescriptor registerBeforeEachMethodAdapters (Lorg/junit/jupiter/engine/extension/ExtensionRegistrar;)V 10 <appendix> member <vmtarget> ; # org/junit/jupiter/engine/descriptor/ClassBasedTestDescriptor$$Lambda+0x0000000017200d50
instanceKlass org/junit/jupiter/engine/execution/BeforeEachMethodAdapter
instanceKlass  @bci org/junit/jupiter/engine/descriptor/ClassBasedTestDescriptor prepare (Lorg/junit/jupiter/engine/execution/JupiterEngineExecutionContext;)Lorg/junit/jupiter/engine/execution/JupiterEngineExecutionContext; 52 <appendix> member <vmtarget> ; # org/junit/jupiter/engine/descriptor/ClassBasedTestDescriptor$$Lambda+0x0000000017200908
instanceKlass  @bci org/junit/jupiter/engine/descriptor/ExtensionUtils registerExtensionsFromExecutableParameters (Lorg/junit/jupiter/engine/extension/ExtensionRegistrar;Ljava/lang/reflect/Executable;)V 56 <appendix> member <vmtarget> ; # org/junit/jupiter/engine/descriptor/ExtensionUtils$$Lambda+0x00000000172006c8
instanceKlass  @bci org/junit/jupiter/engine/descriptor/ExtensionUtils registerExtensionsFromExecutableParameters (Lorg/junit/jupiter/engine/extension/ExtensionRegistrar;Ljava/lang/reflect/Executable;)V 40 <appendix> argL0 ; # org/junit/jupiter/engine/descriptor/ExtensionUtils$$Lambda+0x0000000017200480
instanceKlass  @bci org/junit/jupiter/engine/descriptor/ExtensionUtils registerExtensionsFromExecutableParameters (Lorg/junit/jupiter/engine/extension/ExtensionRegistrar;Ljava/lang/reflect/Executable;)V 30 <appendix> member <vmtarget> ; # org/junit/jupiter/engine/descriptor/ExtensionUtils$$Lambda+0x0000000017200230
instanceKlass  @bci org/junit/platform/commons/util/ReflectionUtils getDeclaredConstructor (Ljava/lang/Class;)Ljava/lang/reflect/Constructor; 50 <appendix> member <vmtarget> ; # org/junit/platform/commons/util/ReflectionUtils$$Lambda+0x0000000017200000
instanceKlass  @bci org/junit/platform/commons/util/ReflectionUtils getDeclaredConstructor (Ljava/lang/Class;)Ljava/lang/reflect/Constructor; 24 <appendix> argL0 ; # org/junit/platform/commons/util/ReflectionUtils$$Lambda+0x00000000171bc400
instanceKlass  @bci org/junit/platform/commons/util/ReflectionUtils getDeclaredConstructor (Ljava/lang/Class;)Ljava/lang/reflect/Constructor; 14 <appendix> argL0 ; # org/junit/platform/commons/util/ReflectionUtils$$Lambda+0x00000000171bcc78
instanceKlass  @bci org/junit/jupiter/engine/extension/ExtensionRegistry getExtensions (Ljava/lang/Class;)Ljava/util/List; 7 <appendix> argL0 ; # org/junit/jupiter/engine/extension/ExtensionRegistry$$Lambda+0x00000000171bca50
instanceKlass  @bci org/junit/jupiter/engine/extension/MutableExtensionRegistry stream (Ljava/lang/Class;)Ljava/util/stream/Stream; 41 <appendix> member <vmtarget> ; # org/junit/jupiter/engine/extension/MutableExtensionRegistry$$Lambda+0x00000000171bc800
instanceKlass  @bci org/junit/jupiter/engine/extension/MutableExtensionRegistry stream (Ljava/lang/Class;)Ljava/util/stream/Stream; 25 <appendix> member <vmtarget> ; # org/junit/jupiter/engine/extension/MutableExtensionRegistry$$Lambda+0x00000000171bdd40
instanceKlass  @bci org/junit/jupiter/engine/extension/MutableExtensionRegistry stream (Ljava/lang/Class;)Ljava/util/stream/Stream; 9 <appendix> argL0 ; # org/junit/jupiter/engine/extension/MutableExtensionRegistry$$Lambda+0x00000000171bdaf8
instanceKlass org/junit/jupiter/api/extension/TestInstanceFactory
instanceKlass  @bci java/util/stream/SortedOps$RefSortingSink end ()V 48 <appendix> member <vmtarget> ; # java/util/stream/SortedOps$RefSortingSink$$Lambda+0x00000000171cd6b0
instanceKlass  @bci org/junit/jupiter/engine/descriptor/ExtensionUtils registerExtensionsFromStaticFields (Lorg/junit/jupiter/engine/extension/ExtensionRegistrar;Ljava/lang/Class;)V 10 <appendix> member <vmtarget> ; # org/junit/jupiter/engine/descriptor/ExtensionUtils$$Lambda+0x00000000171bd6b0
instanceKlass java/util/stream/SortedOps
instanceKlass  @bci org/junit/platform/commons/util/ReflectionUtils findAllFieldsInHierarchy (Ljava/lang/Class;Lorg/junit/platform/commons/util/ReflectionUtils$HierarchyTraversalMode;)Ljava/util/List; 104 <appendix> argL0 ; # org/junit/platform/commons/util/ReflectionUtils$$Lambda+0x00000000171bd488
instanceKlass  @bci org/junit/platform/commons/util/ReflectionUtils findAllFieldsInHierarchy (Ljava/lang/Class;Lorg/junit/platform/commons/util/ReflectionUtils$HierarchyTraversalMode;)Ljava/util/List; 94 <appendix> member <vmtarget> ; # org/junit/platform/commons/util/ReflectionUtils$$Lambda+0x00000000171bd228
instanceKlass  @bci org/junit/platform/commons/util/ReflectionUtils findAllFieldsInHierarchy (Ljava/lang/Class;Lorg/junit/platform/commons/util/ReflectionUtils$HierarchyTraversalMode;)Ljava/util/List; 69 <appendix> argL0 ; # org/junit/platform/commons/util/ReflectionUtils$$Lambda+0x00000000171bd000
instanceKlass  @bci org/junit/platform/commons/util/ReflectionUtils findAllFieldsInHierarchy (Ljava/lang/Class;Lorg/junit/platform/commons/util/ReflectionUtils$HierarchyTraversalMode;)Ljava/util/List; 59 <appendix> member <vmtarget> ; # org/junit/platform/commons/util/ReflectionUtils$$Lambda+0x00000000171bfd58
instanceKlass  @bci org/junit/platform/commons/util/ReflectionUtils findAllFieldsInHierarchy (Ljava/lang/Class;Lorg/junit/platform/commons/util/ReflectionUtils$HierarchyTraversalMode;)Ljava/util/List; 34 <appendix> argL0 ; # org/junit/platform/commons/util/ReflectionUtils$$Lambda+0x00000000171bfb30
instanceKlass  @bci org/junit/platform/commons/util/ReflectionUtils findAllFieldsInHierarchy (Ljava/lang/Class;Lorg/junit/platform/commons/util/ReflectionUtils$HierarchyTraversalMode;)Ljava/util/List; 24 <appendix> argL0 ; # org/junit/platform/commons/util/ReflectionUtils$$Lambda+0x00000000171bf8d8
instanceKlass  @bci org/junit/platform/commons/util/ReflectionUtils toSortedMutableList ([Ljava/lang/reflect/Field;)Ljava/util/List; 1 <appendix> argL0 ; # org/junit/platform/commons/util/ReflectionUtils$$Lambda+0x00000000171bf618
instanceKlass  @bci org/junit/jupiter/engine/descriptor/ExtensionUtils registerExtensionsFromStaticFields (Lorg/junit/jupiter/engine/extension/ExtensionRegistrar;Ljava/lang/Class;)V 1 <appendix> argL0 ; # org/junit/jupiter/engine/descriptor/ExtensionUtils$$Lambda+0x00000000171bf3c0
instanceKlass  @bci org/junit/jupiter/engine/extension/MutableExtensionRegistry createRegistryFrom (Lorg/junit/jupiter/engine/extension/MutableExtensionRegistry;Ljava/util/stream/Stream;)Lorg/junit/jupiter/engine/extension/MutableExtensionRegistry; 23 <appendix> member <vmtarget> ; # org/junit/jupiter/engine/extension/MutableExtensionRegistry$$Lambda+0x00000000171bf180
instanceKlass org/junit/jupiter/engine/extension/MutableExtensionRegistry$LateInitEntry
instanceKlass  @bci org/junit/jupiter/engine/descriptor/ExtensionUtils streamDeclarativeExtensionTypes (Ljava/util/List;)Ljava/util/stream/Stream; 16 <appendix> argL0 ; # org/junit/jupiter/engine/descriptor/ExtensionUtils$$Lambda+0x00000000171bece8
instanceKlass  @bci org/junit/jupiter/engine/descriptor/ExtensionUtils streamDeclarativeExtensionTypes (Ljava/util/List;)Ljava/util/stream/Stream; 6 <appendix> argL0 ; # org/junit/jupiter/engine/descriptor/ExtensionUtils$$Lambda+0x00000000171beaa0
instanceKlass org/junit/jupiter/api/extension/Extensions
instanceKlass org/junit/jupiter/api/extension/ExtendWith
instanceKlass  @bci org/junit/jupiter/engine/descriptor/ExtensionUtils <clinit> ()V 11 <appendix> argL0 ; # org/junit/jupiter/engine/descriptor/ExtensionUtils$$Lambda+0x00000000171be438
instanceKlass  @bci java/util/Comparator comparingInt (Ljava/util/function/ToIntFunction;)Ljava/util/Comparator; 6 <appendix> member <vmtarget> ; # java/util/Comparator$$Lambda+0x00000000171cc728
instanceKlass  @bci org/junit/jupiter/engine/descriptor/ExtensionUtils <clinit> ()V 0 <appendix> argL0 ; # org/junit/jupiter/engine/descriptor/ExtensionUtils$$Lambda+0x00000000171be210
instanceKlass java/util/function/ToIntFunction
instanceKlass org/junit/jupiter/engine/descriptor/ExtensionUtils
instanceKlass  @bci org/junit/platform/engine/support/hierarchical/SameThreadHierarchicalTestExecutorService invokeAll (Ljava/util/List;)V 1 <appendix> argL0 ; # org/junit/platform/engine/support/hierarchical/SameThreadHierarchicalTestExecutorService$$Lambda+0x00000000171bbca0
instanceKlass  @bci org/junit/platform/engine/support/hierarchical/NodeTestTask lambda$executeRecursively$6 ()V 98 <appendix> member <vmtarget> ; # org/junit/platform/engine/support/hierarchical/NodeTestTask$$Lambda+0x00000000171bba60
instanceKlass org/junit/platform/engine/support/hierarchical/NodeTestTask$DefaultDynamicTestExecutor
instanceKlass  @bci org/junit/platform/engine/support/hierarchical/NodeTestTask lambda$executeRecursively$6 ()V 25 <appendix> argL0 ; # org/junit/platform/engine/support/hierarchical/NodeTestTask$$Lambda+0x00000000171bb5e0
instanceKlass  @bci org/junit/platform/engine/support/hierarchical/NodeTestTask lambda$executeRecursively$6 ()V 15 <appendix> member <vmtarget> ; # org/junit/platform/engine/support/hierarchical/NodeTestTask$$Lambda+0x00000000171bb390
instanceKlass  @bci org/junit/platform/engine/support/hierarchical/NodeTestTask lambda$executeRecursively$8 (Lorg/junit/platform/engine/support/hierarchical/EngineExecutionContext;)V 10 <appendix> member <vmtarget> ; # org/junit/platform/engine/support/hierarchical/NodeTestTask$$Lambda+0x00000000171bb160
instanceKlass  @bci org/junit/platform/engine/support/hierarchical/NodeTestTask lambda$executeRecursively$9 ()V 9 <appendix> member <vmtarget> ; # org/junit/platform/engine/support/hierarchical/NodeTestTask$$Lambda+0x00000000171baf30
instanceKlass org/junit/platform/engine/support/hierarchical/Node$Invocation
instanceKlass  @bci org/junit/platform/engine/support/hierarchical/NodeTestTask executeRecursively ()V 26 <appendix> member <vmtarget> ; # org/junit/platform/engine/support/hierarchical/NodeTestTask$$Lambda+0x00000000171baaf8
instanceKlass  @bci com/intellij/junit5/JUnit5TestExecutionListener executionStarted (Lorg/junit/platform/launcher/TestIdentifier;)V 20 <appendix> member <vmtarget> ; # com/intellij/junit5/JUnit5TestExecutionListener$$Lambda+0x00000000171ba8b8
instanceKlass  @bci org/junit/platform/launcher/core/CompositeTestExecutionListener executionStarted (Lorg/junit/platform/launcher/TestIdentifier;)V 36 <appendix> member <vmtarget> ; # org/junit/platform/launcher/core/CompositeTestExecutionListener$$Lambda+0x00000000171ba688
instanceKlass  @bci org/junit/platform/launcher/core/CompositeTestExecutionListener executionStarted (Lorg/junit/platform/launcher/TestIdentifier;)V 30 <appendix> member <vmtarget> ; # org/junit/platform/launcher/core/CompositeTestExecutionListener$$Lambda+0x00000000171ba448
instanceKlass  @bci org/junit/platform/launcher/core/CompositeTestExecutionListener executionStarted (Lorg/junit/platform/launcher/TestIdentifier;)V 14 <appendix> member <vmtarget> ; # org/junit/platform/launcher/core/CompositeTestExecutionListener$$Lambda+0x00000000171ba218
instanceKlass  @bci org/junit/platform/launcher/core/CompositeTestExecutionListener executionStarted (Lorg/junit/platform/launcher/TestIdentifier;)V 8 <appendix> member <vmtarget> ; # org/junit/platform/launcher/core/CompositeTestExecutionListener$$Lambda+0x00000000171b9fd8
instanceKlass  @bci org/junit/platform/launcher/core/CompositeEngineExecutionListener notifyEach (Ljava/util/List;Lorg/junit/platform/launcher/core/IterationOrder;Ljava/util/function/Consumer;Ljava/util/function/Supplier;)V 4 <appendix> member <vmtarget> ; # org/junit/platform/launcher/core/CompositeEngineExecutionListener$$Lambda+0x00000000171b9d98
instanceKlass  @bci org/junit/platform/launcher/core/CompositeEngineExecutionListener executionStarted (Lorg/junit/platform/engine/TestDescriptor;)V 14 <appendix> member <vmtarget> ; # org/junit/platform/launcher/core/CompositeEngineExecutionListener$$Lambda+0x00000000171b9b68
instanceKlass  @bci org/junit/platform/launcher/core/CompositeEngineExecutionListener executionStarted (Lorg/junit/platform/engine/TestDescriptor;)V 8 <appendix> member <vmtarget> ; # org/junit/platform/launcher/core/CompositeEngineExecutionListener$$Lambda+0x00000000171b9928
instanceKlass org/junit/platform/engine/support/hierarchical/Node$SkipResult
instanceKlass  @bci org/junit/platform/engine/support/hierarchical/NodeTestTask checkWhetherSkipped ()V 5 <appendix> member <vmtarget> ; # org/junit/platform/engine/support/hierarchical/NodeTestTask$$Lambda+0x00000000171b94d0
instanceKlass org/junit/jupiter/engine/execution/JupiterEngineExecutionContext$Builder
instanceKlass  @bci org/junit/jupiter/engine/descriptor/AbstractExtensionContext createCloseAction ()Lorg/junit/platform/engine/support/store/NamespacedHierarchicalStore$CloseAction; 13 <appendix> member <vmtarget> ; # org/junit/jupiter/engine/descriptor/AbstractExtensionContext$$Lambda+0x00000000171b9060
instanceKlass  @cpi org/junit/jupiter/engine/descriptor/AbstractExtensionContext 581 form vmentry <vmtarget> ; # java/lang/invoke/LambdaForm$DMH+0x00000000171bc000
instanceKlass org/junit/platform/engine/support/store/Namespace
instanceKlass org/junit/jupiter/engine/execution/NamespaceAwareStore
instanceKlass  @bci org/junit/jupiter/engine/descriptor/AbstractExtensionContext <init> (Lorg/junit/jupiter/api/extension/ExtensionContext;Lorg/junit/platform/engine/EngineExecutionListener;Lorg/junit/platform/engine/TestDescriptor;Lorg/junit/jupiter/engine/config/JupiterConfiguration;Lorg/junit/jupiter/engine/extension/ExtensionRegistry;Lorg/junit/jupiter/engine/descriptor/LauncherStoreFacade;)V 104 <appendix> argL0 ; # org/junit/jupiter/engine/descriptor/AbstractExtensionContext$$Lambda+0x00000000171b86d8
instanceKlass  @bci org/junit/jupiter/engine/descriptor/AbstractExtensionContext <init> (Lorg/junit/jupiter/api/extension/ExtensionContext;Lorg/junit/platform/engine/EngineExecutionListener;Lorg/junit/platform/engine/TestDescriptor;Lorg/junit/jupiter/engine/config/JupiterConfiguration;Lorg/junit/jupiter/engine/extension/ExtensionRegistry;Lorg/junit/jupiter/engine/descriptor/LauncherStoreFacade;)V 96 <appendix> argL0 ; # org/junit/jupiter/engine/descriptor/AbstractExtensionContext$$Lambda+0x00000000171b84b0
instanceKlass  @bci org/junit/jupiter/engine/descriptor/AbstractExtensionContext <init> (Lorg/junit/jupiter/api/extension/ExtensionContext;Lorg/junit/platform/engine/EngineExecutionListener;Lorg/junit/platform/engine/TestDescriptor;Lorg/junit/jupiter/engine/config/JupiterConfiguration;Lorg/junit/jupiter/engine/extension/ExtensionRegistry;Lorg/junit/jupiter/engine/descriptor/LauncherStoreFacade;)V 86 <appendix> argL0 ; # org/junit/jupiter/engine/descriptor/AbstractExtensionContext$$Lambda+0x00000000171b8268
instanceKlass org/junit/jupiter/engine/execution/DefaultExecutableInvoker
instanceKlass org/junit/jupiter/api/extension/ExecutableInvoker
instanceKlass org/junit/jupiter/engine/descriptor/AbstractExtensionContext
instanceKlass org/junit/jupiter/engine/extension/ExtensionContextInternal
instanceKlass  @bci org/junit/jupiter/engine/config/CachingJupiterConfiguration isThreadDumpOnTimeoutEnabled ()Z 7 <appendix> member <vmtarget> ; # org/junit/jupiter/engine/config/CachingJupiterConfiguration$$Lambda+0x00000000171b1250
instanceKlass  @bci org/junit/jupiter/engine/config/CachingJupiterConfiguration isExtensionAutoDetectionEnabled ()Z 7 <appendix> member <vmtarget> ; # org/junit/jupiter/engine/config/CachingJupiterConfiguration$$Lambda+0x00000000171b1000
instanceKlass org/junit/jupiter/api/extension/AnnotatedElementContext
instanceKlass org/junit/jupiter/engine/extension/TempDirectory
instanceKlass  @bci org/junit/jupiter/engine/extension/MutableExtensionRegistry$Entry of (Lorg/junit/jupiter/api/extension/Extension;)Lorg/junit/jupiter/engine/extension/MutableExtensionRegistry$Entry; 6 <appendix> member <vmtarget> ; # org/junit/jupiter/engine/extension/MutableExtensionRegistry$Entry$$Lambda+0x00000000171b35f0
instanceKlass  @bci org/junit/jupiter/engine/extension/MutableExtensionRegistry registerExtension (Ljava/lang/String;Lorg/junit/jupiter/api/extension/Extension;Ljava/lang/Object;)V 23 <appendix> member <vmtarget> ; # org/junit/jupiter/engine/extension/MutableExtensionRegistry$$Lambda+0x00000000171b33c0
instanceKlass  @bci org/junit/jupiter/engine/extension/MutableExtensionRegistry createRegistryWithDefaultExtensions (Lorg/junit/jupiter/engine/config/JupiterConfiguration;)Lorg/junit/jupiter/engine/extension/MutableExtensionRegistry; 17 <appendix> member <vmtarget> ; # org/junit/jupiter/engine/extension/MutableExtensionRegistry$$Lambda+0x00000000171b3180
instanceKlass  @bci org/junit/jupiter/engine/extension/MutableExtensionRegistry <init> (Ljava/util/Set;Ljava/util/List;)V 46 <appendix> member <vmtarget> ; # org/junit/jupiter/engine/extension/MutableExtensionRegistry$$Lambda+0x00000000171b2f40
instanceKlass org/junit/jupiter/api/TestReporter
instanceKlass org/junit/jupiter/engine/extension/TestReporterParameterResolver
instanceKlass org/junit/jupiter/api/TestInfo
instanceKlass org/junit/jupiter/engine/extension/TestInfoParameterResolver
instanceKlass org/junit/jupiter/api/extension/ParameterResolver
instanceKlass org/junit/jupiter/api/extension/TestTemplateInvocationContext
instanceKlass org/junit/jupiter/engine/extension/RepeatedTestExtension
instanceKlass org/junit/jupiter/api/extension/TestTemplateInvocationContextProvider
instanceKlass org/junit/jupiter/api/extension/ExtensionContext$Namespace
instanceKlass org/junit/jupiter/api/Timeout
instanceKlass org/junit/jupiter/engine/extension/TimeoutExtension
instanceKlass org/junit/jupiter/api/extension/BeforeEachCallback
instanceKlass org/junit/jupiter/api/extension/BeforeAllCallback
instanceKlass org/junit/jupiter/engine/extension/AutoCloseExtension
instanceKlass org/junit/jupiter/api/extension/AfterAllCallback
instanceKlass org/junit/jupiter/api/extension/TestInstancePreDestroyCallback
instanceKlass org/junit/jupiter/engine/extension/DisabledCondition
instanceKlass org/junit/jupiter/api/extension/ExecutionCondition
instanceKlass org/junit/jupiter/engine/extension/MutableExtensionRegistry$Entry
instanceKlass org/junit/jupiter/engine/extension/MutableExtensionRegistry
instanceKlass  @bci org/junit/platform/engine/support/hierarchical/NodeTestTask prepare ()V 5 <appendix> member <vmtarget> ; # org/junit/platform/engine/support/hierarchical/NodeTestTask$$Lambda+0x00000000171b5f20
instanceKlass org/junit/platform/engine/support/hierarchical/ThrowableCollector$Executable
instanceKlass  @bci org/junit/jupiter/engine/support/OpenTest4JAndJUnit4AwareThrowableCollector createAbortedExecutionPredicate ()Ljava/util/function/Predicate; 70 <appendix> argL0 ; # org/junit/jupiter/engine/support/OpenTest4JAndJUnit4AwareThrowableCollector$$Lambda+0x00000000171b5af0
instanceKlass org/junit/platform/commons/util/UnrecoverableExceptions
instanceKlass  @bci org/junit/jupiter/engine/support/OpenTest4JAndJUnit4AwareThrowableCollector createAbortedExecutionPredicate ()Ljava/util/function/Predicate; 7 <appendix> member <vmtarget> ; # org/junit/jupiter/engine/support/OpenTest4JAndJUnit4AwareThrowableCollector$$Lambda+0x00000000171b5680
instanceKlass  @bci org/junit/platform/engine/support/hierarchical/NodeTestTask <clinit> ()V 8 <appendix> argL0 ; # org/junit/platform/engine/support/hierarchical/NodeTestTask$$Lambda+0x00000000171b4f88
instanceKlass  @cpi org/junit/platform/engine/support/hierarchical/NodeTestTask 476 form vmentry <vmtarget> ; # java/lang/invoke/LambdaForm$DMH+0x00000000171b0400
instanceKlass org/junit/platform/engine/support/hierarchical/Node$DynamicTestExecutor
instanceKlass org/junit/platform/engine/support/hierarchical/NodeTestTask
instanceKlass org/junit/platform/engine/support/hierarchical/NodeTestTaskContext
instanceKlass  @bci org/junit/jupiter/engine/descriptor/ResourceLockAware determineExclusiveResources ()Ljava/util/stream/Stream; 158 <appendix> argL0 ; # org/junit/jupiter/engine/descriptor/ResourceLockAware$$Lambda+0x00000000171b4698
instanceKlass  @bci org/junit/jupiter/engine/descriptor/ResourceLockAware determineExclusiveResources ()Ljava/util/stream/Stream; 119 <appendix> member <vmtarget> ; # org/junit/jupiter/engine/descriptor/ResourceLockAware$$Lambda+0x00000000171b4448
instanceKlass  @bci org/junit/jupiter/engine/descriptor/ResourceLockAware determineExclusiveResources ()Ljava/util/stream/Stream; 108 <appendix> argL0 ; # org/junit/jupiter/engine/descriptor/ResourceLockAware$$Lambda+0x00000000171b4200
instanceKlass java/util/ArrayDeque$DeqSpliterator
instanceKlass org/junit/jupiter/engine/descriptor/ResourceLockAware$1
instanceKlass  @bci org/junit/jupiter/engine/descriptor/MethodBasedTestDescriptor getResourceLocksProviderEvaluator ()Ljava/util/function/Function; 7 <appendix> member <vmtarget> ; # org/junit/jupiter/engine/descriptor/MethodBasedTestDescriptor$$Lambda+0x00000000171af788
instanceKlass  @bci org/junit/jupiter/engine/descriptor/MethodBasedTestDescriptor getResourceLocksProviderEvaluator ()Ljava/util/function/Function; 1 <appendix> member <vmtarget> ; # org/junit/jupiter/engine/descriptor/MethodBasedTestDescriptor$$Lambda+0x00000000171af558
instanceKlass  @bci org/junit/platform/engine/support/hierarchical/NodeTreeWalker walk (Lorg/junit/platform/engine/TestDescriptor;Lorg/junit/platform/engine/TestDescriptor;Lorg/junit/platform/engine/support/hierarchical/NodeExecutionAdvisor;)V 58 <appendix> member <vmtarget> ; # org/junit/platform/engine/support/hierarchical/NodeTreeWalker$$Lambda+0x00000000171af318
instanceKlass  @bci org/junit/jupiter/engine/descriptor/ClassTestDescriptor getResourceLocksProviderEvaluator ()Ljava/util/function/Function; 1 <appendix> member <vmtarget> ; # org/junit/jupiter/engine/descriptor/ClassTestDescriptor$$Lambda+0x00000000171af0c8
instanceKlass org/junit/jupiter/api/parallel/ResourceLocksProvider
instanceKlass org/junit/platform/engine/support/hierarchical/NopLock
instanceKlass  @bci org/junit/platform/engine/support/hierarchical/NodeTreeWalker walk (Lorg/junit/platform/engine/TestDescriptor;)Lorg/junit/platform/engine/support/hierarchical/NodeExecutionAdvisor; 31 <appendix> member <vmtarget> ; # org/junit/platform/engine/support/hierarchical/NodeTreeWalker$$Lambda+0x00000000171ae9e8
instanceKlass org/junit/platform/engine/support/hierarchical/NodeExecutionAdvisor
instanceKlass org/junit/platform/engine/support/hierarchical/NodeUtils$1
instanceKlass org/junit/platform/engine/support/hierarchical/NodeUtils
instanceKlass  @bci org/junit/platform/commons/util/CollectionUtils getOnlyElement (Ljava/util/Collection;)Ljava/lang/Object; 23 <appendix> member <vmtarget> ; # org/junit/platform/commons/util/CollectionUtils$$Lambda+0x00000000171ae098
instanceKlass  @bci org/junit/platform/engine/support/hierarchical/LockManager toLock (Lorg/junit/platform/engine/support/hierarchical/ExclusiveResource;)Ljava/util/concurrent/locks/Lock; 8 <appendix> argL0 ; # org/junit/platform/engine/support/hierarchical/LockManager$$Lambda+0x00000000171ade50
instanceKlass  @bci org/junit/platform/engine/support/hierarchical/ExclusiveResource <clinit> ()V 49 <appendix> argL0 ; # org/junit/platform/engine/support/hierarchical/ExclusiveResource$$Lambda+0x00000000171adc08
instanceKlass  @bci java/util/Comparator comparing (Ljava/util/function/Function;Ljava/util/Comparator;)Ljava/util/Comparator; 12 <appendix> member <vmtarget> ; # java/util/Comparator$$Lambda+0x00000000171cbbd8
instanceKlass  @cpi java/util/Comparator 263 form vmentry <vmtarget> ; # java/lang/invoke/LambdaForm$DMH+0x00000000171b0000
instanceKlass  @bci java/util/Comparator thenComparing (Ljava/util/Comparator;)Ljava/util/Comparator; 7 <appendix> member <vmtarget> ; # java/util/Comparator$$Lambda+0x00000000171cb910
instanceKlass  @bci org/junit/platform/engine/support/hierarchical/ExclusiveResource globalKeyFirst ()Ljava/util/Comparator; 0 <appendix> argL0 ; # org/junit/platform/engine/support/hierarchical/ExclusiveResource$$Lambda+0x00000000171ad9c0
instanceKlass  @bci org/junit/platform/engine/support/hierarchical/ExclusiveResource <clinit> ()V 30 <appendix> argL0 ; # org/junit/platform/engine/support/hierarchical/ExclusiveResource$$Lambda+0x00000000171ad778
instanceKlass org/junit/platform/engine/support/hierarchical/ExclusiveResource
instanceKlass org/junit/platform/engine/support/hierarchical/SingleLock
instanceKlass org/junit/platform/engine/support/hierarchical/ResourceLock
instanceKlass org/junit/platform/engine/support/hierarchical/LockManager
instanceKlass org/junit/platform/engine/support/hierarchical/NodeTreeWalker
instanceKlass org/junit/platform/engine/support/hierarchical/HierarchicalTestExecutorService$TestTask
instanceKlass org/junit/platform/engine/support/hierarchical/HierarchicalTestExecutor
instanceKlass  @bci org/junit/jupiter/engine/JupiterTestEngine createThrowableCollectorFactory (Lorg/junit/platform/engine/ExecutionRequest;)Lorg/junit/platform/engine/support/hierarchical/ThrowableCollector$Factory; 0 <appendix> argL0 ; # org/junit/jupiter/engine/JupiterTestEngine$$Lambda+0x00000000171ac1b8
instanceKlass org/junit/jupiter/engine/support/JupiterThrowableCollectorFactory
instanceKlass org/junit/platform/engine/support/hierarchical/ThrowableCollector
instanceKlass org/junit/platform/engine/support/hierarchical/ThrowableCollector$Factory
instanceKlass org/junit/jupiter/engine/execution/JupiterEngineExecutionContext$State
instanceKlass  @bci org/junit/jupiter/engine/descriptor/LauncherStoreFacade <init> (Lorg/junit/platform/engine/support/store/NamespacedHierarchicalStore;)V 14 <appendix> argL0 ; # org/junit/jupiter/engine/descriptor/LauncherStoreFacade$$Lambda+0x00000000171ab4d0
instanceKlass org/junit/jupiter/api/extension/ExtensionContext$Store
instanceKlass org/junit/jupiter/engine/descriptor/LauncherStoreFacade
instanceKlass org/junit/jupiter/engine/execution/JupiterEngineExecutionContext
instanceKlass org/junit/platform/engine/support/hierarchical/SameThreadHierarchicalTestExecutorService
instanceKlass  @bci org/junit/jupiter/engine/config/CachingJupiterConfiguration isParallelExecutionEnabled ()Z 7 <appendix> member <vmtarget> ; # org/junit/jupiter/engine/config/CachingJupiterConfiguration$$Lambda+0x00000000171aa958
instanceKlass org/junit/platform/engine/ExecutionRequest
instanceKlass  @bci org/junit/platform/launcher/core/EngineExecutionOrchestrator failOrExecuteEngine (Lorg/junit/platform/launcher/core/LauncherDiscoveryResult;Lorg/junit/platform/engine/EngineExecutionListener;Lorg/junit/platform/engine/TestEngine;Lorg/junit/platform/engine/support/store/NamespacedHierarchicalStore;)V 42 <appendix> member <vmtarget> ; # org/junit/platform/launcher/core/EngineExecutionOrchestrator$$Lambda+0x00000000171aa248
instanceKlass org/junit/platform/launcher/core/DelegatingEngineExecutionListener
instanceKlass org/junit/platform/launcher/core/ExecutionListenerAdapter
instanceKlass  @bci org/junit/platform/launcher/core/ListenerRegistry forEngineExecutionListeners ()Lorg/junit/platform/launcher/core/ListenerRegistry; 0 <appendix> argL0 ; # org/junit/platform/launcher/core/ListenerRegistry$$Lambda+0x00000000171a9868
instanceKlass org/junit/platform/launcher/core/CompositeEngineExecutionListener
instanceKlass  @bci com/intellij/junit5/JUnit5TestExecutionListener sendTreeUnderRoot (Lorg/junit/platform/launcher/TestIdentifier;Ljava/util/Set;)V 147 <appendix> member <vmtarget> ; # com/intellij/junit5/JUnit5TestExecutionListener$$Lambda+0x00000000171a93a0
instanceKlass  @bci com/intellij/junit5/report/AbstractTestReporter attributes ([Lcom/intellij/junit5/report/AbstractTestReporter$ReportedField;)Ljava/util/Map; 110 <appendix> argL0 ; # com/intellij/junit5/report/AbstractTestReporter$$Lambda+0x00000000171a9158
instanceKlass  @bci com/intellij/junit5/report/AbstractTestReporter getParent ()Ljava/util/Optional; 23 <appendix> argL0 ; # com/intellij/junit5/report/AbstractTestReporter$$Lambda+0x00000000171a8f10
instanceKlass  @bci com/intellij/junit5/report/AbstractTestReporter getParent ()Ljava/util/Optional; 15 <appendix> member <vmtarget> ; # com/intellij/junit5/report/AbstractTestReporter$$Lambda+0x00000000171a8cc0
instanceKlass com/intellij/rt/execution/junit/MapSerializerUtil$1
instanceKlass com/intellij/rt/execution/junit/MapSerializerUtil$EscapeInfoProvider
instanceKlass com/intellij/rt/execution/junit/MapSerializerUtil
instanceKlass org/junit/platform/engine/support/descriptor/FileSource
instanceKlass org/junit/platform/engine/support/descriptor/FileSystemSource
instanceKlass org/junit/platform/engine/support/descriptor/UriSource
instanceKlass org/junit/platform/engine/support/descriptor/CompositeTestSource
instanceKlass com/intellij/junit5/report/LocationInfo
instanceKlass  @bci org/junit/platform/launcher/TestPlan getTestIdentifier (Lorg/junit/platform/engine/UniqueId;)Lorg/junit/platform/launcher/TestIdentifier; 24 <appendix> member <vmtarget> ; # org/junit/platform/launcher/TestPlan$$Lambda+0x00000000171a1a28
instanceKlass  @bci org/junit/platform/launcher/TestPlan getTestIdentifier (Lorg/junit/platform/engine/UniqueId;)Lorg/junit/platform/launcher/TestIdentifier; 1 <appendix> argL0 ; # org/junit/platform/launcher/TestPlan$$Lambda+0x00000000171a1800
instanceKlass  @bci org/junit/platform/launcher/TestPlan getParent (Lorg/junit/platform/launcher/TestIdentifier;)Ljava/util/Optional; 12 <appendix> member <vmtarget> ; # org/junit/platform/launcher/TestPlan$$Lambda+0x00000000171a3d10
instanceKlass  @bci com/intellij/junit5/JUnit5TestExecutionListener sendTreeUnderRoot (Lorg/junit/platform/launcher/TestIdentifier;Ljava/util/Set;)V 24 <appendix> member <vmtarget> ; # com/intellij/junit5/JUnit5TestExecutionListener$$Lambda+0x00000000171a3680
instanceKlass java/net/URLDecoder
instanceKlass  @bci jdk/internal/net/http/HttpClientImpl$SelectorManager run ()V 1304 <appendix> form vmentry <vmtarget> ; # java/lang/invoke/LambdaForm$DMH+0x00000000171a1000
instanceKlass  @bci org/junit/platform/engine/UniqueIdFormat checkDoesNotContain (Ljava/lang/String;C)V 15 <appendix> member <vmtarget> ; # org/junit/platform/engine/UniqueIdFormat$$Lambda+0x00000000171a3450
instanceKlass  @cpi org/junit/platform/engine/UniqueIdFormat 315 form vmentry <vmtarget> ; # java/lang/invoke/LambdaForm$DMH+0x00000000171a0c00
instanceKlass  @bci org/junit/platform/engine/UniqueIdFormat parse (Ljava/lang/String;)Lorg/junit/platform/engine/UniqueId; 17 <appendix> member <vmtarget> ; # org/junit/platform/engine/UniqueIdFormat$$Lambda+0x00000000171a3200
instanceKlass  @bci org/junit/platform/engine/UniqueIdFormat format (Lorg/junit/platform/engine/UniqueId;)Ljava/lang/String; 10 <appendix> member <vmtarget> ; # org/junit/platform/engine/UniqueIdFormat$$Lambda+0x00000000171a2fb0
instanceKlass com/intellij/junit5/report/AbstractTestReporter
instanceKlass  @bci org/junit/platform/launcher/core/CompositeTestExecutionListener notifyEach (Ljava/util/List;Lorg/junit/platform/launcher/core/IterationOrder;Ljava/util/function/Consumer;Ljava/util/function/Supplier;)V 4 <appendix> member <vmtarget> ; # org/junit/platform/launcher/core/CompositeTestExecutionListener$$Lambda+0x00000000171a2000
instanceKlass  @bci org/junit/platform/launcher/core/CompositeTestExecutionListener testPlanExecutionStarted (Lorg/junit/platform/launcher/TestPlan;)V 14 <appendix> member <vmtarget> ; # org/junit/platform/launcher/core/CompositeTestExecutionListener$$Lambda+0x00000000171a7ba8
instanceKlass  @bci org/junit/platform/launcher/core/CompositeTestExecutionListener testPlanExecutionStarted (Lorg/junit/platform/launcher/TestPlan;)V 8 <appendix> member <vmtarget> ; # org/junit/platform/launcher/core/CompositeTestExecutionListener$$Lambda+0x00000000171a7968
instanceKlass org/junit/platform/engine/EngineExecutionListener$1
instanceKlass  @bci org/junit/platform/launcher/core/EngineExecutionOrchestrator withInterceptedStreams (Lorg/junit/platform/engine/ConfigurationParameters;Lorg/junit/platform/launcher/core/ListenerRegistry;Ljava/util/function/Consumer;)V 35 <appendix> member <vmtarget> ; # org/junit/platform/launcher/core/EngineExecutionOrchestrator$$Lambda+0x00000000171a6ba0
instanceKlass org/junit/platform/launcher/core/StreamInterceptingTestExecutionListener
instanceKlass  @bci org/junit/platform/launcher/core/EngineExecutionOrchestrator withInterceptedStreams (Lorg/junit/platform/engine/ConfigurationParameters;Lorg/junit/platform/launcher/core/ListenerRegistry;Ljava/util/function/Consumer;)V 17 <appendix> member <vmtarget> ; # org/junit/platform/launcher/core/EngineExecutionOrchestrator$$Lambda+0x00000000171a6680
instanceKlass  @cpi org/junit/platform/launcher/core/EngineExecutionOrchestrator 466 form vmentry <vmtarget> ; # java/lang/invoke/LambdaForm$DMH+0x00000000171a0800
instanceKlass org/junit/platform/engine/reporting/ReportEntry
instanceKlass  @bci org/junit/platform/launcher/core/CompositeTestExecutionListener <init> (Ljava/util/List;)V 50 <appendix> member <vmtarget> ; # org/junit/platform/launcher/core/CompositeTestExecutionListener$$Lambda+0x00000000171a6218
instanceKlass  @bci org/junit/platform/launcher/core/CompositeTestExecutionListener <init> (Ljava/util/List;)V 33 <appendix> member <vmtarget> ; # org/junit/platform/launcher/core/CompositeTestExecutionListener$$Lambda+0x00000000171a5fb8
instanceKlass org/junit/platform/launcher/core/CompositeTestExecutionListener$EagerTestExecutionListener
instanceKlass  @bci org/junit/platform/launcher/core/EngineExecutionOrchestrator execute (Lorg/junit/platform/launcher/core/InternalTestPlan;Lorg/junit/platform/engine/support/store/NamespacedHierarchicalStore;[Lorg/junit/platform/launcher/TestExecutionListener;)V 21 <appendix> member <vmtarget> ; # org/junit/platform/launcher/core/EngineExecutionOrchestrator$$Lambda+0x00000000171a5b70
instanceKlass  @bci org/junit/jupiter/engine/descriptor/MethodBasedTestDescriptor getLegacyReportingName ()Ljava/lang/String; 18 <appendix> argL0 ; # org/junit/jupiter/engine/descriptor/MethodBasedTestDescriptor$$Lambda+0x00000000171a5928
instanceKlass  @bci org/junit/jupiter/engine/descriptor/MethodBasedTestDescriptor getTags ()Ljava/util/Set; 20 <appendix> member <vmtarget> ; # org/junit/jupiter/engine/descriptor/MethodBasedTestDescriptor$$Lambda+0x00000000171a56e8
instanceKlass  @bci org/junit/platform/launcher/TestPlan addInternal (Lorg/junit/platform/launcher/TestIdentifier;)V 85 <appendix> argL0 ; # org/junit/platform/launcher/TestPlan$$Lambda+0x00000000171a54a0
instanceKlass  @bci org/junit/platform/launcher/TestPlan from (ZLjava/util/Collection;Lorg/junit/platform/engine/ConfigurationParameters;Lorg/junit/platform/engine/reporting/OutputDirectoryProvider;)Lorg/junit/platform/launcher/TestPlan; 38 <appendix> member <vmtarget> ; # org/junit/platform/launcher/TestPlan$$Lambda+0x00000000171a5260
instanceKlass  @bci org/junit/platform/launcher/TestPlan from (ZLjava/util/Collection;Lorg/junit/platform/engine/ConfigurationParameters;Lorg/junit/platform/engine/reporting/OutputDirectoryProvider;)Lorg/junit/platform/launcher/TestPlan; 28 <appendix> member <vmtarget> ; # org/junit/platform/launcher/TestPlan$$Lambda+0x00000000171a5030
instanceKlass  @bci org/junit/platform/launcher/core/LauncherDiscoveryResult getEngineTestDescriptors ()Ljava/util/Collection; 14 <appendix> argL0 ; # org/junit/platform/launcher/core/LauncherDiscoveryResult$$Lambda+0x00000000171a4de8
instanceKlass  @bci org/junit/platform/launcher/core/LauncherDiscoveryResult containsCriticalIssuesOrContainsTests ()Z 14 <appendix> argL0 ; # org/junit/platform/launcher/core/LauncherDiscoveryResult$$Lambda+0x00000000171a4b90
instanceKlass  @bci org/junit/platform/engine/ConfigurationParameters get (Ljava/lang/String;Ljava/util/function/Function;)Ljava/util/Optional; 16 <appendix> member <vmtarget> ; # org/junit/platform/engine/ConfigurationParameters$$Lambda+0x00000000171a4940
instanceKlass  @bci org/junit/platform/launcher/core/LauncherPhase getDiscoveryIssueFailurePhase (Lorg/junit/platform/engine/ConfigurationParameters;)Ljava/util/Optional; 3 <appendix> argL0 ; # org/junit/platform/launcher/core/LauncherPhase$$Lambda+0x00000000171a46f8
instanceKlass  @bci org/junit/platform/launcher/listeners/discovery/CompositeLauncherDiscoveryListener launcherDiscoveryFinished (Lorg/junit/platform/launcher/LauncherDiscoveryRequest;)V 5 <appendix> member <vmtarget> ; # org/junit/platform/launcher/listeners/discovery/CompositeLauncherDiscoveryListener$$Lambda+0x00000000171a44b8
instanceKlass org/junit/platform/launcher/core/LauncherDiscoveryResult
instanceKlass  @bci org/junit/platform/engine/TestDescriptor containsTests (Lorg/junit/platform/engine/TestDescriptor;)Z 36 <appendix> argL0 ; # org/junit/platform/engine/TestDescriptor$$Lambda+0x00000000171a4000
instanceKlass  @bci org/junit/platform/launcher/core/EngineDiscoveryOrchestrator prune (Ljava/util/Map;)V 2 <appendix> argL0 ; # org/junit/platform/launcher/core/EngineDiscoveryOrchestrator$$Lambda+0x000000001719fd18
instanceKlass  @cpi org/junit/platform/engine/support/hierarchical/SameThreadHierarchicalTestExecutorService 64 form vmentry <vmtarget> ; # java/lang/invoke/LambdaForm$DMH+0x00000000171a0400
instanceKlass  @bci org/junit/platform/launcher/core/EngineDiscoveryOrchestrator logTestDescriptorExclusionReasons (Ljava/util/Map;)V 1 <appendix> argL0 ; # org/junit/platform/launcher/core/EngineDiscoveryOrchestrator$$Lambda+0x000000001719fae0
instanceKlass  @bci org/junit/platform/launcher/core/EngineDiscoveryOrchestrator acceptInAllTestEngines (Ljava/util/Map;Lorg/junit/platform/engine/TestDescriptor$Visitor;)V 7 <appendix> member <vmtarget> ; # org/junit/platform/launcher/core/EngineDiscoveryOrchestrator$$Lambda+0x000000001719f8a0
instanceKlass  @bci org/junit/platform/launcher/core/EngineDiscoveryOrchestrator applyPostDiscoveryFilters (Ljava/util/Map;Ljava/util/List;)V 18 <appendix> member <vmtarget> ; # org/junit/platform/launcher/core/EngineDiscoveryOrchestrator$$Lambda+0x000000001719f670
instanceKlass  @cpi jdk/internal/net/http/Http1Response 699 form vmentry <vmtarget> ; # java/lang/invoke/LambdaForm$DMH+0x00000000171a0000
instanceKlass  @bci org/junit/platform/launcher/core/EngineFilterer warnIfAllEnginesExcluded ()V 26 <appendix> argL0 ; # org/junit/platform/launcher/core/EngineFilterer$$Lambda+0x000000001719f418
instanceKlass  @bci org/junit/platform/launcher/core/EngineFilterer getUnmatchedEngineIdsOfIncludeFilters ()Ljava/util/SortedSet; 86 <appendix> argL0 ; # org/junit/platform/launcher/core/EngineFilterer$$Lambda+0x000000001719f1f0
instanceKlass  @bci org/junit/platform/launcher/core/EngineFilterer getUnmatchedEngineIdsOfIncludeFilters ()Ljava/util/SortedSet; 76 <appendix> member <vmtarget> ; # org/junit/platform/launcher/core/EngineFilterer$$Lambda+0x000000001719ef90
instanceKlass  @bci org/junit/platform/launcher/core/EngineFilterer getUnmatchedEngineIdsOfIncludeFilters ()Ljava/util/SortedSet; 65 <appendix> argL0 ; # org/junit/platform/launcher/core/EngineFilterer$$Lambda+0x000000001719ed48
instanceKlass  @bci org/junit/platform/launcher/core/EngineFilterer getUnmatchedEngineIdsOfIncludeFilters ()Ljava/util/SortedSet; 55 <appendix> argL0 ; # org/junit/platform/launcher/core/EngineFilterer$$Lambda+0x000000001719eb00
instanceKlass  @bci org/junit/platform/launcher/core/EngineFilterer getUnmatchedEngineIdsOfIncludeFilters ()Ljava/util/SortedSet; 45 <appendix> argL0 ; # org/junit/platform/launcher/core/EngineFilterer$$Lambda+0x000000001719e8a8
instanceKlass  @bci org/junit/platform/launcher/core/EngineFilterer getUnmatchedEngineIdsOfIncludeFilters ()Ljava/util/SortedSet; 14 <appendix> argL0 ; # org/junit/platform/launcher/core/EngineFilterer$$Lambda+0x000000001719e660
instanceKlass org/junit/platform/launcher/core/LauncherDiscoveryResult$EngineResultInfo
instanceKlass org/junit/platform/launcher/core/DiscoveryIssueNotifier
instanceKlass  @bci org/junit/platform/launcher/listeners/discovery/AbortOnFailureLauncherDiscoveryListener engineDiscoveryFinished (Lorg/junit/platform/engine/UniqueId;Lorg/junit/platform/launcher/EngineDiscoveryResult;)V 4 <appendix> argL0 ; # org/junit/platform/launcher/listeners/discovery/AbortOnFailureLauncherDiscoveryListener$$Lambda+0x000000001719dd60
instanceKlass org/junit/platform/commons/util/ExceptionUtils
instanceKlass java/util/Collections$UnmodifiableList$1
instanceKlass  @bci org/junit/platform/launcher/listeners/discovery/CompositeLauncherDiscoveryListener engineDiscoveryFinished (Lorg/junit/platform/engine/UniqueId;Lorg/junit/platform/launcher/EngineDiscoveryResult;)V 6 <appendix> member <vmtarget> ; # org/junit/platform/launcher/listeners/discovery/CompositeLauncherDiscoveryListener$$Lambda+0x000000001719d910
instanceKlass org/junit/platform/launcher/EngineDiscoveryResult
instanceKlass  @bci org/junit/platform/launcher/core/EngineDiscoveryResultValidator validate (Lorg/junit/platform/engine/TestEngine;Lorg/junit/platform/engine/TestDescriptor;)V 31 <appendix> member <vmtarget> ; # org/junit/platform/launcher/core/EngineDiscoveryResultValidator$$Lambda+0x000000001719d068
instanceKlass  @bci org/junit/platform/launcher/core/EngineDiscoveryResultValidator validate (Lorg/junit/platform/engine/TestEngine;Lorg/junit/platform/engine/TestDescriptor;)V 2 <appendix> member <vmtarget> ; # org/junit/platform/launcher/core/EngineDiscoveryResultValidator$$Lambda+0x000000001719ce38
instanceKlass  @bci org/junit/jupiter/engine/descriptor/MethodBasedTestDescriptor validate (Lorg/junit/platform/engine/support/discovery/DiscoveryIssueReporter;)V 22 <appendix> member <vmtarget> ; # org/junit/jupiter/engine/descriptor/MethodBasedTestDescriptor$$Lambda+0x000000001719cc08
instanceKlass  @bci org/junit/jupiter/engine/descriptor/MethodBasedTestDescriptor validate (Lorg/junit/platform/engine/support/discovery/DiscoveryIssueReporter;)V 16 <appendix> member <vmtarget> ; # org/junit/jupiter/engine/descriptor/MethodBasedTestDescriptor$$Lambda+0x000000001719c9d8
instanceKlass  @bci org/junit/jupiter/engine/descriptor/DisplayNameUtils validateAnnotation (Ljava/lang/reflect/AnnotatedElement;Ljava/util/function/Supplier;Ljava/util/function/Supplier;Lorg/junit/platform/engine/support/discovery/DiscoveryIssueReporter;)V 25 <appendix> member <vmtarget> ; # org/junit/jupiter/engine/descriptor/DisplayNameUtils$$Lambda+0x000000001719c798
instanceKlass  @bci org/junit/jupiter/engine/descriptor/DisplayNameUtils validateAnnotation (Ljava/lang/reflect/AnnotatedElement;Ljava/util/function/Supplier;Ljava/util/function/Supplier;Lorg/junit/platform/engine/support/discovery/DiscoveryIssueReporter;)V 14 <appendix> argL0 ; # org/junit/jupiter/engine/descriptor/DisplayNameUtils$$Lambda+0x000000001719c540
instanceKlass  @bci org/junit/jupiter/engine/descriptor/DisplayNameUtils validateAnnotation (Ljava/lang/reflect/AnnotatedElement;Ljava/util/function/Supplier;Ljava/util/function/Supplier;Lorg/junit/platform/engine/support/discovery/DiscoveryIssueReporter;)V 6 <appendix> argL0 ; # org/junit/jupiter/engine/descriptor/DisplayNameUtils$$Lambda+0x000000001719c2f8
instanceKlass  @bci org/junit/jupiter/engine/descriptor/ClassBasedTestDescriptor validateDisplayNameAnnotation (Lorg/junit/platform/engine/support/discovery/DiscoveryIssueReporter;)V 11 <appendix> member <vmtarget> ; # org/junit/jupiter/engine/descriptor/ClassBasedTestDescriptor$$Lambda+0x000000001719c0c8
instanceKlass  @bci org/junit/jupiter/engine/descriptor/ClassBasedTestDescriptor validateDisplayNameAnnotation (Lorg/junit/platform/engine/support/discovery/DiscoveryIssueReporter;)V 5 <appendix> member <vmtarget> ; # org/junit/jupiter/engine/descriptor/ClassBasedTestDescriptor$$Lambda+0x000000001719be98
instanceKlass  @bci org/junit/jupiter/engine/descriptor/LifecycleMethodUtils validateNoClassTemplateInvocationLifecycleMethodsAreDeclared (Ljava/lang/Class;Lorg/junit/platform/engine/support/discovery/DiscoveryIssueReporter;)V 6 <appendix> member <vmtarget> ; # org/junit/jupiter/engine/descriptor/LifecycleMethodUtils$$Lambda+0x000000001719bc58
instanceKlass org/junit/jupiter/api/extension/ClassTemplateInvocationLifecycleMethod
instanceKlass  @bci org/junit/jupiter/engine/descriptor/Validatable reportAndClear (Ljava/util/List;Lorg/junit/platform/engine/support/discovery/DiscoveryIssueReporter;)V 7 <appendix> member <vmtarget> ; # org/junit/jupiter/engine/descriptor/Validatable$$Lambda+0x000000001719b810
instanceKlass  @bci org/junit/jupiter/engine/discovery/MethodOrderingVisitor orderContainedMethods (Lorg/junit/jupiter/engine/descriptor/ClassBasedTestDescriptor;Ljava/lang/Class;Ljava/util/Optional;)V 57 <appendix> member <vmtarget> ; # org/junit/jupiter/engine/discovery/MethodOrderingVisitor$$Lambda+0x000000001719b5d0
instanceKlass  @bci org/junit/jupiter/engine/discovery/MethodOrderingVisitor orderContainedMethods (Lorg/junit/jupiter/engine/descriptor/ClassBasedTestDescriptor;Ljava/lang/Class;Ljava/util/Optional;)V 43 <appendix> argL0 ; # org/junit/jupiter/engine/discovery/MethodOrderingVisitor$$Lambda+0x000000001719b138
instanceKlass  @bci org/junit/jupiter/engine/discovery/MethodOrderingVisitor orderContainedMethods (Lorg/junit/jupiter/engine/descriptor/ClassBasedTestDescriptor;Ljava/lang/Class;Ljava/util/Optional;)V 17 <appendix> argL0 ; # org/junit/jupiter/engine/discovery/MethodOrderingVisitor$$Lambda+0x000000001719aef0
instanceKlass org/junit/jupiter/api/MethodDescriptor
instanceKlass  @bci org/junit/jupiter/engine/discovery/MethodOrderingVisitor toValidationAction (Ljava/util/Optional;)Ljava/util/Optional; 24 <appendix> member <vmtarget> ; # org/junit/jupiter/engine/discovery/MethodOrderingVisitor$$Lambda+0x000000001719a848
instanceKlass  @bci org/junit/jupiter/engine/discovery/MethodOrderingVisitor createDescriptorWrapperOrderer (Ljava/lang/Class;Ljava/util/Optional;)Lorg/junit/jupiter/engine/discovery/AbstractOrderingVisitor$DescriptorWrapperOrderer; 11 <appendix> argL0 ; # org/junit/jupiter/engine/discovery/MethodOrderingVisitor$$Lambda+0x000000001719a620
instanceKlass  @bci org/junit/jupiter/engine/discovery/MethodOrderingVisitor createDescriptorWrapperOrderer (Ljava/lang/Class;Ljava/util/Optional;)Lorg/junit/jupiter/engine/discovery/AbstractOrderingVisitor$DescriptorWrapperOrderer; 3 <appendix> member <vmtarget> ; # org/junit/jupiter/engine/discovery/MethodOrderingVisitor$$Lambda+0x000000001719a3d0
instanceKlass  @bci org/junit/jupiter/engine/config/CachingJupiterConfiguration getDefaultTestMethodOrderer ()Ljava/util/Optional; 7 <appendix> member <vmtarget> ; # org/junit/jupiter/engine/config/CachingJupiterConfiguration$$Lambda+0x000000001719a180
instanceKlass  @bci org/junit/jupiter/engine/discovery/MethodOrderingVisitor orderContainedMethods (Lorg/junit/jupiter/engine/descriptor/ClassBasedTestDescriptor;Ljava/lang/Class;)V 39 <appendix> member <vmtarget> ; # org/junit/jupiter/engine/discovery/MethodOrderingVisitor$$Lambda+0x0000000017199f50
instanceKlass  @bci org/junit/jupiter/engine/discovery/MethodOrderingVisitor orderContainedMethods (Lorg/junit/jupiter/engine/descriptor/ClassBasedTestDescriptor;Ljava/lang/Class;)V 22 <appendix> argL0 ; # org/junit/jupiter/engine/discovery/MethodOrderingVisitor$$Lambda+0x0000000017199d08
instanceKlass  @bci org/junit/jupiter/engine/discovery/MethodOrderingVisitor orderContainedMethods (Lorg/junit/jupiter/engine/descriptor/ClassBasedTestDescriptor;Ljava/lang/Class;)V 14 <appendix> argL0 ; # org/junit/jupiter/engine/discovery/MethodOrderingVisitor$$Lambda+0x0000000017199ac0
instanceKlass  @bci org/junit/jupiter/engine/discovery/MethodOrderingVisitor orderContainedMethods (Lorg/junit/jupiter/engine/descriptor/ClassBasedTestDescriptor;Ljava/lang/Class;)V 6 <appendix> argL0 ; # org/junit/jupiter/engine/discovery/MethodOrderingVisitor$$Lambda+0x0000000017199878
instanceKlass org/junit/jupiter/api/TestMethodOrder
instanceKlass  @bci org/junit/jupiter/engine/discovery/ClassOrderingVisitor orderNestedClasses (Lorg/junit/jupiter/engine/descriptor/ClassBasedTestDescriptor;)V 15 <appendix> argL0 ; # org/junit/jupiter/engine/discovery/ClassOrderingVisitor$$Lambda+0x0000000017199428
instanceKlass  @bci org/junit/jupiter/engine/discovery/ClassOrderingVisitor createClassLevelOrderer (Lorg/junit/jupiter/engine/descriptor/ClassBasedTestDescriptor;)Lorg/junit/jupiter/engine/discovery/AbstractOrderingVisitor$DescriptorWrapperOrderer; 36 <appendix> member <vmtarget> ; # org/junit/jupiter/engine/discovery/ClassOrderingVisitor$$Lambda+0x00000000171991f8
instanceKlass  @bci org/junit/jupiter/engine/discovery/ClassOrderingVisitor createClassLevelOrderer (Lorg/junit/jupiter/engine/descriptor/ClassBasedTestDescriptor;)Lorg/junit/jupiter/engine/discovery/AbstractOrderingVisitor$DescriptorWrapperOrderer; 26 <appendix> member <vmtarget> ; # org/junit/jupiter/engine/discovery/ClassOrderingVisitor$$Lambda+0x0000000017198fa8
instanceKlass  @bci org/junit/jupiter/engine/discovery/ClassOrderingVisitor createClassLevelOrderer (Lorg/junit/jupiter/engine/descriptor/ClassBasedTestDescriptor;)Lorg/junit/jupiter/engine/discovery/AbstractOrderingVisitor$DescriptorWrapperOrderer; 17 <appendix> argL0 ; # org/junit/jupiter/engine/discovery/ClassOrderingVisitor$$Lambda+0x0000000017198d60
instanceKlass  @bci org/junit/jupiter/engine/discovery/ClassOrderingVisitor createClassLevelOrderer (Lorg/junit/jupiter/engine/descriptor/ClassBasedTestDescriptor;)Lorg/junit/jupiter/engine/discovery/AbstractOrderingVisitor$DescriptorWrapperOrderer; 9 <appendix> argL0 ; # org/junit/jupiter/engine/discovery/ClassOrderingVisitor$$Lambda+0x0000000017198b18
instanceKlass org/junit/jupiter/api/TestClassOrder
instanceKlass  @bci org/junit/platform/engine/TestDescriptor accept (Lorg/junit/platform/engine/TestDescriptor$Visitor;)V 28 <appendix> member <vmtarget> ; # org/junit/platform/engine/TestDescriptor$$Lambda+0x00000000171986d0
instanceKlass  @bci org/junit/jupiter/engine/discovery/MethodOrderingVisitor visit (Lorg/junit/platform/engine/TestDescriptor;)V 10 <appendix> argL0 ; # org/junit/jupiter/engine/discovery/MethodOrderingVisitor$$Lambda+0x0000000017198488
instanceKlass  @bci org/junit/jupiter/engine/discovery/MethodOrderingVisitor visit (Lorg/junit/platform/engine/TestDescriptor;)V 5 <appendix> member <vmtarget> ; # org/junit/jupiter/engine/discovery/MethodOrderingVisitor$$Lambda+0x0000000017198248
instanceKlass  @bci org/junit/jupiter/engine/discovery/ClassOrderingVisitor visit (Lorg/junit/platform/engine/TestDescriptor;)V 28 <appendix> argL0 ; # org/junit/jupiter/engine/discovery/ClassOrderingVisitor$$Lambda+0x0000000017198000
instanceKlass  @bci org/junit/jupiter/engine/discovery/ClassOrderingVisitor visit (Lorg/junit/platform/engine/TestDescriptor;)V 23 <appendix> member <vmtarget> ; # org/junit/jupiter/engine/discovery/ClassOrderingVisitor$$Lambda+0x0000000017191c48
instanceKlass org/junit/jupiter/api/Order
instanceKlass  @bci org/junit/jupiter/engine/discovery/AbstractOrderingVisitor orderChildrenTestDescriptors (Lorg/junit/platform/engine/TestDescriptor;Ljava/lang/Class;Ljava/util/Optional;Ljava/util/function/Function;Lorg/junit/jupiter/engine/discovery/AbstractOrderingVisitor$DescriptorWrapperOrderer;)V 61 <appendix> member <vmtarget> ; # org/junit/jupiter/engine/discovery/AbstractOrderingVisitor$$Lambda+0x0000000017191800
instanceKlass  @bci org/junit/jupiter/engine/discovery/AbstractOrderingVisitor orderChildrenTestDescriptors (Lorg/junit/platform/engine/TestDescriptor;Ljava/lang/Class;Ljava/util/Optional;Ljava/util/function/Function;Lorg/junit/jupiter/engine/discovery/AbstractOrderingVisitor$DescriptorWrapperOrderer;)V 33 <appendix> member <vmtarget> ; # org/junit/jupiter/engine/discovery/AbstractOrderingVisitor$$Lambda+0x0000000017193d58
instanceKlass  @bci org/junit/jupiter/engine/discovery/AbstractOrderingVisitor orderChildrenTestDescriptors (Lorg/junit/platform/engine/TestDescriptor;Ljava/lang/Class;Ljava/util/Optional;Ljava/util/function/Function;Lorg/junit/jupiter/engine/discovery/AbstractOrderingVisitor$DescriptorWrapperOrderer;)V 17 <appendix> member <vmtarget> ; # org/junit/jupiter/engine/discovery/AbstractOrderingVisitor$$Lambda+0x0000000017193af8
instanceKlass  @bci org/junit/jupiter/engine/discovery/ClassOrderingVisitor orderTopLevelClasses (Lorg/junit/jupiter/engine/descriptor/JupiterEngineDescriptor;)V 12 <appendix> argL0 ; # org/junit/jupiter/engine/discovery/ClassOrderingVisitor$$Lambda+0x00000000171938b0
instanceKlass org/junit/jupiter/engine/discovery/AbstractAnnotatedDescriptorWrapper
instanceKlass org/junit/jupiter/api/ClassDescriptor
instanceKlass  @bci org/junit/jupiter/engine/discovery/ClassOrderingVisitor toValidationAction (Lorg/junit/jupiter/engine/discovery/AbstractOrderingVisitor$DescriptorWrapperOrderer;)Ljava/util/Optional; 23 <appendix> member <vmtarget> ; # org/junit/jupiter/engine/discovery/ClassOrderingVisitor$$Lambda+0x0000000017192fe0
instanceKlass  @bci org/junit/jupiter/engine/discovery/ClassOrderingVisitor visit (Lorg/junit/platform/engine/TestDescriptor;)V 10 <appendix> argL0 ; # org/junit/jupiter/engine/discovery/ClassOrderingVisitor$$Lambda+0x0000000017192d98
instanceKlass  @bci org/junit/jupiter/engine/discovery/ClassOrderingVisitor visit (Lorg/junit/platform/engine/TestDescriptor;)V 5 <appendix> member <vmtarget> ; # org/junit/jupiter/engine/discovery/ClassOrderingVisitor$$Lambda+0x0000000017192b58
instanceKlass  @bci org/junit/platform/engine/support/discovery/EngineDiscoveryRequestResolution run ()V 65 <appendix> member <vmtarget> ; # org/junit/platform/engine/support/discovery/EngineDiscoveryRequestResolution$$Lambda+0x0000000017192918
instanceKlass  @bci org/junit/jupiter/engine/discovery/MethodSelectorResolver expansionCallback (Lorg/junit/platform/engine/TestDescriptor;)Ljava/util/function/Supplier; 1 <appendix> member <vmtarget> ; # org/junit/jupiter/engine/discovery/MethodSelectorResolver$$Lambda+0x00000000171926e8
instanceKlass  @bci org/junit/platform/commons/util/AnnotationUtils lambda$isRepeatableAnnotationContainer$4 (Ljava/lang/Class;)Ljava/lang/Boolean; 22 <appendix> argL0 ; # org/junit/platform/commons/util/AnnotationUtils$$Lambda+0x00000000171924a0
instanceKlass  @bci org/junit/platform/commons/util/AnnotationUtils lambda$isRepeatableAnnotationContainer$4 (Ljava/lang/Class;)Ljava/lang/Boolean; 7 <appendix> argL0 ; # org/junit/platform/commons/util/AnnotationUtils$$Lambda+0x0000000017192248
instanceKlass  @bci org/junit/platform/commons/util/AnnotationUtils isRepeatableAnnotationContainer (Ljava/lang/Class;)Z 4 <appendix> argL0 ; # org/junit/platform/commons/util/AnnotationUtils$$Lambda+0x0000000017192000
instanceKlass  @bci org/junit/jupiter/engine/descriptor/MethodBasedTestDescriptor$MethodInfo <init> (Ljava/lang/Class;Ljava/lang/reflect/Method;)V 56 <appendix> member <vmtarget> ; # org/junit/jupiter/engine/descriptor/MethodBasedTestDescriptor$MethodInfo$$Lambda+0x0000000017197bc8
instanceKlass  @bci org/junit/jupiter/engine/descriptor/MethodBasedTestDescriptor$MethodInfo <init> (Ljava/lang/Class;Ljava/lang/reflect/Method;)V 42 <appendix> member <vmtarget> ; # org/junit/jupiter/engine/descriptor/MethodBasedTestDescriptor$MethodInfo$$Lambda+0x0000000017197998
instanceKlass  @bci org/junit/jupiter/engine/descriptor/MethodBasedTestDescriptor$MethodInfo <init> (Ljava/lang/Class;Ljava/lang/reflect/Method;)V 36 <appendix> member <vmtarget> ; # org/junit/jupiter/engine/descriptor/MethodBasedTestDescriptor$MethodInfo$$Lambda+0x0000000017197768
instanceKlass org/junit/jupiter/engine/descriptor/MethodBasedTestDescriptor$MethodInfo
instanceKlass org/junit/platform/engine/support/descriptor/MethodSource
instanceKlass  @bci org/junit/jupiter/api/DisplayNameGenerator parameterTypesAsString (Ljava/lang/reflect/Method;)Ljava/lang/String; 19 <appendix> argL0 ; # org/junit/jupiter/api/DisplayNameGenerator$$Lambda+0x00000000171970d8
instanceKlass  @bci org/junit/jupiter/engine/descriptor/DisplayNameUtils createDisplayNameSupplierForMethod (Ljava/util/function/Supplier;Ljava/lang/Class;Ljava/lang/reflect/Method;Lorg/junit/jupiter/engine/config/JupiterConfiguration;)Ljava/util/function/Supplier; 5 <appendix> member <vmtarget> ; # org/junit/jupiter/engine/descriptor/DisplayNameUtils$$Lambda+0x0000000017196e98
instanceKlass  @bci org/junit/jupiter/engine/execution/InterceptingExecutableInvoker$ReflectiveInterceptorCall ofVoidMethod (Lorg/junit/jupiter/engine/execution/InterceptingExecutableInvoker$ReflectiveInterceptorCall$VoidMethodInterceptorCall;)Lorg/junit/jupiter/engine/execution/InterceptingExecutableInvoker$ReflectiveInterceptorCall; 1 <appendix> member <vmtarget> ; # org/junit/jupiter/engine/execution/InterceptingExecutableInvoker$ReflectiveInterceptorCall$$Lambda+0x0000000017196c68
instanceKlass org/junit/jupiter/engine/execution/InterceptingExecutableInvoker$ReflectiveInterceptorCall
instanceKlass  @bci org/junit/jupiter/engine/descriptor/TestMethodTestDescriptor <clinit> ()V 10 <appendix> argL0 ; # org/junit/jupiter/engine/descriptor/TestMethodTestDescriptor$$Lambda+0x0000000017196838
instanceKlass  @cpi org/junit/jupiter/engine/descriptor/TestMethodTestDescriptor 571 form vmentry <vmtarget> ; # java/lang/invoke/LambdaForm$DMH+0x0000000017191400
instanceKlass org/junit/jupiter/api/extension/InvocationInterceptor
instanceKlass org/junit/jupiter/engine/execution/InterceptingExecutableInvoker$ReflectiveInterceptorCall$VoidMethodInterceptorCall
instanceKlass  @bci org/junit/jupiter/engine/discovery/MethodSelectorResolver$MethodType createTestDescriptor (Lorg/junit/platform/engine/TestDescriptor;Ljava/lang/Class;Ljava/lang/reflect/Method;Lorg/junit/jupiter/engine/config/JupiterConfiguration;)Lorg/junit/platform/engine/TestDescriptor; 25 <appendix> member <vmtarget> ; # org/junit/jupiter/engine/discovery/MethodSelectorResolver$MethodType$$Lambda+0x00000000171961f8
instanceKlass  @bci org/junit/platform/commons/util/ClassUtils nullSafeToString ([Ljava/lang/Class;)Ljava/lang/String; 0 <appendix> argL0 ; # org/junit/platform/commons/util/ClassUtils$$Lambda+0x0000000017195fb0
instanceKlass  @bci org/junit/jupiter/engine/discovery/MethodSelectorResolver$MethodType resolve (Ljava/util/List;Ljava/lang/Class;Ljava/lang/reflect/Method;Lorg/junit/platform/engine/support/discovery/SelectorResolver$Context;Lorg/junit/jupiter/engine/config/JupiterConfiguration;)Ljava/util/Optional; 32 <appendix> member <vmtarget> ; # org/junit/jupiter/engine/discovery/MethodSelectorResolver$MethodType$$Lambda+0x0000000017195d60
instanceKlass  @bci org/junit/jupiter/engine/discovery/MethodSelectorResolver$MethodType resolve (Ljava/util/List;Ljava/lang/Class;Ljava/lang/reflect/Method;Lorg/junit/platform/engine/support/discovery/SelectorResolver$Context;Lorg/junit/jupiter/engine/config/JupiterConfiguration;)Ljava/util/Optional; 22 <appendix> member <vmtarget> ; # org/junit/jupiter/engine/discovery/MethodSelectorResolver$MethodType$$Lambda+0x0000000017195b30
instanceKlass  @bci org/junit/jupiter/engine/discovery/MethodSelectorResolver resolve (Lorg/junit/platform/engine/support/discovery/SelectorResolver$Context;Ljava/util/List;Ljava/lang/Class;Ljava/util/function/Supplier;Ljava/util/function/BiFunction;)Lorg/junit/platform/engine/support/discovery/SelectorResolver$Resolution; 77 <appendix> member <vmtarget> ; # org/junit/jupiter/engine/discovery/MethodSelectorResolver$$Lambda+0x00000000171958e0
instanceKlass  @bci org/junit/jupiter/engine/discovery/MethodSelectorResolver resolve (Lorg/junit/platform/engine/support/discovery/SelectorResolver$Context;Ljava/util/List;Ljava/lang/Class;Ljava/util/function/Supplier;Ljava/util/function/BiFunction;)Lorg/junit/platform/engine/support/discovery/SelectorResolver$Resolution; 64 <appendix> argL0 ; # org/junit/jupiter/engine/discovery/MethodSelectorResolver$$Lambda+0x0000000017195698
instanceKlass  @bci org/junit/jupiter/engine/discovery/MethodSelectorResolver resolve (Lorg/junit/platform/engine/support/discovery/SelectorResolver$Context;Ljava/util/List;Ljava/lang/Class;Ljava/util/function/Supplier;Ljava/util/function/BiFunction;)Lorg/junit/platform/engine/support/discovery/SelectorResolver$Resolution; 54 <appendix> argL0 ; # org/junit/jupiter/engine/discovery/MethodSelectorResolver$$Lambda+0x0000000017195440
instanceKlass  @bci org/junit/jupiter/engine/discovery/MethodSelectorResolver resolve (Lorg/junit/platform/engine/support/discovery/SelectorResolver$Context;Ljava/util/List;Ljava/lang/Class;Ljava/util/function/Supplier;Ljava/util/function/BiFunction;)Lorg/junit/platform/engine/support/discovery/SelectorResolver$Resolution; 44 <appendix> member <vmtarget> ; # org/junit/jupiter/engine/discovery/MethodSelectorResolver$$Lambda+0x00000000171951f0
instanceKlass  @bci org/junit/jupiter/engine/discovery/MethodSelectorResolver resolve (Lorg/junit/platform/engine/discovery/MethodSelector;Lorg/junit/platform/engine/support/discovery/SelectorResolver$Context;)Lorg/junit/platform/engine/support/discovery/SelectorResolver$Resolution; 20 <appendix> argL0 ; # org/junit/jupiter/engine/discovery/MethodSelectorResolver$$Lambda+0x0000000017194fb8
instanceKlass  @bci org/junit/jupiter/engine/discovery/MethodSelectorResolver resolve (Lorg/junit/platform/engine/discovery/MethodSelector;Lorg/junit/platform/engine/support/discovery/SelectorResolver$Context;)Lorg/junit/platform/engine/support/discovery/SelectorResolver$Resolution; 15 <appendix> member <vmtarget> ; # org/junit/jupiter/engine/discovery/MethodSelectorResolver$$Lambda+0x0000000017194d88
instanceKlass org/junit/platform/engine/discovery/FileSelector
instanceKlass org/junit/platform/engine/discovery/DirectorySelector
instanceKlass org/junit/platform/engine/discovery/IterationSelector
instanceKlass  @bci org/junit/platform/engine/support/discovery/EngineDiscoveryRequestResolution lambda$enqueueAdditionalSelectors$1 (Lorg/junit/platform/engine/support/discovery/SelectorResolver$Match;)V 41 <appendix> member <vmtarget> ; # org/junit/platform/engine/support/discovery/EngineDiscoveryRequestResolution$$Lambda+0x0000000017194458
instanceKlass org/junit/platform/commons/util/ClassUtils
instanceKlass  @bci org/junit/platform/engine/discovery/MethodSelector <init> (Ljava/lang/Class;Ljava/lang/reflect/Method;)V 47 <appendix> argL0 ; # org/junit/platform/engine/discovery/MethodSelector$$Lambda+0x0000000017194000
instanceKlass  @bci java/util/stream/StreamSpliterators$WrappingSpliterator forEachRemaining (Ljava/util/function/Consumer;)V 33 <appendix> member <vmtarget> ; # java/util/stream/StreamSpliterators$WrappingSpliterator$$Lambda+0x00000000171cabe8
instanceKlass java/util/stream/StreamSpliterators
instanceKlass  @bci org/junit/jupiter/engine/discovery/ClassSelectorResolver lambda$expansionCallback$25 (Lorg/junit/platform/engine/TestDescriptor;Ljava/util/function/Supplier;)Ljava/util/Set; 157 <appendix> argL0 ; # org/junit/jupiter/engine/discovery/ClassSelectorResolver$$Lambda+0x000000001718fd38
instanceKlass java/util/stream/StreamSpliterators$AbstractWrappingSpliterator
instanceKlass  @bci java/util/stream/AbstractPipeline spliterator ()Ljava/util/Spliterator; 103 <appendix> member <vmtarget> ; # java/util/stream/AbstractPipeline$$Lambda+0x00000000171ca268
instanceKlass  @bci org/junit/jupiter/engine/discovery/ClassSelectorResolver lambda$expansionCallback$25 (Lorg/junit/platform/engine/TestDescriptor;Ljava/util/function/Supplier;)Ljava/util/Set; 138 <appendix> member <vmtarget> ; # org/junit/jupiter/engine/discovery/ClassSelectorResolver$$Lambda+0x000000001718fae8
instanceKlass org/junit/platform/engine/discovery/NestedClassSelector
# instanceKlass java/lang/invoke/LambdaForm$MH+0x0000000017191000
instanceKlass java/util/stream/Streams$2
instanceKlass java/util/stream/Streams$ConcatSpliterator
# instanceKlass java/lang/invoke/LambdaForm$MH+0x0000000017190c00
instanceKlass  @bci java/util/function/Predicate and (Ljava/util/function/Predicate;)Ljava/util/function/Predicate; 7 <appendix> member <vmtarget> ; # java/util/function/Predicate$$Lambda+0x00000000171c9880
instanceKlass  @bci org/junit/jupiter/engine/discovery/ClassSelectorResolver lambda$expansionCallback$25 (Lorg/junit/platform/engine/TestDescriptor;Ljava/util/function/Supplier;)Ljava/util/Set; 112 <appendix> argL0 ; # org/junit/jupiter/engine/discovery/ClassSelectorResolver$$Lambda+0x000000001718f630
# instanceKlass java/lang/invoke/LambdaForm$BMH+0x0000000017190800
instanceKlass  @bci java/util/function/Predicate negate ()Ljava/util/function/Predicate; 1 <appendix> member <vmtarget> ; # java/util/function/Predicate$$Lambda+0x00000000171c9620
instanceKlass  @cpi java/util/function/Predicate 75 form vmentry <vmtarget> ; # java/lang/invoke/LambdaForm$DMH+0x0000000017190400
# instanceKlass java/lang/invoke/LambdaForm$DMH+0x0000000017190000
instanceKlass  @bci org/junit/platform/commons/util/ReflectionUtils findNestedClasses (Ljava/lang/Class;Ljava/util/function/Predicate;Lorg/junit/platform/commons/util/ReflectionUtils$CycleErrorHandling;)Ljava/util/List; 31 <appendix> member <vmtarget> ; # org/junit/platform/commons/util/ReflectionUtils$$Lambda+0x000000001718f3f0
# instanceKlass java/lang/invoke/LambdaForm$DMH+0x000000001718bc00
# instanceKlass java/lang/invoke/LambdaForm$MH+0x000000001718b800
# instanceKlass java/lang/invoke/LambdaForm$MH+0x000000001718b400
# instanceKlass java/lang/invoke/LambdaForm$MH+0x000000001718b000
instanceKlass  @bci org/junit/jupiter/engine/discovery/ClassSelectorResolver lambda$expansionCallback$25 (Lorg/junit/platform/engine/TestDescriptor;Ljava/util/function/Supplier;)Ljava/util/Set; 72 <appendix> member <vmtarget> ; # org/junit/jupiter/engine/discovery/ClassSelectorResolver$$Lambda+0x000000001718e898
instanceKlass sun/reflect/misc/Trampoline
instanceKlass  @bci org/junit/platform/engine/support/discovery/EngineDiscoveryRequestResolution enqueueAdditionalSelectors (Lorg/junit/platform/engine/support/discovery/SelectorResolver$Resolution;)V 34 <appendix> member <vmtarget> ; # org/junit/platform/engine/support/discovery/EngineDiscoveryRequestResolution$$Lambda+0x000000001718e658
instanceKlass sun/reflect/misc/MethodUtil$1
instanceKlass java/security/PrivilegedExceptionAction
instanceKlass  @bci org/junit/platform/engine/support/discovery/EngineDiscoveryRequestResolution enqueueAdditionalSelectors (Lorg/junit/platform/engine/support/discovery/SelectorResolver$Resolution;)V 23 <appendix> argL0 ; # org/junit/platform/engine/support/discovery/EngineDiscoveryRequestResolution$$Lambda+0x000000001718e400
instanceKlass  @bci org/junit/platform/launcher/listeners/discovery/CompositeLauncherDiscoveryListener selectorProcessed (Lorg/junit/platform/engine/UniqueId;Lorg/junit/platform/engine/DiscoverySelector;Lorg/junit/platform/engine/SelectorResolutionResult;)V 7 <appendix> member <vmtarget> ; # org/junit/platform/launcher/listeners/discovery/CompositeLauncherDiscoveryListener$$Lambda+0x000000001718e1c0
# instanceKlass java/lang/invoke/LambdaForm$MH+0x000000001718a800
# instanceKlass java/lang/invoke/LambdaForm$MH+0x000000001718a400
instanceKlass org/junit/platform/engine/SelectorResolutionResult
# instanceKlass java/lang/invoke/LambdaForm$MH+0x000000001718a000
instanceKlass  @bci org/junit/platform/engine/support/discovery/EngineDiscoveryRequestResolution lambda$resolve$5 (Lorg/junit/platform/engine/DiscoverySelector;Lorg/junit/platform/engine/support/discovery/SelectorResolver$Resolution;)Lorg/junit/platform/engine/support/discovery/SelectorResolver$Resolution; 28 <appendix> member <vmtarget> ; # org/junit/platform/engine/support/discovery/EngineDiscoveryRequestResolution$$Lambda+0x000000001718d908
# instanceKlass java/lang/invoke/LambdaForm$MH+0x0000000017189c00
instanceKlass  @bci org/junit/platform/engine/support/discovery/EngineDiscoveryRequestResolution resolve (Lorg/junit/platform/engine/DiscoverySelector;Ljava/util/function/Function;)Ljava/util/Optional; 32 <appendix> member <vmtarget> ; # org/junit/platform/engine/support/discovery/EngineDiscoveryRequestResolution$$Lambda+0x000000001718d6b8
instanceKlass  @cpi org/junit/jupiter/engine/descriptor/ClassBasedTestDescriptor 998 form vmentry <vmtarget> ; # java/lang/invoke/LambdaForm$DMH+0x0000000017189800
instanceKlass  @bci org/junit/jupiter/engine/discovery/ClassSelectorResolver expansionCallback (Lorg/junit/platform/engine/TestDescriptor;Ljava/util/function/Supplier;)Ljava/util/function/Supplier; 3 <appendix> member <vmtarget> ; # org/junit/jupiter/engine/discovery/ClassSelectorResolver$$Lambda+0x000000001718d488
instanceKlass  @bci org/junit/jupiter/engine/discovery/ClassSelectorResolver expansionCallback (Lorg/junit/jupiter/engine/descriptor/ClassBasedTestDescriptor;)Ljava/util/function/Supplier; 3 <appendix> member <vmtarget> ; # org/junit/jupiter/engine/discovery/ClassSelectorResolver$$Lambda+0x000000001718d258
instanceKlass  @bci org/junit/jupiter/engine/discovery/ClassSelectorResolver toResolution (Ljava/util/Optional;)Lorg/junit/platform/engine/support/discovery/SelectorResolver$Resolution; 2 <appendix> member <vmtarget> ; # org/junit/jupiter/engine/discovery/ClassSelectorResolver$$Lambda+0x000000001718d008
instanceKlass  @bci jdk/internal/reflect/DirectMethodHandleAccessor invokeImpl (Ljava/lang/Object;[Ljava/lang/Object;)Ljava/lang/Object; 92 <adapter> ; # java/lang/invoke/LambdaForm$MH+0x0000000017189400
instanceKlass  @bci org/junit/jupiter/engine/descriptor/LifecycleMethodUtils isNotStatic (Lorg/junit/platform/engine/support/discovery/DiscoveryIssueReporter;Ljava/util/function/Function;)Lorg/junit/platform/engine/support/discovery/DiscoveryIssueReporter$Condition; 7 <appendix> member <vmtarget> ; # org/junit/jupiter/engine/descriptor/LifecycleMethodUtils$$Lambda+0x000000001718cdb8
# instanceKlass java/lang/invoke/LambdaForm$MH+0x0000000017189000
instanceKlass  @bci org/junit/jupiter/engine/descriptor/LifecycleMethodUtils isNotStatic (Lorg/junit/platform/engine/support/discovery/DiscoveryIssueReporter;Ljava/util/function/Function;)Lorg/junit/platform/engine/support/discovery/DiscoveryIssueReporter$Condition; 1 <appendix> argL0 ; # org/junit/jupiter/engine/descriptor/LifecycleMethodUtils$$Lambda+0x000000001718cb60
instanceKlass  @bci org/junit/jupiter/engine/descriptor/LifecycleMethodUtils findMethodsAndCheckNonStatic (Ljava/lang/Class;Ljava/lang/Class;Lorg/junit/platform/commons/support/HierarchyTraversalMode;Lorg/junit/platform/engine/support/discovery/DiscoveryIssueReporter;)Ljava/util/List; 6 <appendix> member <vmtarget> ; # org/junit/jupiter/engine/descriptor/LifecycleMethodUtils$$Lambda+0x000000001718c910
# instanceKlass java/lang/invoke/LambdaForm$DMH+0x0000000017188c00
instanceKlass org/junit/jupiter/api/AfterAll
instanceKlass java/lang/invoke/ClassSpecializer$Factory$1$5$1
instanceKlass  @bci org/junit/platform/engine/support/discovery/DiscoveryIssueReporter$Condition toPredicate ()Ljava/util/function/Predicate; 1 <appendix> member <vmtarget> ; # org/junit/platform/engine/support/discovery/DiscoveryIssueReporter$Condition$$Lambda+0x000000001718c4a8
instanceKlass java/lang/invoke/ClassSpecializer$Factory$1$5
instanceKlass  @bci org/junit/jupiter/engine/descriptor/LifecycleMethodUtils returnsPrimitiveVoid (Lorg/junit/platform/engine/support/discovery/DiscoveryIssueReporter;Ljava/util/function/Function;)Lorg/junit/platform/engine/support/discovery/DiscoveryIssueReporter$Condition; 7 <appendix> member <vmtarget> ; # org/junit/jupiter/engine/descriptor/LifecycleMethodUtils$$Lambda+0x000000001718c258
instanceKlass java/lang/invoke/ClassSpecializer$Factory$1$4
instanceKlass  @bci org/junit/jupiter/engine/descriptor/LifecycleMethodUtils returnsPrimitiveVoid (Lorg/junit/platform/engine/support/discovery/DiscoveryIssueReporter;Ljava/util/function/Function;)Lorg/junit/platform/engine/support/discovery/DiscoveryIssueReporter$Condition; 1 <appendix> argL0 ; # org/junit/jupiter/engine/descriptor/LifecycleMethodUtils$$Lambda+0x000000001718c000
instanceKlass java/lang/invoke/ClassSpecializer$Factory$1$3
instanceKlass java/lang/invoke/ClassSpecializer$Factory$1$2
instanceKlass  @bci org/junit/jupiter/engine/descriptor/LifecycleMethodUtils findMethodsAndCheckVoidReturnType (Ljava/lang/Class;Ljava/lang/Class;Lorg/junit/platform/commons/support/HierarchyTraversalMode;Lorg/junit/platform/engine/support/discovery/DiscoveryIssueReporter;Lorg/junit/platform/engine/support/discovery/DiscoveryIssueReporter$Condition;)Ljava/util/List; 38 <appendix> member <vmtarget> ; # org/junit/jupiter/engine/descriptor/LifecycleMethodUtils$$Lambda+0x0000000017187c20
instanceKlass java/lang/invoke/ClassSpecializer$Factory$1$1Var
instanceKlass java/lang/invoke/ClassSpecializer$Factory$1$1
instanceKlass  @bci org/junit/platform/engine/support/discovery/DiscoveryIssueReporter$Condition toConsumer ()Ljava/util/function/Consumer; 1 <appendix> member <vmtarget> ; # org/junit/platform/engine/support/discovery/DiscoveryIssueReporter$Condition$$Lambda+0x00000000171879e0
instanceKlass java/lang/invoke/ClassSpecializer$Factory$1
# instanceKlass java/lang/invoke/LambdaForm$MH+0x0000000017188800
instanceKlass  @bci org/junit/jupiter/engine/descriptor/LifecycleMethodUtils isNotPrivateWarning (Lorg/junit/platform/engine/support/discovery/DiscoveryIssueReporter;Ljava/util/function/Supplier;)Lorg/junit/platform/engine/support/discovery/DiscoveryIssueReporter$Condition; 7 <appendix> member <vmtarget> ; # org/junit/jupiter/engine/descriptor/LifecycleMethodUtils$$Lambda+0x0000000017187790
instanceKlass  @bci org/junit/jupiter/engine/descriptor/LifecycleMethodUtils isNotPrivateWarning (Lorg/junit/platform/engine/support/discovery/DiscoveryIssueReporter;Ljava/util/function/Supplier;)Lorg/junit/platform/engine/support/discovery/DiscoveryIssueReporter$Condition; 1 <appendix> argL0 ; # org/junit/jupiter/engine/descriptor/LifecycleMethodUtils$$Lambda+0x0000000017187538
# instanceKlass java/lang/invoke/LambdaForm$MH+0x0000000017188400
instanceKlass  @bci org/junit/jupiter/engine/descriptor/LifecycleMethodUtils findMethodsAndCheckVoidReturnType (Ljava/lang/Class;Ljava/lang/Class;Lorg/junit/platform/commons/support/HierarchyTraversalMode;Lorg/junit/platform/engine/support/discovery/DiscoveryIssueReporter;Lorg/junit/platform/engine/support/discovery/DiscoveryIssueReporter$Condition;)Ljava/util/List; 18 <appendix> member <vmtarget> ; # org/junit/jupiter/engine/descriptor/LifecycleMethodUtils$$Lambda+0x0000000017187308
# instanceKlass java/lang/invoke/LambdaForm$MH+0x0000000017188000
# instanceKlass java/lang/invoke/LambdaForm$MH+0x0000000017183c00
# instanceKlass java/lang/invoke/LambdaForm$BMH+0x0000000017183800
# instanceKlass java/lang/invoke/LambdaForm$DMH+0x0000000017183400
instanceKlass sun/invoke/util/ValueConversions$WrapperCache
# instanceKlass java/lang/invoke/LambdaForm$DMH+0x0000000017183000
instanceKlass org/junit/jupiter/api/BeforeEach
# instanceKlass java/lang/invoke/LambdaForm$MH+0x0000000017182c00
# instanceKlass java/lang/invoke/LambdaForm$MH+0x0000000017182800
# instanceKlass java/lang/invoke/LambdaForm$MH+0x0000000017182400
instanceKlass org/junit/jupiter/api/AfterEach
instanceKlass  @bci org/junit/platform/commons/util/CollectionUtils toUnmodifiableList ()Ljava/util/stream/Collector; 3 <appendix> argL0 ; # org/junit/platform/commons/util/CollectionUtils$$Lambda+0x0000000017186800
instanceKlass java/util/stream/DistinctOps
instanceKlass  @bci org/junit/platform/commons/util/ReflectionUtils findAllMethodsInHierarchy (Ljava/lang/Class;Lorg/junit/platform/commons/util/ReflectionUtils$HierarchyTraversalMode;)Ljava/util/List; 105 <appendix> argL0 ; # org/junit/platform/commons/util/ReflectionUtils$$Lambda+0x00000000171865d8
instanceKlass  @bci org/junit/platform/commons/util/ReflectionUtils findAllMethodsInHierarchy (Ljava/lang/Class;Lorg/junit/platform/commons/util/ReflectionUtils$HierarchyTraversalMode;)Ljava/util/List; 95 <appendix> member <vmtarget> ; # org/junit/platform/commons/util/ReflectionUtils$$Lambda+0x0000000017186378
instanceKlass  @bci org/junit/platform/commons/util/ReflectionUtils findAllMethodsInHierarchy (Ljava/lang/Class;Lorg/junit/platform/commons/util/ReflectionUtils$HierarchyTraversalMode;)Ljava/util/List; 70 <appendix> argL0 ; # org/junit/platform/commons/util/ReflectionUtils$$Lambda+0x0000000017186150
instanceKlass sun/rmi/transport/DGCAckHandler$1
instanceKlass  @bci org/junit/platform/commons/util/ReflectionUtils findAllMethodsInHierarchy (Ljava/lang/Class;Lorg/junit/platform/commons/util/ReflectionUtils$HierarchyTraversalMode;)Ljava/util/List; 60 <appendix> member <vmtarget> ; # org/junit/platform/commons/util/ReflectionUtils$$Lambda+0x0000000017185ef0
instanceKlass sun/rmi/transport/DGCAckHandler
instanceKlass java/util/Spliterators$EmptySpliterator
instanceKlass  @bci org/junit/platform/commons/util/ReflectionUtils findAllMethodsInHierarchy (Ljava/lang/Class;Lorg/junit/platform/commons/util/ReflectionUtils$HierarchyTraversalMode;)Ljava/util/List; 35 <appendix> argL0 ; # org/junit/platform/commons/util/ReflectionUtils$$Lambda+0x0000000017185cc8
instanceKlass  @bci org/junit/platform/commons/util/ReflectionUtils findAllMethodsInHierarchy (Ljava/lang/Class;Lorg/junit/platform/commons/util/ReflectionUtils$HierarchyTraversalMode;)Ljava/util/List; 25 <appendix> argL0 ; # org/junit/platform/commons/util/ReflectionUtils$$Lambda+0x0000000017185a70
instanceKlass  @bci org/junit/platform/commons/util/AnnotationUtils findAnnotatedMethods (Ljava/lang/Class;Ljava/lang/Class;Lorg/junit/platform/commons/util/ReflectionUtils$HierarchyTraversalMode;)Ljava/util/List; 16 <appendix> member <vmtarget> ; # org/junit/platform/commons/util/AnnotationUtils$$Lambda+0x0000000017185810
instanceKlass  @bci org/junit/jupiter/engine/descriptor/LifecycleMethodUtils isStatic (Lorg/junit/platform/engine/support/discovery/DiscoveryIssueReporter;Ljava/util/function/Function;)Lorg/junit/platform/engine/support/discovery/DiscoveryIssueReporter$Condition; 7 <appendix> member <vmtarget> ; # org/junit/jupiter/engine/descriptor/LifecycleMethodUtils$$Lambda+0x00000000171855c0
instanceKlass  @bci jdk/internal/net/http/HttpConnection nextLabel (Ljava/lang/String;)Ljava/lang/String; 7 <adapter> ; # java/lang/invoke/LambdaForm$MH+0x0000000017182000
instanceKlass  @bci org/junit/jupiter/engine/descriptor/LifecycleMethodUtils isStatic (Lorg/junit/platform/engine/support/discovery/DiscoveryIssueReporter;Ljava/util/function/Function;)Lorg/junit/platform/engine/support/discovery/DiscoveryIssueReporter$Condition; 1 <appendix> argL0 ; # org/junit/jupiter/engine/descriptor/LifecycleMethodUtils$$Lambda+0x0000000017185368
instanceKlass  @bci org/junit/jupiter/engine/descriptor/LifecycleMethodUtils findMethodsAndCheckStatic (Ljava/lang/Class;ZLjava/lang/Class;Lorg/junit/platform/commons/support/HierarchyTraversalMode;Lorg/junit/platform/engine/support/discovery/DiscoveryIssueReporter;)Ljava/util/List; 7 <appendix> member <vmtarget> ; # org/junit/jupiter/engine/descriptor/LifecycleMethodUtils$$Lambda+0x0000000017185118
instanceKlass  @bci jdk/internal/net/http/HttpConnection nextLabel (Ljava/lang/String;)Ljava/lang/String; 7 <appendix> form vmentry <vmtarget> ; # java/lang/invoke/LambdaForm$MH+0x0000000017181c00
instanceKlass javax/management/remote/NotificationResult
instanceKlass  @bci jdk/internal/net/http/HttpConnection nextLabel (Ljava/lang/String;)Ljava/lang/String; 7 <appendix> form names 5 function resolvedHandle form vmentry <vmtarget> ; # java/lang/invoke/LambdaForm$DMH+0x0000000017181800
instanceKlass javax/security/auth/Subject
instanceKlass org/junit/jupiter/api/BeforeAll
instanceKlass java/rmi/MarshalledObject
instanceKlass org/junit/jupiter/engine/descriptor/LifecycleMethodUtils
instanceKlass  @bci jdk/internal/net/http/SocketTube$InternalReadPublisher$InternalReadSubscription request (J)V 82 <appendix> form vmentry <vmtarget> ; # java/lang/invoke/LambdaForm$MH+0x0000000017181000
instanceKlass  @bci org/junit/platform/engine/support/discovery/DiscoveryIssueReporter consuming (Ljava/util/function/Consumer;)Lorg/junit/platform/engine/support/discovery/DiscoveryIssueReporter; 13 <appendix> member <vmtarget> ; # org/junit/platform/engine/support/discovery/DiscoveryIssueReporter$$Lambda+0x0000000017184660
instanceKlass  @cpi jdk/internal/net/http/PlainHttpConnection 434 form vmentry <vmtarget> ; # java/lang/invoke/LambdaForm$DMH+0x0000000017180c00
instanceKlass com/sun/jmx/remote/internal/ServerCommunicatorAdmin$Timeout
instanceKlass  @bci org/junit/platform/engine/support/discovery/DiscoveryIssueReporter collecting (Ljava/util/Collection;)Lorg/junit/platform/engine/support/discovery/DiscoveryIssueReporter; 13 <appendix> member <vmtarget> ; # org/junit/platform/engine/support/discovery/DiscoveryIssueReporter$$Lambda+0x0000000017184420
instanceKlass com/sun/jmx/remote/internal/ServerCommunicatorAdmin
instanceKlass org/junit/jupiter/engine/descriptor/ClassBasedTestDescriptor$LifecycleMethods
instanceKlass javax/management/remote/rmi/RMIConnectionImpl
instanceKlass java/rmi/server/Unreferenced
# instanceKlass java/lang/invoke/LambdaForm$MH+0x0000000017180800
instanceKlass org/junit/jupiter/api/parallel/ResourceLocks
instanceKlass org/junit/jupiter/api/parallel/ResourceLock
instanceKlass org/junit/jupiter/engine/descriptor/ExclusiveResourceCollector
instanceKlass java/io/ObjectStreamClass$3
instanceKlass java/io/ObjectStreamClass$2
instanceKlass java/io/ObjectStreamClass$1
instanceKlass java/io/ObjectStreamClass$MemberSignature
instanceKlass  @bci org/junit/jupiter/engine/config/EnumConfigurationParameterConverter get (Lorg/junit/platform/engine/ConfigurationParameters;Ljava/lang/String;Ljava/lang/Enum;)Ljava/lang/Enum; 15 <appendix> member <vmtarget> ; # org/junit/jupiter/engine/config/EnumConfigurationParameterConverter$$Lambda+0x000000001716f398
instanceKlass  @cpi org/openqa/selenium/AcceptedW3CCapabilityKeys 113 form vmentry <vmtarget> ; # java/lang/invoke/LambdaForm$DMH+0x0000000017180400
instanceKlass sun/rmi/transport/SequenceEntry
instanceKlass sun/rmi/transport/DGCImpl$1
instanceKlass  @bci org/junit/jupiter/engine/config/CachingJupiterConfiguration getDefaultTestInstanceLifecycle ()Lorg/junit/jupiter/api/TestInstance$Lifecycle; 7 <appendix> member <vmtarget> ; # org/junit/jupiter/engine/config/CachingJupiterConfiguration$$Lambda+0x000000001716ef48
instanceKlass sun/rmi/transport/DGCImpl$LeaseInfo
instanceKlass  @bci org/junit/jupiter/engine/descriptor/TestInstanceLifecycleUtils getTestInstanceLifecycle (Ljava/lang/Class;Lorg/junit/jupiter/engine/config/JupiterConfiguration;)Lorg/junit/jupiter/api/TestInstance$Lifecycle; 34 <appendix> member <vmtarget> ; # org/junit/jupiter/engine/descriptor/TestInstanceLifecycleUtils$$Lambda+0x000000001716ed18
instanceKlass  @bci org/junit/jupiter/engine/descriptor/TestInstanceLifecycleUtils getTestInstanceLifecycle (Ljava/lang/Class;Lorg/junit/jupiter/engine/config/JupiterConfiguration;)Lorg/junit/jupiter/api/TestInstance$Lifecycle; 20 <appendix> argL0 ; # org/junit/jupiter/engine/descriptor/TestInstanceLifecycleUtils$$Lambda+0x000000001716ead0
instanceKlass org/junit/jupiter/api/TestInstance
instanceKlass org/junit/jupiter/engine/descriptor/TestInstanceLifecycleUtils
instanceKlass java/rmi/dgc/VMID
instanceKlass java/rmi/dgc/Lease
instanceKlass  @bci java/util/function/Function andThen (Ljava/util/function/Function;)Ljava/util/function/Function; 7 <appendix> member <vmtarget> ; # java/util/function/Function$$Lambda+0x000000001716dab0
instanceKlass  @cpi org/openqa/selenium/remote/http/Filter 77 form vmentry <vmtarget> ; # java/lang/invoke/LambdaForm$DMH+0x0000000017180000
instanceKlass  @bci org/junit/jupiter/engine/descriptor/JupiterTestDescriptor getTags (Ljava/lang/reflect/AnnotatedElement;Ljava/util/function/Supplier;Ljava/util/function/Supplier;Ljava/util/function/Consumer;)Ljava/util/Set; 63 <appendix> argL0 ; # org/junit/jupiter/engine/descriptor/JupiterTestDescriptor$$Lambda+0x000000001716e470
instanceKlass java/io/ObjectStreamClass$ExceptionInfo
instanceKlass java/io/ObjectInputStream$Logging
instanceKlass  @bci org/junit/jupiter/engine/descriptor/JupiterTestDescriptor getTags (Ljava/lang/reflect/AnnotatedElement;Ljava/util/function/Supplier;Ljava/util/function/Supplier;Ljava/util/function/Consumer;)Ljava/util/Set; 55 <appendix> argL0 ; # org/junit/jupiter/engine/descriptor/JupiterTestDescriptor$$Lambda+0x000000001716e248
instanceKlass java/io/ObjectInputStream$FilterValues
instanceKlass  @bci org/junit/jupiter/engine/descriptor/JupiterTestDescriptor getTags (Ljava/lang/reflect/AnnotatedElement;Ljava/util/function/Supplier;Ljava/util/function/Supplier;Ljava/util/function/Consumer;)Ljava/util/Set; 45 <appendix> argL0 ; # org/junit/jupiter/engine/descriptor/JupiterTestDescriptor$$Lambda+0x000000001716e000
instanceKlass sun/rmi/server/LoaderHandler
instanceKlass org/junit/platform/engine/TestTag
instanceKlass java/rmi/server/RMIClassLoaderSpi
instanceKlass java/rmi/server/RMIClassLoader
instanceKlass  @bci org/junit/jupiter/engine/descriptor/JupiterTestDescriptor getTags (Ljava/lang/reflect/AnnotatedElement;Ljava/util/function/Supplier;Ljava/util/function/Supplier;Ljava/util/function/Consumer;)Ljava/util/Set; 35 <appendix> member <vmtarget> ; # org/junit/jupiter/engine/descriptor/JupiterTestDescriptor$$Lambda+0x000000001716b9b8
instanceKlass  @cpi org/junit/jupiter/engine/descriptor/JupiterTestDescriptor 489 form vmentry <vmtarget> ; # java/lang/invoke/LambdaForm$DMH+0x000000001716cc00
instanceKlass java/io/ObjectInputStream$ValidationList
instanceKlass java/io/ObjectInputStream$HandleTable$HandleList
instanceKlass java/io/ObjectInputStream$HandleTable
instanceKlass  @bci org/junit/jupiter/engine/descriptor/JupiterTestDescriptor getTags (Ljava/lang/reflect/AnnotatedElement;Ljava/util/function/Supplier;Ljava/util/function/Supplier;Ljava/util/function/Consumer;)Ljava/util/Set; 20 <appendix> argL0 ; # org/junit/jupiter/engine/descriptor/JupiterTestDescriptor$$Lambda+0x000000001716b770
instanceKlass  @bci org/junit/platform/commons/util/AnnotationUtils findRepeatableAnnotations (Ljava/lang/reflect/AnnotatedElement;Ljava/lang/Class;)Ljava/util/List; 19 <appendix> member <vmtarget> ; # org/junit/platform/commons/util/AnnotationUtils$$Lambda+0x000000001716b540
instanceKlass java/rmi/registry/Registry
instanceKlass  @bci java/io/ObjectInputStream <clinit> ()V 40 <appendix> argL0 ; # java/io/ObjectInputStream$$Lambda+0x000000001717d0a8
instanceKlass jdk/internal/access/JavaObjectInputStreamReadString
instanceKlass  @bci java/io/ObjectInputStream <clinit> ()V 32 <appendix> argL0 ; # java/io/ObjectInputStream$$Lambda+0x000000001717ca18
instanceKlass  @cpi java/io/ObjectInputStream 1119 form vmentry <vmtarget> ; # java/lang/invoke/LambdaForm$DMH+0x000000001716c800
instanceKlass jdk/internal/access/JavaObjectInputStreamAccess
instanceKlass org/junit/jupiter/api/Tags
instanceKlass java/io/ObjectInputStream$GetField
instanceKlass java/lang/annotation/Repeatable
instanceKlass org/junit/jupiter/api/Tag
instanceKlass sun/rmi/transport/StreamRemoteCall
instanceKlass sun/rmi/transport/tcp/TCPConnection
instanceKlass java/util/concurrent/atomic/AtomicReference
instanceKlass sun/rmi/transport/tcp/TCPChannel
instanceKlass  @bci org/junit/jupiter/engine/descriptor/ClassBasedTestDescriptor$ClassInfo <init> (Ljava/lang/Class;Lorg/junit/jupiter/engine/config/JupiterConfiguration;)V 43 <appendix> member <vmtarget> ; # org/junit/jupiter/engine/descriptor/ClassBasedTestDescriptor$ClassInfo$$Lambda+0x000000001716aef0
instanceKlass  @bci org/junit/jupiter/engine/descriptor/ClassBasedTestDescriptor$ClassInfo <init> (Ljava/lang/Class;Lorg/junit/jupiter/engine/config/JupiterConfiguration;)V 29 <appendix> member <vmtarget> ; # org/junit/jupiter/engine/descriptor/ClassBasedTestDescriptor$ClassInfo$$Lambda+0x000000001716acc0
instanceKlass  @bci org/junit/jupiter/engine/descriptor/ClassBasedTestDescriptor$ClassInfo <init> (Ljava/lang/Class;Lorg/junit/jupiter/engine/config/JupiterConfiguration;)V 23 <appendix> member <vmtarget> ; # org/junit/jupiter/engine/descriptor/ClassBasedTestDescriptor$ClassInfo$$Lambda+0x000000001716aa90
instanceKlass org/junit/jupiter/engine/descriptor/ClassBasedTestDescriptor$ClassInfo
instanceKlass  @bci org/junit/jupiter/engine/config/DefaultJupiterConfiguration getDefaultDisplayNameGenerator ()Lorg/junit/jupiter/api/DisplayNameGenerator; 12 <appendix> argL0 ; # org/junit/jupiter/engine/config/DefaultJupiterConfiguration$$Lambda+0x000000001716a650
instanceKlass sun/nio/ch/ExtendedSocketOption$1
instanceKlass sun/nio/ch/ExtendedSocketOption
instanceKlass  @bci org/junit/jupiter/engine/config/CachingJupiterConfiguration getDefaultDisplayNameGenerator ()Lorg/junit/jupiter/api/DisplayNameGenerator; 7 <appendix> member <vmtarget> ; # org/junit/jupiter/engine/config/CachingJupiterConfiguration$$Lambda+0x000000001716a400
instanceKlass sun/nio/ch/OptionKey
instanceKlass sun/nio/ch/SocketOptionRegistry$LazyInitialization
instanceKlass sun/nio/ch/SocketOptionRegistry$RegistryKey
instanceKlass sun/nio/ch/SocketOptionRegistry
instanceKlass  @bci org/junit/jupiter/engine/descriptor/DisplayNameUtils lambda$createDisplayNameSupplier$6 (Ljava/util/function/Supplier;Ljava/lang/Class;Ljava/util/function/BiFunction;Lorg/junit/jupiter/engine/config/JupiterConfiguration;)Ljava/lang/String; 35 <appendix> member <vmtarget> ; # org/junit/jupiter/engine/descriptor/DisplayNameUtils$$Lambda+0x000000001716a1d0
instanceKlass java/net/StandardSocketOptions$StdSocketOption
instanceKlass java/net/StandardSocketOptions
instanceKlass  @bci org/junit/jupiter/engine/descriptor/DisplayNameUtils lambda$createDisplayNameSupplier$6 (Ljava/util/function/Supplier;Ljava/lang/Class;Ljava/util/function/BiFunction;Lorg/junit/jupiter/engine/config/JupiterConfiguration;)Ljava/lang/String; 23 <appendix> member <vmtarget> ; # org/junit/jupiter/engine/descriptor/DisplayNameUtils$$Lambda+0x0000000017169f80
instanceKlass  @bci sun/rmi/transport/tcp/TCPTransport$ConnectionHandler run ()V 20 <appendix> form vmentry <vmtarget> ; # java/lang/invoke/LambdaForm$MH+0x000000001716c400
instanceKlass  @bci org/junit/jupiter/engine/descriptor/DisplayNameUtils findDisplayNameGenerator (Ljava/util/List;Ljava/lang/Class;)Ljava/util/Optional; 22 <appendix> argL0 ; # org/junit/jupiter/engine/descriptor/DisplayNameUtils$$Lambda+0x0000000017169d38
instanceKlass  @bci org/junit/jupiter/engine/descriptor/DisplayNameUtils findDisplayNameGenerator (Ljava/util/List;Ljava/lang/Class;)Ljava/util/Optional; 14 <appendix> argL0 ; # org/junit/jupiter/engine/descriptor/DisplayNameUtils$$Lambda+0x0000000017169af0
instanceKlass org/junit/jupiter/api/DisplayNameGeneration
instanceKlass  @bci org/junit/jupiter/engine/descriptor/DisplayNameUtils determineDisplayName (Ljava/lang/reflect/AnnotatedElement;Ljava/util/function/Supplier;)Ljava/lang/String; 29 <appendix> argL0 ; # org/junit/jupiter/engine/descriptor/DisplayNameUtils$$Lambda+0x00000000171696a0
instanceKlass  @bci org/junit/jupiter/engine/descriptor/DisplayNameUtils determineDisplayName (Ljava/lang/reflect/AnnotatedElement;Ljava/util/function/Supplier;)Ljava/lang/String; 21 <appendix> argL0 ; # org/junit/jupiter/engine/descriptor/DisplayNameUtils$$Lambda+0x0000000017169448
instanceKlass  @bci org/junit/jupiter/engine/descriptor/DisplayNameUtils determineDisplayName (Ljava/lang/reflect/AnnotatedElement;Ljava/util/function/Supplier;)Ljava/lang/String; 13 <appendix> argL0 ; # org/junit/jupiter/engine/descriptor/DisplayNameUtils$$Lambda+0x0000000017169200
instanceKlass sun/rmi/transport/Connection
instanceKlass sun/rmi/transport/tcp/TCPTransport$ConnectionHandler
instanceKlass org/junit/jupiter/api/DisplayName
instanceKlass org/junit/platform/engine/support/descriptor/ClassSource
instanceKlass  @bci org/junit/jupiter/engine/descriptor/DisplayNameUtils createDisplayNameSupplier (Ljava/util/function/Supplier;Ljava/lang/Class;Lorg/junit/jupiter/engine/config/JupiterConfiguration;Ljava/util/function/BiFunction;)Ljava/util/function/Supplier; 4 <appendix> member <vmtarget> ; # org/junit/jupiter/engine/descriptor/DisplayNameUtils$$Lambda+0x0000000017168ba0
instanceKlass  @bci org/junit/jupiter/engine/descriptor/DisplayNameUtils createDisplayNameSupplierForClass (Ljava/lang/Class;Lorg/junit/jupiter/engine/config/JupiterConfiguration;)Ljava/util/function/Supplier; 8 <appendix> member <vmtarget> ; # org/junit/jupiter/engine/descriptor/DisplayNameUtils$$Lambda+0x0000000017168960
instanceKlass  @bci org/junit/jupiter/engine/descriptor/DisplayNameUtils createDisplayNameSupplierForClass (Ljava/lang/Class;Lorg/junit/jupiter/engine/config/JupiterConfiguration;)Ljava/util/function/Supplier; 0 <appendix> argL0 ; # org/junit/jupiter/engine/descriptor/DisplayNameUtils$$Lambda+0x0000000017168738
instanceKlass  @bci org/junit/jupiter/api/DisplayNameGenerator$IndicativeSentences <clinit> ()V 10 <appendix> argL0 ; # org/junit/jupiter/api/DisplayNameGenerator$IndicativeSentences$$Lambda+0x00000000171684e0
instanceKlass org/junit/jupiter/api/DisplayNameGenerator$IndicativeSentences
instanceKlass  @bci java/util/Map$Entry comparingByKey ()Ljava/util/Comparator; 0 <appendix> argL0 ; # java/util/Map$Entry$$Lambda+0x0000000017178a18
instanceKlass org/junit/jupiter/api/DisplayNameGenerator$Standard
instanceKlass org/junit/jupiter/engine/descriptor/DisplayNameUtils
instanceKlass java/text/Format$FieldDelegate
instanceKlass java/text/FieldPosition
instanceKlass java/text/StringBufFactory$StringBuilderImpl
instanceKlass java/text/Format$StringBuf
instanceKlass java/text/StringBufFactory
instanceKlass org/junit/jupiter/engine/execution/InvocationInterceptorChain
instanceKlass org/junit/jupiter/api/extension/InvocationInterceptor$Invocation
instanceKlass org/junit/jupiter/api/extension/ReflectiveInvocationContext
instanceKlass org/junit/jupiter/engine/execution/InterceptingExecutableInvoker
instanceKlass java/text/AttributedCharacterIterator$Attribute
instanceKlass java/text/CharacterIterator
instanceKlass org/junit/jupiter/api/extension/ConditionEvaluationResult
instanceKlass java/text/Format
instanceKlass org/junit/jupiter/engine/execution/ConditionEvaluator
instanceKlass org/junit/jupiter/api/extension/TestInstanceFactoryContext
instanceKlass org/junit/jupiter/api/extension/TestInstantiationAwareExtension
instanceKlass org/junit/jupiter/api/extension/Extension
instanceKlass  @bci jdk/internal/net/http/Http2Connection keyString (ZLjava/net/InetSocketAddress;Ljava/lang/String;I)Ljava/lang/String; 79 <adapter> ; # java/lang/invoke/LambdaForm$MH+0x0000000017162400
instanceKlass  @bci org/junit/jupiter/engine/discovery/ClassSelectorResolver resolveStandaloneTestClass (Lorg/junit/platform/engine/support/discovery/SelectorResolver$Context;Ljava/lang/Class;)Lorg/junit/platform/engine/support/discovery/SelectorResolver$Resolution; 12 <appendix> member <vmtarget> ; # org/junit/jupiter/engine/discovery/ClassSelectorResolver$$Lambda+0x0000000017167210
instanceKlass  @bci sun/util/cldr/CLDRTimeZoneNameProviderImpl deriveFallbackName ([Ljava/lang/String;ILjava/util/Locale;Z)V 176 <appendix> form vmentry <vmtarget> ; # java/lang/invoke/LambdaForm$DMH+0x0000000017162000
instanceKlass  @bci sun/util/cldr/CLDRTimeZoneNameProviderImpl deriveFallbackName ([Ljava/lang/String;ILjava/util/Locale;Z)V 176 <appendix> member <vmtarget> ; # sun/util/cldr/CLDRTimeZoneNameProviderImpl$$Lambda+0x0000000017174d10
instanceKlass sun/util/cldr/CLDRBaseLocaleDataMetaInfo$CLDRMapHolder
instanceKlass  @bci org/junit/platform/commons/util/ReflectionUtils toSortedMutableList ([Ljava/lang/reflect/Method;)Ljava/util/List; 1 <appendix> argL0 ; # org/junit/platform/commons/util/ReflectionUtils$$Lambda+0x0000000017166cf8
instanceKlass  @bci org/junit/platform/commons/util/ReflectionUtils getDefaultMethods (Ljava/lang/Class;)Ljava/util/List; 17 <appendix> argL0 ; # org/junit/platform/commons/util/ReflectionUtils$$Lambda+0x0000000017166ad0
instanceKlass java/time/LocalTime
instanceKlass  @bci org/junit/platform/commons/util/ReflectionUtils getDefaultMethods (Ljava/lang/Class;)Ljava/util/List; 7 <appendix> argL0 ; # org/junit/platform/commons/util/ReflectionUtils$$Lambda+0x0000000017166878
instanceKlass java/time/Instant
instanceKlass java/time/temporal/ValueRange
instanceKlass org/openqa/selenium/WebDriver
instanceKlass org/openqa/selenium/SearchContext
instanceKlass java/time/Duration
instanceKlass java/time/temporal/TemporalUnit
instanceKlass java/time/chrono/Chronology
instanceKlass java/time/chrono/Era
instanceKlass java/time/chrono/ChronoPeriod
instanceKlass java/time/LocalDate
instanceKlass org/junit/platform/commons/annotation/Testable
instanceKlass java/time/chrono/ChronoZonedDateTime
instanceKlass java/time/chrono/ChronoLocalDate
instanceKlass java/time/zone/ZoneOffsetTransition
instanceKlass java/util/concurrent/atomic/AtomicReferenceArray
instanceKlass org/junit/jupiter/api/ClassTemplate
instanceKlass java/time/LocalDateTime
instanceKlass  @bci org/junit/platform/commons/util/KotlinReflectionUtils tryToLoadKotlinMetadataClass ()Lorg/junit/platform/commons/function/Try; 5 <appendix> argL0 ; # org/junit/platform/commons/util/KotlinReflectionUtils$$Lambda+0x0000000017165788
instanceKlass java/time/zone/ZoneOffsetTransitionRule
instanceKlass java/time/chrono/ChronoLocalDateTime
instanceKlass java/time/temporal/Temporal
instanceKlass org/junit/platform/commons/function/Try$Transformer
instanceKlass java/time/zone/ZoneRules
instanceKlass java/time/zone/Ser
instanceKlass org/junit/platform/commons/util/KotlinReflectionUtils
instanceKlass java/time/zone/ZoneRulesProvider
instanceKlass sun/util/resources/Bundles$CacheKeyReference
instanceKlass org/apiguardian/api/API
instanceKlass sun/util/resources/OpenListResourceBundle$2
instanceKlass sun/util/resources/OpenListResourceBundle$1
instanceKlass java/util/ResourceBundle$ResourceBundleProviderHelper
instanceKlass  @bci sun/util/cldr/CLDRLocaleProviderAdapter applyAliases (Ljava/util/Locale;)Ljava/util/Locale; 4 <appendix> argL0 ; # sun/util/cldr/CLDRLocaleProviderAdapter$$Lambda+0x000000001713d240
instanceKlass sun/util/resources/Bundles$CacheKey
instanceKlass java/util/ResourceBundle$3
instanceKlass java/util/ResourceBundle$1
instanceKlass jdk/internal/access/JavaUtilResourceBundleAccess
instanceKlass sun/util/resources/Bundles
instanceKlass sun/util/resources/LocaleData$LocaleDataStrategy
instanceKlass sun/util/resources/Bundles$Strategy
instanceKlass sun/util/resources/LocaleData
instanceKlass sun/util/locale/provider/LocaleResources
instanceKlass sun/util/resources/provider/NonBaseLocaleDataMetaInfo
instanceKlass  @bci jdk/internal/net/http/Http1Response lambda$readBody$0 (JLjava/net/http/HttpResponse$BodySubscriber;Ljava/util/concurrent/CompletableFuture;Ljdk/internal/net/http/Http1Response$ClientRefCountTracker;)V 169 <appendix> form vmentry <vmtarget> ; # java/lang/invoke/LambdaForm$DMH+0x0000000017161400
instanceKlass sun/util/locale/provider/BaseLocaleDataMetaInfo
instanceKlass  @bci sun/reflect/annotation/AnnotationParser parseEnumArray (ILjava/lang/Class;Ljava/nio/ByteBuffer;Ljdk/internal/reflect/ConstantPool;Ljava/lang/Class;)Ljava/lang/Object; 16 <appendix> member <vmtarget> ; # sun/reflect/annotation/AnnotationParser$$Lambda+0x000000001713ad20
instanceKlass org/junit/platform/commons/util/AnnotationUtils
instanceKlass org/junit/platform/commons/support/AnnotationSupport
instanceKlass sun/util/resources/cldr/provider/CLDRLocaleDataMetaInfo
instanceKlass org/junit/jupiter/api/Nested
instanceKlass jdk/internal/module/ModulePatcher$PatchedModuleReader
instanceKlass  @bci org/junit/platform/engine/discovery/ClassSelector getJavaClass ()Ljava/lang/Class; 39 <appendix> member <vmtarget> ; # org/junit/platform/engine/discovery/ClassSelector$$Lambda+0x0000000017164230
instanceKlass sun/util/locale/InternalLocaleBuilder$CaseInsensitiveChar
instanceKlass sun/util/locale/InternalLocaleBuilder
instanceKlass base/BaseTest
instanceKlass sun/util/locale/StringTokenIterator
instanceKlass java/text/ParsePosition
instanceKlass sun/util/cldr/CLDRBaseLocaleDataMetaInfo
instanceKlass sun/util/locale/provider/LocaleDataMetaInfo
instanceKlass sun/util/locale/provider/AvailableLanguageTags
instanceKlass sun/util/locale/provider/ResourceBundleBasedAdapter
instanceKlass  @bci org/junit/platform/commons/function/Try call (Ljava/util/concurrent/Callable;)Lorg/junit/platform/commons/function/Try; 8 <appendix> member <vmtarget> ; # org/junit/platform/commons/function/Try$$Lambda+0x000000001715fa60
instanceKlass sun/util/locale/provider/LocaleProviderAdapter
instanceKlass  @bci java/util/ResourceBundle$Control getCandidateLocales (Ljava/lang/String;Ljava/util/Locale;)Ljava/util/List; 23 <appendix> argL0 ; # java/util/ResourceBundle$Control$$Lambda+0x00000000171353a8
instanceKlass  @bci java/util/ResourceBundle$Control <clinit> ()V 39 <appendix> argL0 ; # java/util/ResourceBundle$Control$$Lambda+0x0000000017134ce0
instanceKlass  @bci org/junit/platform/commons/util/ReflectionUtils tryToLoadClass (Ljava/lang/String;Ljava/lang/ClassLoader;)Lorg/junit/platform/commons/function/Try; 51 <appendix> member <vmtarget> ; # org/junit/platform/commons/util/ReflectionUtils$$Lambda+0x000000001715f370
instanceKlass java/util/ResourceBundle
instanceKlass  @bci org/junit/platform/commons/util/ReflectionUtils <clinit> ()V 429 <appendix> member <vmtarget> ; # org/junit/platform/commons/util/ReflectionUtils$$Lambda+0x000000001715f130
instanceKlass java/util/ResourceBundle$Control
instanceKlass  @cpi org/junit/platform/commons/util/ReflectionUtils 1909 form vmentry <vmtarget> ; # java/lang/invoke/LambdaForm$DMH+0x0000000017161000
instanceKlass sun/util/locale/provider/TimeZoneNameUtility$TimeZoneNameGetter
instanceKlass  @bci org/junit/platform/commons/util/ClasspathScannerLoader getInstance ()Lorg/junit/platform/commons/support/scanning/ClasspathScanner; 102 <appendix> argL0 ; # org/junit/platform/commons/util/ClasspathScannerLoader$$Lambda+0x000000001715eef8
instanceKlass sun/util/locale/provider/LocaleServiceProviderPool
instanceKlass java/util/spi/LocaleServiceProvider
instanceKlass  @cpi org/junit/platform/commons/util/ClasspathScannerLoader 110 form vmentry <vmtarget> ; # java/lang/invoke/LambdaForm$DMH+0x0000000017160c00
instanceKlass sun/util/locale/provider/TimeZoneNameUtility
instanceKlass sun/util/calendar/CalendarUtils
instanceKlass org/junit/platform/commons/function/Try
instanceKlass sun/util/calendar/ZoneInfoFile$ZoneOffsetTransitionRule
instanceKlass  @bci org/junit/platform/commons/util/ClasspathScannerLoader getInstance ()Lorg/junit/platform/commons/support/scanning/ClasspathScanner; 97 <appendix> argL0 ; # org/junit/platform/commons/util/ClasspathScannerLoader$$Lambda+0x000000001715ea78
instanceKlass java/nio/file/FileVisitor
instanceKlass org/junit/platform/commons/support/scanning/DefaultClasspathScanner
instanceKlass org/junit/platform/commons/support/scanning/ClasspathScanner
instanceKlass org/junit/platform/commons/util/ClasspathScannerLoader
instanceKlass org/junit/platform/commons/support/ReflectionSupport
instanceKlass sun/util/calendar/ZoneInfoFile
instanceKlass org/junit/platform/engine/discovery/ClasspathRootSelector
instanceKlass java/time/temporal/TemporalAdjuster
instanceKlass java/time/ZoneId
instanceKlass org/junit/platform/engine/discovery/ClasspathResourceSelector
instanceKlass  @bci org/junit/platform/engine/support/discovery/EngineDiscoveryRequestResolution resolve (Lorg/junit/platform/engine/DiscoverySelector;Ljava/util/function/Function;)Ljava/util/Optional; 15 <appendix> argL0 ; # org/junit/platform/engine/support/discovery/EngineDiscoveryRequestResolution$$Lambda+0x000000001715db00
instanceKlass java/util/TimeZone
instanceKlass  @bci org/junit/platform/engine/support/discovery/EngineDiscoveryRequestResolution resolve (Lorg/junit/platform/engine/DiscoverySelector;)Ljava/util/Optional; 50 <appendix> member <vmtarget> ; # org/junit/platform/engine/support/discovery/EngineDiscoveryRequestResolution$$Lambda+0x000000001715d8b0
instanceKlass sun/nio/cs/Surrogate
instanceKlass sun/nio/cs/Surrogate$Parser
instanceKlass org/junit/platform/engine/support/discovery/SelectorResolver$Resolution
instanceKlass org/junit/platform/engine/discovery/UniqueIdSelector
instanceKlass  @bci java/util/ArrayDeque copyElements (Ljava/util/Collection;)V 2 <appendix> member <vmtarget> ; # java/util/ArrayDeque$$Lambda+0x000000001712d758
instanceKlass sun/management/counter/Units
instanceKlass jdk/internal/agent/ConnectorAddressLink
instanceKlass  @bci org/junit/platform/launcher/core/DefaultDiscoveryRequest getSelectorsByType (Ljava/lang/Class;)Ljava/util/List; 38 <appendix> member <vmtarget> ; # org/junit/platform/launcher/core/DefaultDiscoveryRequest$$Lambda+0x000000001715d1f0
instanceKlass  @bci org/junit/platform/launcher/core/DefaultDiscoveryRequest getSelectorsByType (Ljava/lang/Class;)Ljava/util/List; 22 <appendix> member <vmtarget> ; # org/junit/platform/launcher/core/DefaultDiscoveryRequest$$Lambda+0x000000001715cf90
# instanceKlass java/lang/invoke/LambdaForm$MH+0x0000000017160800
# instanceKlass java/lang/invoke/LambdaForm$MH+0x0000000017160400
instanceKlass  @bci org/junit/platform/engine/support/discovery/SelectorResolver$Match exact (Lorg/junit/platform/engine/TestDescriptor;)Lorg/junit/platform/engine/support/discovery/SelectorResolver$Match; 1 <appendix> argL0 ; # org/junit/platform/engine/support/discovery/SelectorResolver$Match$$Lambda+0x000000001715c918
# instanceKlass java/lang/invoke/LambdaForm$MH+0x0000000017160000
instanceKlass org/junit/platform/engine/support/discovery/SelectorResolver$Match
instanceKlass org/junit/platform/engine/support/discovery/EngineDiscoveryRequestResolution$DefaultContext
instanceKlass java/io/SerialCallbackContext
instanceKlass java/io/ObjectStreamClass$ClassDataSlot
instanceKlass org/junit/platform/engine/support/discovery/SelectorResolver$Context
instanceKlass org/junit/platform/engine/support/discovery/EngineDiscoveryRequestResolution
instanceKlass org/junit/platform/engine/CompositeTestDescriptorVisitor
instanceKlass java/io/ObjectOutputStream$ReplaceTable
instanceKlass java/io/ObjectOutputStream$HandleTable
instanceKlass  @bci org/junit/jupiter/engine/discovery/DiscoverySelectorResolver lambda$static$4 (Lorg/junit/platform/engine/support/discovery/EngineDiscoveryRequestResolver$InitializationContext;)Lorg/junit/platform/engine/TestDescriptor$Visitor; 47 <appendix> member <vmtarget> ; # org/junit/jupiter/engine/discovery/DiscoverySelectorResolver$$Lambda+0x000000001715bc08
instanceKlass java/io/ObjectOutputStream$PutField
instanceKlass  @bci org/junit/jupiter/engine/discovery/MethodOrderingVisitor createMethodsBeforeNestedClassesOrderer ()Ljava/util/function/UnaryOperator; 22 <appendix> member <vmtarget> ; # org/junit/jupiter/engine/discovery/MethodOrderingVisitor$$Lambda+0x000000001715b9a0
instanceKlass java/util/function/UnaryOperator
instanceKlass java/util/Collections$ReverseComparator2
instanceKlass sun/rmi/server/WeakClassHashMap$ValueCell
instanceKlass java/util/Collections$ReverseComparator
instanceKlass  @bci java/util/Comparator comparing (Ljava/util/function/Function;)Ljava/util/Comparator; 6 <appendix> member <vmtarget> ; # java/util/Comparator$$Lambda+0x00000000171297c0
instanceKlass sun/rmi/transport/tcp/TCPTransport$AcceptLoop
instanceKlass java/lang/classfile/constantpool/IntegerEntry
instanceKlass java/util/LinkedList$ListItr
instanceKlass java/lang/invoke/InnerClassLambdaMetafactory$4
instanceKlass java/lang/invoke/InnerClassLambdaMetafactory$SerializationSupport
instanceKlass sun/rmi/transport/ObjectEndpoint
instanceKlass  @bci org/junit/jupiter/engine/discovery/MethodOrderingVisitor createMethodsBeforeNestedClassesOrderer ()Ljava/util/function/UnaryOperator; 7 <appendix> member <vmtarget> ; # org/junit/jupiter/engine/discovery/MethodOrderingVisitor$$Lambda+0x000000001715b750
instanceKlass sun/rmi/transport/DGCImpl_Skel
instanceKlass java/rmi/server/Skeleton
instanceKlass java/rmi/server/Operation
instanceKlass  @bci org/junit/jupiter/engine/discovery/MethodOrderingVisitor <init> (Lorg/junit/jupiter/engine/config/JupiterConfiguration;Lorg/junit/platform/engine/support/discovery/DiscoveryIssueReporter;)V 17 <appendix> argL0 ; # org/junit/jupiter/engine/discovery/MethodOrderingVisitor$$Lambda+0x000000001715b508
instanceKlass  @bci org/junit/jupiter/engine/discovery/MethodOrderingVisitor <init> (Lorg/junit/jupiter/engine/config/JupiterConfiguration;Lorg/junit/platform/engine/support/discovery/DiscoveryIssueReporter;)V 12 <appendix> argL0 ; # org/junit/jupiter/engine/discovery/MethodOrderingVisitor$$Lambda+0x000000001715b2b0
instanceKlass  @bci sun/rmi/transport/DGCImpl exportSingleton ()V 50 <appendix> argL0 ; # sun/rmi/transport/DGCImpl$$Lambda+0x0000000017127798
instanceKlass org/junit/jupiter/api/MethodOrdererContext
instanceKlass java/io/ObjectInputFilter$FilterInfo
instanceKlass sun/rmi/runtime/RuntimeUtil$1
instanceKlass sun/rmi/runtime/RuntimeUtil
instanceKlass sun/rmi/transport/DGCImpl
instanceKlass java/rmi/dgc/DGC
instanceKlass sun/rmi/transport/ObjectTable
instanceKlass  @bci org/junit/jupiter/engine/discovery/ClassOrderingVisitor <init> (Lorg/junit/jupiter/engine/config/JupiterConfiguration;Lorg/junit/platform/engine/support/discovery/DiscoveryIssueReporter;)V 39 <appendix> argL0 ; # org/junit/jupiter/engine/discovery/ClassOrderingVisitor$$Lambda+0x000000001715ac10
instanceKlass  @bci org/junit/jupiter/engine/discovery/ClassOrderingVisitor <init> (Lorg/junit/jupiter/engine/config/JupiterConfiguration;Lorg/junit/platform/engine/support/discovery/DiscoveryIssueReporter;)V 34 <appendix> argL0 ; # org/junit/jupiter/engine/discovery/ClassOrderingVisitor$$Lambda+0x000000001715a9b8
instanceKlass sun/rmi/transport/Target
instanceKlass  @bci org/junit/jupiter/engine/discovery/AbstractOrderingVisitor$DescriptorWrapperOrderer <clinit> ()V 11 <appendix> argL0 ; # org/junit/jupiter/engine/discovery/AbstractOrderingVisitor$DescriptorWrapperOrderer$$Lambda+0x000000001715a790
instanceKlass  @bci org/junit/jupiter/engine/discovery/AbstractOrderingVisitor$DescriptorWrapperOrderer <clinit> ()V 6 <appendix> argL0 ; # org/junit/jupiter/engine/discovery/AbstractOrderingVisitor$DescriptorWrapperOrderer$$Lambda+0x000000001715a568
instanceKlass org/junit/jupiter/engine/discovery/AbstractOrderingVisitor$MessageGenerator
instanceKlass java/rmi/server/RemoteObject
instanceKlass org/junit/jupiter/engine/discovery/AbstractOrderingVisitor$DescriptorWrapperOrderer
instanceKlass java/rmi/server/RMISocketFactory
instanceKlass sun/rmi/transport/tcp/TCPTransport$1
instanceKlass java/util/concurrent/LinkedTransferQueue$DualNode
instanceKlass  @bci org/junit/jupiter/engine/config/InstantiatingConfigurationParameterConverter supply (Lorg/junit/platform/engine/ConfigurationParameters;Ljava/lang/String;)Ljava/util/function/Supplier; 33 <appendix> argL0 ; # org/junit/jupiter/engine/config/InstantiatingConfigurationParameterConverter$$Lambda+0x0000000017159f18
instanceKlass java/util/concurrent/TransferQueue
instanceKlass  @bci org/junit/jupiter/engine/config/InstantiatingConfigurationParameterConverter supply (Lorg/junit/platform/engine/ConfigurationParameters;Ljava/lang/String;)Ljava/util/function/Supplier; 25 <appendix> member <vmtarget> ; # org/junit/jupiter/engine/config/InstantiatingConfigurationParameterConverter$$Lambda+0x0000000017159cc8
instanceKlass java/util/concurrent/SynchronousQueue$WaitQueue
instanceKlass  @bci org/junit/jupiter/engine/config/InstantiatingConfigurationParameterConverter supply (Lorg/junit/platform/engine/ConfigurationParameters;Ljava/lang/String;)Ljava/util/function/Supplier; 15 <appendix> argL0 ; # org/junit/jupiter/engine/config/InstantiatingConfigurationParameterConverter$$Lambda+0x0000000017159a70
instanceKlass sun/rmi/transport/Channel
instanceKlass  @bci org/junit/jupiter/engine/config/InstantiatingConfigurationParameterConverter supply (Lorg/junit/platform/engine/ConfigurationParameters;Ljava/lang/String;)Ljava/util/function/Supplier; 7 <appendix> argL0 ; # org/junit/jupiter/engine/config/InstantiatingConfigurationParameterConverter$$Lambda+0x0000000017159828
instanceKlass java/net/InetAddress$CachedLocalHost
instanceKlass  @bci org/junit/jupiter/engine/config/CachingJupiterConfiguration getDefaultTestClassOrderer ()Ljava/util/Optional; 7 <appendix> member <vmtarget> ; # org/junit/jupiter/engine/config/CachingJupiterConfiguration$$Lambda+0x00000000171595d8
instanceKlass org/junit/jupiter/api/ClassOrdererContext
instanceKlass org/junit/jupiter/engine/discovery/AbstractOrderingVisitor
instanceKlass  @bci org/junit/jupiter/engine/discovery/MethodSelectorResolver$MethodType allPossibilities (Lorg/junit/platform/engine/support/discovery/DiscoveryIssueReporter;)Ljava/util/List; 86 <appendix> argL0 ; # org/junit/jupiter/engine/discovery/MethodSelectorResolver$MethodType$$Lambda+0x00000000171585a0
instanceKlass  @bci org/junit/jupiter/engine/discovery/MethodSelectorResolver$MethodType allPossibilities (Lorg/junit/platform/engine/support/discovery/DiscoveryIssueReporter;)Ljava/util/List; 47 <appendix> argL0 ; # org/junit/jupiter/engine/discovery/MethodSelectorResolver$MethodType$$Lambda+0x0000000017153d08
instanceKlass  @bci org/junit/jupiter/engine/discovery/MethodSelectorResolver$MethodType allPossibilities (Lorg/junit/platform/engine/support/discovery/DiscoveryIssueReporter;)Ljava/util/List; 18 <appendix> argL0 ; # org/junit/jupiter/engine/discovery/MethodSelectorResolver$MethodType$$Lambda+0x00000000171527a8
instanceKlass java/rmi/server/RMIClientSocketFactory
instanceKlass sun/rmi/transport/Transport
instanceKlass  @cpi org/junit/jupiter/engine/discovery/MethodSelectorResolver$MethodType 305 form vmentry <vmtarget> ; # java/lang/invoke/LambdaForm$DMH+0x0000000017151c00
instanceKlass sun/rmi/transport/tcp/TCPEndpoint
instanceKlass org/junit/jupiter/engine/extension/ExtensionRegistrar
instanceKlass sun/security/provider/AbstractDrbg$NonceProvider
instanceKlass org/junit/jupiter/engine/discovery/MethodSelectorResolver$MethodType$TestDescriptorFactory
instanceKlass  @bci sun/security/provider/AbstractDrbg$SeederHolder <clinit> ()V 42 <appendix> member <vmtarget> ; # sun/security/provider/AbstractDrbg$SeederHolder$$Lambda+0x00000000171208e8
instanceKlass org/junit/jupiter/engine/discovery/MethodSelectorResolver$MethodType
instanceKlass  @cpi sun/security/provider/AbstractDrbg$SeederHolder 91 form vmentry <vmtarget> ; # java/lang/invoke/LambdaForm$DMH+0x0000000017151800
# instanceKlass java/lang/invoke/LambdaForm$DMH+0x0000000017151400
instanceKlass  @bci java/util/regex/Pattern DOT ()Ljava/util/regex/Pattern$CharPredicate; 0 <appendix> argL0 ; # java/util/regex/Pattern$$Lambda+0x0000000017120680
instanceKlass org/junit/jupiter/engine/discovery/MethodFinder
instanceKlass org/junit/jupiter/engine/discovery/MethodSelectorResolver
instanceKlass org/junit/jupiter/engine/descriptor/Filterable
instanceKlass java/net/NetworkInterface$1
instanceKlass org/junit/jupiter/engine/descriptor/Validatable
instanceKlass org/junit/jupiter/engine/descriptor/ResourceLockAware
instanceKlass java/net/DefaultInterface
instanceKlass java/net/InterfaceAddress
instanceKlass org/junit/jupiter/engine/descriptor/TestClassAware
instanceKlass org/junit/jupiter/api/extension/ClassTemplateInvocationContext
instanceKlass java/net/NetworkInterface
instanceKlass org/junit/jupiter/engine/discovery/ClassSelectorResolver
instanceKlass  @bci org/junit/jupiter/engine/discovery/predicates/TestClassPredicates isNotAnonymous (Lorg/junit/platform/engine/support/discovery/DiscoveryIssueReporter;)Lorg/junit/platform/engine/support/discovery/DiscoveryIssueReporter$Condition; 6 <appendix> argL0 ; # org/junit/jupiter/engine/discovery/predicates/TestClassPredicates$$Lambda+0x0000000017154258
instanceKlass  @bci org/junit/jupiter/engine/discovery/predicates/TestClassPredicates isNotAnonymous (Lorg/junit/platform/engine/support/discovery/DiscoveryIssueReporter;)Lorg/junit/platform/engine/support/discovery/DiscoveryIssueReporter$Condition; 1 <appendix> argL0 ; # org/junit/jupiter/engine/discovery/predicates/TestClassPredicates$$Lambda+0x0000000017154000
instanceKlass  @bci org/junit/jupiter/engine/discovery/predicates/TestClassPredicates isNotInnerUnlessAbstract (Lorg/junit/platform/engine/support/discovery/DiscoveryIssueReporter;)Lorg/junit/platform/engine/support/discovery/DiscoveryIssueReporter$Condition; 6 <appendix> argL0 ; # org/junit/jupiter/engine/discovery/predicates/TestClassPredicates$$Lambda+0x000000001714fd08
instanceKlass  @bci org/junit/jupiter/engine/discovery/predicates/TestClassPredicates isNotInnerUnlessAbstract (Lorg/junit/platform/engine/support/discovery/DiscoveryIssueReporter;)Lorg/junit/platform/engine/support/discovery/DiscoveryIssueReporter$Condition; 1 <appendix> argL0 ; # org/junit/jupiter/engine/discovery/predicates/TestClassPredicates$$Lambda+0x000000001714fab0
instanceKlass  @bci org/junit/jupiter/engine/discovery/predicates/TestClassPredicates isNotLocal (Lorg/junit/platform/engine/support/discovery/DiscoveryIssueReporter;)Lorg/junit/platform/engine/support/discovery/DiscoveryIssueReporter$Condition; 6 <appendix> argL0 ; # org/junit/jupiter/engine/discovery/predicates/TestClassPredicates$$Lambda+0x000000001714f868
instanceKlass sun/security/provider/ByteArrayAccess$BE
instanceKlass sun/security/provider/ByteArrayAccess
instanceKlass  @bci org/junit/jupiter/engine/discovery/predicates/TestClassPredicates isNotLocal (Lorg/junit/platform/engine/support/discovery/DiscoveryIssueReporter;)Lorg/junit/platform/engine/support/discovery/DiscoveryIssueReporter$Condition; 1 <appendix> argL0 ; # org/junit/jupiter/engine/discovery/predicates/TestClassPredicates$$Lambda+0x000000001714f610
instanceKlass  @bci org/junit/jupiter/engine/discovery/predicates/TestClassPredicates isInner (Lorg/junit/platform/engine/support/discovery/DiscoveryIssueReporter;)Lorg/junit/platform/engine/support/discovery/DiscoveryIssueReporter$Condition; 6 <appendix> argL0 ; # org/junit/jupiter/engine/discovery/predicates/TestClassPredicates$$Lambda+0x000000001714f3c8
instanceKlass sun/security/jca/GetInstance$Instance
instanceKlass  @bci org/junit/jupiter/engine/discovery/predicates/TestClassPredicates isInner (Lorg/junit/platform/engine/support/discovery/DiscoveryIssueReporter;)Lorg/junit/platform/engine/support/discovery/DiscoveryIssueReporter$Condition; 1 <appendix> argL0 ; # org/junit/jupiter/engine/discovery/predicates/TestClassPredicates$$Lambda+0x000000001714f170
instanceKlass sun/security/jca/GetInstance
instanceKlass  @bci org/junit/jupiter/engine/discovery/predicates/TestClassPredicates isNotPrivateUnlessAbstract (Ljava/lang/String;Lorg/junit/platform/engine/support/discovery/DiscoveryIssueReporter;)Lorg/junit/platform/engine/support/discovery/DiscoveryIssueReporter$Condition; 7 <appendix> member <vmtarget> ; # org/junit/jupiter/engine/discovery/predicates/TestClassPredicates$$Lambda+0x000000001714ef20
instanceKlass sun/security/util/CryptoAlgorithmConstraints$CryptoHolder
instanceKlass sun/security/util/AbstractAlgorithmConstraints
instanceKlass java/security/AlgorithmConstraints
instanceKlass  @bci org/junit/jupiter/engine/discovery/predicates/TestClassPredicates isNotPrivateUnlessAbstract (Ljava/lang/String;Lorg/junit/platform/engine/support/discovery/DiscoveryIssueReporter;)Lorg/junit/platform/engine/support/discovery/DiscoveryIssueReporter$Condition; 1 <appendix> argL0 ; # org/junit/jupiter/engine/discovery/predicates/TestClassPredicates$$Lambda+0x000000001714ecc8
instanceKlass sun/security/util/MessageDigestSpi2
instanceKlass java/security/MessageDigestSpi
instanceKlass  @bci org/junit/jupiter/engine/discovery/predicates/IsTestTemplateMethod <init> (Lorg/junit/platform/engine/support/discovery/DiscoveryIssueReporter;)V 3 <appendix> argL0 ; # org/junit/jupiter/engine/discovery/predicates/IsTestTemplateMethod$$Lambda+0x000000001714ea90
instanceKlass org/junit/jupiter/api/TestTemplate
instanceKlass  @bci java/util/function/Predicate or (Ljava/util/function/Predicate;)Ljava/util/function/Predicate; 7 <appendix> member <vmtarget> ; # java/util/function/Predicate$$Lambda+0x000000001711d560
instanceKlass  @bci org/junit/jupiter/engine/discovery/predicates/IsTestFactoryMethod hasCompatibleReturnType (Ljava/lang/Class;Lorg/junit/platform/engine/support/discovery/DiscoveryIssueReporter;)Lorg/junit/platform/engine/support/discovery/DiscoveryIssueReporter$Condition; 8 <appendix> member <vmtarget> ; # org/junit/jupiter/engine/discovery/predicates/IsTestFactoryMethod$$Lambda+0x000000001714e3c8
instanceKlass  @bci org/junit/jupiter/engine/discovery/predicates/IsTestFactoryMethod hasCompatibleReturnType (Ljava/lang/Class;Lorg/junit/platform/engine/support/discovery/DiscoveryIssueReporter;)Lorg/junit/platform/engine/support/discovery/DiscoveryIssueReporter$Condition; 2 <appendix> member <vmtarget> ; # org/junit/jupiter/engine/discovery/predicates/IsTestFactoryMethod$$Lambda+0x000000001714e168
instanceKlass  @bci org/junit/jupiter/engine/discovery/predicates/IsTestFactoryMethod <init> (Lorg/junit/platform/engine/support/discovery/DiscoveryIssueReporter;)V 3 <appendix> argL0 ; # org/junit/jupiter/engine/discovery/predicates/IsTestFactoryMethod$$Lambda+0x000000001714df30
instanceKlass org/junit/jupiter/api/TestFactory
instanceKlass java/util/Formatter$FormatSpecifierParser
instanceKlass org/junit/jupiter/api/DynamicNode
instanceKlass  @bci org/junit/jupiter/engine/discovery/predicates/IsTestableMethod hasVoidReturnType (Ljava/lang/Class;Lorg/junit/platform/engine/support/discovery/DiscoveryIssueReporter;)Lorg/junit/platform/engine/support/discovery/DiscoveryIssueReporter$Condition; 7 <appendix> member <vmtarget> ; # org/junit/jupiter/engine/discovery/predicates/IsTestableMethod$$Lambda+0x000000001714d640
instanceKlass  @bci org/junit/jupiter/engine/discovery/predicates/IsTestableMethod hasVoidReturnType (Ljava/lang/Class;Lorg/junit/platform/engine/support/discovery/DiscoveryIssueReporter;)Lorg/junit/platform/engine/support/discovery/DiscoveryIssueReporter$Condition; 1 <appendix> argL0 ; # org/junit/jupiter/engine/discovery/predicates/IsTestableMethod$$Lambda+0x000000001714d3e8
instanceKlass sun/security/provider/SeedGenerator
instanceKlass sun/security/provider/AbstractDrbg$SeederHolder
instanceKlass java/security/DrbgParameters$NextBytes
instanceKlass  @bci sun/security/provider/AbstractDrbg <clinit> ()V 12 <appendix> argL0 ; # sun/security/provider/AbstractDrbg$$Lambda+0x000000001711c450
instanceKlass  @cpi sun/security/provider/AbstractDrbg 383 form vmentry <vmtarget> ; # java/lang/invoke/LambdaForm$DMH+0x0000000017151000
instanceKlass org/junit/platform/commons/util/ReflectionUtils
# instanceKlass java/lang/invoke/LambdaForm$DMH+0x0000000017150c00
instanceKlass sun/security/provider/EntropySource
instanceKlass java/security/DrbgParameters$Instantiation
instanceKlass java/security/DrbgParameters
instanceKlass sun/security/provider/MoreDrbgParameters
instanceKlass  @bci org/junit/platform/engine/support/discovery/DiscoveryIssueReporter$Condition and (Lorg/junit/platform/engine/support/discovery/DiscoveryIssueReporter$Condition;)Lorg/junit/platform/engine/support/discovery/DiscoveryIssueReporter$Condition; 9 <appendix> member <vmtarget> ; # org/junit/platform/engine/support/discovery/DiscoveryIssueReporter$Condition$$Lambda+0x000000001714cf78
instanceKlass sun/security/provider/AbstractDrbg
instanceKlass  @cpi org/junit/platform/engine/support/discovery/DiscoveryIssueReporter$Condition 68 form vmentry <vmtarget> ; # java/lang/invoke/LambdaForm$DMH+0x0000000017150800
instanceKlass  @bci org/junit/jupiter/engine/discovery/predicates/IsTestableMethod isNotPrivate (Ljava/lang/Class;Lorg/junit/platform/engine/support/discovery/DiscoveryIssueReporter;)Lorg/junit/platform/engine/support/discovery/DiscoveryIssueReporter$Condition; 7 <appendix> member <vmtarget> ; # org/junit/jupiter/engine/discovery/predicates/IsTestableMethod$$Lambda+0x000000001714cd28
instanceKlass  @bci org/junit/jupiter/engine/discovery/predicates/IsTestableMethod isNotPrivate (Ljava/lang/Class;Lorg/junit/platform/engine/support/discovery/DiscoveryIssueReporter;)Lorg/junit/platform/engine/support/discovery/DiscoveryIssueReporter$Condition; 1 <appendix> argL0 ; # org/junit/jupiter/engine/discovery/predicates/IsTestableMethod$$Lambda+0x000000001714cad0
instanceKlass  @bci org/junit/platform/engine/support/discovery/DiscoveryIssueReporter createReportingCondition (Ljava/util/function/Predicate;Ljava/util/function/Function;)Lorg/junit/platform/engine/support/discovery/DiscoveryIssueReporter$Condition; 17 <appendix> member <vmtarget> ; # org/junit/platform/engine/support/discovery/DiscoveryIssueReporter$$Lambda+0x000000001714c870
instanceKlass  @cpi java/util/function/BiPredicate 54 form vmentry <vmtarget> ; # java/lang/invoke/LambdaForm$DMH+0x0000000017150400
instanceKlass  @bci org/junit/jupiter/engine/discovery/predicates/IsTestableMethod isNotStatic (Ljava/lang/Class;Lorg/junit/platform/engine/support/discovery/DiscoveryIssueReporter;)Lorg/junit/platform/engine/support/discovery/DiscoveryIssueReporter$Condition; 7 <appendix> member <vmtarget> ; # org/junit/jupiter/engine/discovery/predicates/IsTestableMethod$$Lambda+0x000000001714c620
instanceKlass  @bci org/junit/jupiter/engine/discovery/predicates/IsTestableMethod isNotStatic (Ljava/lang/Class;Lorg/junit/platform/engine/support/discovery/DiscoveryIssueReporter;)Lorg/junit/platform/engine/support/discovery/DiscoveryIssueReporter$Condition; 1 <appendix> argL0 ; # org/junit/jupiter/engine/discovery/predicates/IsTestableMethod$$Lambda+0x000000001714c3c8
instanceKlass  @cpi org/openqa/selenium/AcceptedW3CCapabilityKeys 107 form vmentry <vmtarget> ; # java/lang/invoke/LambdaForm$DMH+0x0000000017150000
instanceKlass sun/security/util/SecurityProviderConstants
instanceKlass java/security/Provider$UString
instanceKlass org/junit/platform/commons/support/ModifierSupport
instanceKlass java/security/Provider$Service
instanceKlass sun/security/provider/NativePRNG$NonBlocking
instanceKlass sun/security/provider/NativePRNG$Blocking
instanceKlass sun/security/provider/NativePRNG
instanceKlass sun/security/provider/SunEntries
instanceKlass  @bci org/junit/jupiter/engine/discovery/predicates/IsTestMethod <init> (Lorg/junit/platform/engine/support/discovery/DiscoveryIssueReporter;)V 3 <appendix> argL0 ; # org/junit/jupiter/engine/discovery/predicates/IsTestMethod$$Lambda+0x000000001714bf80
instanceKlass sun/security/util/SecurityConstants
instanceKlass org/junit/platform/engine/support/discovery/DiscoveryIssueReporter$Condition
instanceKlass org/junit/jupiter/api/Test
instanceKlass org/junit/jupiter/engine/discovery/predicates/IsTestableMethod
instanceKlass javax/security/auth/login/Configuration$Parameters
instanceKlass java/security/Policy$Parameters
instanceKlass javax/crypto/KDFParameters
instanceKlass java/security/cert/CertStoreParameters
instanceKlass java/security/SecureRandomParameters
instanceKlass java/security/Provider$EngineDescription
instanceKlass  @bci java/security/Provider <clinit> ()V 28 <appendix> argL0 ; # java/security/Provider$$Lambda+0x00000000171167c8
instanceKlass  @bci org/junit/jupiter/engine/discovery/predicates/TestClassPredicates <init> (Lorg/junit/platform/engine/support/discovery/DiscoveryIssueReporter;)V 34 <appendix> member <vmtarget> ; # org/junit/jupiter/engine/discovery/predicates/TestClassPredicates$$Lambda+0x000000001714b430
instanceKlass  @bci org/junit/jupiter/engine/discovery/predicates/TestClassPredicates <init> (Lorg/junit/platform/engine/support/discovery/DiscoveryIssueReporter;)V 24 <appendix> member <vmtarget> ; # org/junit/jupiter/engine/discovery/predicates/TestClassPredicates$$Lambda+0x000000001714b1d0
instanceKlass java/security/Provider$ServiceKey
instanceKlass  @bci org/junit/jupiter/engine/discovery/predicates/TestClassPredicates <init> (Lorg/junit/platform/engine/support/discovery/DiscoveryIssueReporter;)V 14 <appendix> argL0 ; # org/junit/jupiter/engine/discovery/predicates/TestClassPredicates$$Lambda+0x000000001714af78
instanceKlass  @bci org/junit/jupiter/engine/discovery/predicates/TestClassPredicates <init> (Lorg/junit/platform/engine/support/discovery/DiscoveryIssueReporter;)V 5 <appendix> argL0 ; # org/junit/jupiter/engine/discovery/predicates/TestClassPredicates$$Lambda+0x000000001714ad20
instanceKlass sun/security/jca/ProviderConfig
instanceKlass org/junit/jupiter/engine/discovery/predicates/TestClassPredicates
instanceKlass sun/security/jca/ProviderList
instanceKlass org/junit/platform/engine/support/discovery/ClassContainerSelectorResolver
instanceKlass sun/security/jca/Providers
instanceKlass java/security/SecureRandomSpi
instanceKlass  @bci java/util/stream/Collectors toCollection (Ljava/util/function/Supplier;)Ljava/util/stream/Collector; 10 <appendix> argL0 ; # java/util/stream/Collectors$$Lambda+0x0000000017112cb0
instanceKlass java/rmi/server/UID
instanceKlass java/rmi/server/ObjID
instanceKlass  @bci java/util/stream/Collectors toCollection (Ljava/util/function/Supplier;)Ljava/util/stream/Collector; 5 <appendix> argL0 ; # java/util/stream/Collectors$$Lambda+0x0000000017112650
instanceKlass sun/rmi/transport/Endpoint
instanceKlass sun/rmi/transport/LiveRef
instanceKlass  @bci org/junit/platform/engine/support/discovery/EngineDiscoveryRequestResolver instantiate (Ljava/util/List;Lorg/junit/platform/engine/support/discovery/EngineDiscoveryRequestResolver$InitializationContext;)Ljava/util/List; 17 <appendix> argL0 ; # org/junit/platform/engine/support/discovery/EngineDiscoveryRequestResolver$$Lambda+0x000000001714a5b8
instanceKlass  @bci org/junit/platform/engine/support/discovery/EngineDiscoveryRequestResolver instantiate (Ljava/util/List;Lorg/junit/platform/engine/support/discovery/EngineDiscoveryRequestResolver$InitializationContext;)Ljava/util/List; 7 <appendix> member <vmtarget> ; # org/junit/platform/engine/support/discovery/EngineDiscoveryRequestResolver$$Lambda+0x000000001714a368
instanceKlass java/util/logging/ErrorManager
instanceKlass jdk/internal/logger/SimpleConsoleLogger$Formatting
instanceKlass  @bci org/junit/platform/engine/CompositeFilter$1 toPredicate ()Ljava/util/function/Predicate; 0 <appendix> argL0 ; # org/junit/platform/engine/CompositeFilter$1$$Lambda+0x000000001714a110
instanceKlass  @bci java/util/logging/SimpleFormatter <init> ()V 5 <appendix> argL0 ; # java/util/logging/SimpleFormatter$$Lambda+0x0000000017111b78
instanceKlass org/junit/platform/engine/CompositeFilter$1
instanceKlass java/util/logging/Formatter
instanceKlass org/junit/platform/engine/CompositeFilter
instanceKlass sun/rmi/runtime/Log$LoggerLogFactory
instanceKlass org/junit/platform/engine/discovery/PackageNameFilter
instanceKlass sun/rmi/runtime/Log$LogFactory
instanceKlass sun/rmi/runtime/Log
instanceKlass  @bci org/junit/platform/launcher/core/DefaultDiscoveryRequest getFiltersByType (Ljava/lang/Class;)Ljava/util/List; 38 <appendix> member <vmtarget> ; # org/junit/platform/launcher/core/DefaultDiscoveryRequest$$Lambda+0x0000000017149830
instanceKlass sun/rmi/server/Util
instanceKlass  @bci org/junit/platform/launcher/core/DefaultDiscoveryRequest getFiltersByType (Ljava/lang/Class;)Ljava/util/List; 22 <appendix> member <vmtarget> ; # org/junit/platform/launcher/core/DefaultDiscoveryRequest$$Lambda+0x00000000171495d0
instanceKlass org/junit/platform/engine/discovery/ClassNameFilter
instanceKlass org/junit/platform/engine/DiscoveryFilter
instanceKlass sun/rmi/server/WeakClassHashMap
instanceKlass java/rmi/server/RemoteCall
instanceKlass  @bci java/io/ObjectInputFilter$Config$Global <init> (Ljava/lang/String;Z)V 444 <appendix> member <vmtarget> ; # java/io/ObjectInputFilter$Config$Global$$Lambda+0x000000001710da38
instanceKlass  @bci java/io/ObjectInputFilter$Config$Global <init> (Ljava/lang/String;Z)V 534 <appendix> member <vmtarget> ; # java/io/ObjectInputFilter$Config$Global$$Lambda+0x000000001710d7e8
instanceKlass org/junit/platform/engine/support/discovery/EngineDiscoveryRequestResolver$DefaultInitializationContext
instanceKlass  @bci org/junit/platform/engine/support/discovery/DiscoveryIssueReporter deduplicating (Lorg/junit/platform/engine/support/discovery/DiscoveryIssueReporter;)Lorg/junit/platform/engine/support/discovery/DiscoveryIssueReporter; 17 <appendix> member <vmtarget> ; # org/junit/platform/engine/support/discovery/DiscoveryIssueReporter$$Lambda+0x0000000017148cf8
instanceKlass java/io/ObjectInputFilter$Config$Global
instanceKlass  @bci org/junit/platform/engine/support/discovery/DiscoveryIssueReporter forwarding (Lorg/junit/platform/engine/EngineDiscoveryListener;Lorg/junit/platform/engine/UniqueId;)Lorg/junit/platform/engine/support/discovery/DiscoveryIssueReporter; 16 <appendix> member <vmtarget> ; # org/junit/platform/engine/support/discovery/DiscoveryIssueReporter$$Lambda+0x0000000017148aa8
instanceKlass  @bci java/io/ObjectInputFilter$Config <clinit> ()V 356 <appendix> argL0 ; # java/io/ObjectInputFilter$Config$$Lambda+0x000000001710cb30
instanceKlass jdk/internal/access/JavaObjectInputFilterAccess
instanceKlass java/io/ObjectInputFilter$Config$BuiltinFilterFactory
instanceKlass java/io/ObjectInputFilter
instanceKlass org/junit/platform/engine/DiscoveryIssue
instanceKlass java/io/ObjectInputFilter$Config
instanceKlass javax/management/remote/rmi/RMIConnection
instanceKlass org/junit/platform/engine/support/discovery/DiscoveryIssueReporter
instanceKlass javax/management/remote/JMXAuthenticator
instanceKlass javax/management/remote/rmi/RMIServerImpl
instanceKlass javax/management/remote/rmi/RMIServer
instanceKlass java/rmi/Remote
instanceKlass  @bci org/junit/jupiter/engine/discovery/DiscoverySelectorResolver <clinit> ()V 27 <appendix> argL0 ; # org/junit/jupiter/engine/discovery/DiscoverySelectorResolver$$Lambda+0x0000000017148450
instanceKlass javax/management/remote/JMXConnector
instanceKlass javax/management/remote/MBeanServerForwarder
instanceKlass org/junit/platform/engine/TestDescriptor$Visitor
instanceKlass  @bci org/junit/jupiter/engine/discovery/DiscoverySelectorResolver <clinit> ()V 19 <appendix> argL0 ; # org/junit/jupiter/engine/discovery/DiscoverySelectorResolver$$Lambda+0x0000000017148000
instanceKlass com/sun/jmx/remote/protocol/rmi/ServerProvider
instanceKlass javax/management/remote/JMXConnectorFactory$ProviderFinder
instanceKlass javax/management/remote/JMXConnectorProvider
instanceKlass  @bci org/junit/jupiter/engine/discovery/DiscoverySelectorResolver <clinit> ()V 11 <appendix> argL0 ; # org/junit/jupiter/engine/discovery/DiscoverySelectorResolver$$Lambda+0x0000000017144c98
instanceKlass  @bci javax/management/remote/JMXConnectorServerFactory getConnectorServerAsService (Ljava/lang/ClassLoader;Ljavax/management/remote/JMXServiceURL;Ljava/util/Map;Ljavax/management/MBeanServer;Ljava/util/function/Predicate;)Ljavax/management/remote/JMXConnectorServer; 3 <appendix> member <vmtarget> ; # javax/management/remote/JMXConnectorServerFactory$$Lambda+0x0000000017109c88
instanceKlass javax/management/remote/JMXAddressable
instanceKlass javax/management/remote/JMXConnectorServerMBean
instanceKlass javax/management/remote/JMXConnectorFactory$ConnectorFactory
instanceKlass  @bci org/junit/platform/engine/support/discovery/EngineDiscoveryRequestResolver$Builder addClassContainerSelectorResolverWithContext (Ljava/util/function/Function;)Lorg/junit/platform/engine/support/discovery/EngineDiscoveryRequestResolver$Builder; 9 <appendix> member <vmtarget> ; # org/junit/platform/engine/support/discovery/EngineDiscoveryRequestResolver$Builder$$Lambda+0x0000000017144a48
instanceKlass  @bci javax/management/remote/JMXConnectorServerFactory newJMXConnectorServer (Ljavax/management/remote/JMXServiceURL;Ljava/util/Map;Ljavax/management/MBeanServer;)Ljavax/management/remote/JMXConnectorServer; 75 <appendix> argL0 ; # javax/management/remote/JMXConnectorServerFactory$$Lambda+0x0000000017109078
instanceKlass  @bci org/junit/jupiter/engine/discovery/DiscoverySelectorResolver <clinit> ()V 3 <appendix> argL0 ; # org/junit/jupiter/engine/discovery/DiscoverySelectorResolver$$Lambda+0x0000000017144800
instanceKlass javax/management/remote/JMXConnectorFactory
instanceKlass javax/management/remote/JMXConnectorServerProvider
instanceKlass com/sun/jmx/remote/util/EnvHelp
instanceKlass org/junit/platform/engine/support/discovery/EngineDiscoveryRequestResolver$Builder
instanceKlass javax/management/remote/JMXConnectorServerFactory
instanceKlass java/net/ServerSocket
instanceKlass sun/management/jmxremote/LocalRMIServerSocketFactory
instanceKlass java/rmi/server/RMIServerSocketFactory
instanceKlass java/util/StringTokenizer
instanceKlass javax/management/remote/JMXServiceURL
instanceKlass org/junit/platform/engine/support/discovery/EngineDiscoveryRequestResolver$InitializationContext
instanceKlass jdk/management/jfr/FlightRecorderMXBeanImpl$MXBeanListener
instanceKlass jdk/jfr/FlightRecorder
instanceKlass org/junit/platform/engine/support/discovery/EngineDiscoveryRequestResolver
instanceKlass jdk/jfr/Recording
instanceKlass javax/management/NotificationFilter
instanceKlass org/junit/platform/engine/support/discovery/SelectorResolver
instanceKlass java/util/TimerTask
instanceKlass jdk/jfr/internal/management/StreamManager
instanceKlass org/junit/jupiter/engine/discovery/DiscoverySelectorResolver
instanceKlass org/junit/jupiter/api/extension/ExtensionContext
instanceKlass jdk/management/jfr/EventTypeInfo
instanceKlass jdk/management/jfr/ConfigurationInfo
instanceKlass org/junit/jupiter/engine/extension/ExtensionRegistry
instanceKlass org/junit/platform/engine/support/hierarchical/Node
instanceKlass jdk/management/jfr/RecordingInfo
instanceKlass sun/reflect/generics/tree/VoidDescriptor
instanceKlass sun/reflect/generics/tree/LongSignature
instanceKlass jdk/jfr/FlightRecorderListener
instanceKlass jdk/management/jfr/SettingDescriptorInfo$1
instanceKlass jdk/management/jfr/SettingDescriptorInfo
instanceKlass  @bci java/lang/management/DefaultPlatformMBeanProvider$10 nameToMBeanMap ()Ljava/util/Map; 36 <appendix> member <vmtarget> ; # java/lang/management/DefaultPlatformMBeanProvider$10$$Lambda+0x00000000171047a8
instanceKlass org/junit/jupiter/api/io/TempDirFactory
instanceKlass org/junit/jupiter/api/ClassOrderer
instanceKlass sun/management/ManagementFactoryHelper$1
instanceKlass  @bci sun/management/ManagementFactoryHelper getBufferPoolMXBeans ()Ljava/util/List; 25 <appendix> argL0 ; # sun/management/ManagementFactoryHelper$$Lambda+0x00000000171042d8
instanceKlass sun/nio/ch/FileChannelImpl$2
instanceKlass sun/nio/ch/FileChannelImpl$1
instanceKlass org/junit/jupiter/api/MethodOrderer
instanceKlass jdk/internal/misc/VM$BufferPoolsHolder
instanceKlass org/junit/jupiter/api/DisplayNameGenerator
instanceKlass com/sun/management/VMOption
instanceKlass org/junit/jupiter/engine/config/InstantiatingConfigurationParameterConverter
instanceKlass com/sun/management/internal/HotSpotDiagnostic
instanceKlass org/junit/jupiter/engine/config/EnumConfigurationParameterConverter
instanceKlass com/sun/management/GcInfo
instanceKlass javax/management/openmbean/CompositeDataView
instanceKlass org/junit/jupiter/engine/config/DefaultJupiterConfiguration
instanceKlass org/junit/jupiter/engine/config/CachingJupiterConfiguration
instanceKlass  @bci jdk/jfr/internal/dcmd/DCmdCheck getHelp ()[Ljava/lang/String; 6 <appendix> argL0 ; # jdk/jfr/internal/dcmd/DCmdCheck$$Lambda+0x0000000017102b70
instanceKlass  @bci org/junit/platform/launcher/listeners/discovery/CompositeLauncherDiscoveryListener engineDiscoveryStarted (Lorg/junit/platform/engine/UniqueId;)V 5 <appendix> member <vmtarget> ; # org/junit/platform/launcher/listeners/discovery/CompositeLauncherDiscoveryListener$$Lambda+0x0000000017143870
instanceKlass  @bci org/junit/platform/launcher/core/EngineDiscoveryOrchestrator discoverSafely (Lorg/junit/platform/launcher/LauncherDiscoveryRequest;Ljava/util/Optional;Lorg/junit/platform/launcher/core/DiscoveryIssueCollector;Ljava/util/function/Function;)Ljava/util/Map; 96 <appendix> member <vmtarget> ; # org/junit/platform/launcher/core/EngineDiscoveryOrchestrator$$Lambda+0x0000000017143640
instanceKlass  @bci jdk/jfr/internal/dcmd/DCmdDump getHelp ()[Ljava/lang/String; 27 <appendix> argL0 ; # jdk/jfr/internal/dcmd/DCmdDump$$Lambda+0x0000000017102948
instanceKlass  @bci org/junit/platform/launcher/core/EngineFilterer isExcluded (Lorg/junit/platform/engine/TestEngine;)Z 20 <appendix> argL0 ; # org/junit/platform/launcher/core/EngineFilterer$$Lambda+0x00000000171433e8
instanceKlass  @cpi org/openqa/selenium/remote/ErrorCodes 501 form vmentry <vmtarget> ; # java/lang/invoke/LambdaForm$DMH+0x0000000017144400
instanceKlass  @bci jdk/jfr/internal/dcmd/DCmdStart getHelp ()[Ljava/lang/String; 63 <appendix> argL0 ; # jdk/jfr/internal/dcmd/DCmdStart$$Lambda+0x0000000017102720
instanceKlass  @bci org/junit/platform/launcher/core/EngineFilterer isExcluded (Lorg/junit/platform/engine/TestEngine;)Z 10 <appendix> member <vmtarget> ; # org/junit/platform/launcher/core/EngineFilterer$$Lambda+0x0000000017143198
instanceKlass org/junit/platform/engine/FilterResult
instanceKlass org/junit/platform/launcher/EngineFilter
instanceKlass org/junit/platform/launcher/core/EngineFilterer
instanceKlass  @bci org/junit/platform/launcher/listeners/discovery/CompositeLauncherDiscoveryListener launcherDiscoveryStarted (Lorg/junit/platform/launcher/LauncherDiscoveryRequest;)V 5 <appendix> member <vmtarget> ; # org/junit/platform/launcher/listeners/discovery/CompositeLauncherDiscoveryListener$$Lambda+0x00000000171428a0
instanceKlass  @bci jdk/jfr/internal/util/Utils format (Ljava/lang/String;Ljava/util/Map;)Ljava/lang/String; 31 <appendix> argL0 ; # jdk/jfr/internal/util/Utils$$Lambda+0x0000000017102460
instanceKlass org/junit/platform/launcher/core/DelegatingLauncherDiscoveryRequest
instanceKlass java/util/AbstractMap$KeyIterator
instanceKlass org/junit/platform/launcher/listeners/discovery/CompositeLauncherDiscoveryListener
instanceKlass org/junit/platform/launcher/core/DiscoveryIssueCollector
instanceKlass  @bci org/junit/platform/launcher/core/EngineDiscoveryOrchestrator discover (Lorg/junit/platform/launcher/LauncherDiscoveryRequest;Lorg/junit/platform/launcher/core/LauncherPhase;)Lorg/junit/platform/launcher/core/LauncherDiscoveryResult; 6 <appendix> argL0 ; # org/junit/platform/launcher/core/EngineDiscoveryOrchestrator$$Lambda+0x0000000017141b70
instanceKlass  @bci org/junit/platform/commons/util/Preconditions containsNoNullElements ([Ljava/lang/Object;Ljava/lang/String;)[Ljava/lang/Object; 9 <appendix> member <vmtarget> ; # org/junit/platform/commons/util/Preconditions$$Lambda+0x00000000171414e0
instanceKlass  @bci org/junit/platform/launcher/core/InterceptingLauncher execute (Lorg/junit/platform/launcher/LauncherDiscoveryRequest;[Lorg/junit/platform/launcher/TestExecutionListener;)V 7 <appendix> member <vmtarget> ; # org/junit/platform/launcher/core/InterceptingLauncher$$Lambda+0x00000000171412b0
instanceKlass  @bci org/junit/platform/launcher/core/SessionPerRequestLauncher createSession ()Lorg/junit/platform/launcher/LauncherSession; 77 <appendix> member <vmtarget> ; # org/junit/platform/launcher/core/SessionPerRequestLauncher$$Lambda+0x0000000017141070
instanceKlass  @bci org/junit/platform/launcher/core/SessionPerRequestLauncher createSession ()Lorg/junit/platform/launcher/LauncherSession; 51 <appendix> member <vmtarget> ; # org/junit/platform/launcher/core/SessionPerRequestLauncher$$Lambda+0x0000000017140e30
instanceKlass  @bci org/junit/platform/launcher/core/LauncherFactory registerTestExecutionListeners (Lorg/junit/platform/launcher/core/LauncherConfig;Lorg/junit/platform/launcher/Launcher;Lorg/junit/platform/launcher/core/LauncherConfigurationParameters;)V 41 <appendix> member <vmtarget> ; # org/junit/platform/launcher/core/LauncherFactory$$Lambda+0x0000000017140bf0
instanceKlass  @bci org/junit/platform/launcher/core/LauncherFactory registerTestExecutionListeners (Lorg/junit/platform/launcher/core/LauncherConfig;Lorg/junit/platform/launcher/Launcher;Lorg/junit/platform/launcher/core/LauncherConfigurationParameters;)V 19 <appendix> member <vmtarget> ; # org/junit/platform/launcher/core/LauncherFactory$$Lambda+0x00000000171409b0
instanceKlass org/junit/platform/launcher/listeners/UniqueIdTrackingListener
instanceKlass java/util/regex/IntHashSet
instanceKlass java/util/regex/Matcher
instanceKlass java/util/regex/MatchResult
instanceKlass jdk/internal/foreign/MemorySessionImpl
instanceKlass java/lang/foreign/MemorySegment$Scope
instanceKlass  @bci jdk/jfr/internal/jfc/model/JFCModel add (Ljdk/jfr/internal/jfc/model/ControlElement;)V 10 <appendix> argL0 ; # jdk/jfr/internal/jfc/model/JFCModel$$Lambda+0x0000000017100e48
instanceKlass  @bci jdk/jfr/internal/jfc/model/JFCModel <init> (Ljdk/jfr/internal/jfc/model/XmlConfiguration;)V 25 <appendix> argL0 ; # jdk/jfr/internal/jfc/model/JFCModel$$Lambda+0x0000000017100c10
instanceKlass  @bci org/junit/platform/launcher/core/ServiceLoaderRegistry load (Ljava/lang/Class;Ljava/util/function/Predicate;)Ljava/lang/Iterable; 20 <appendix> member <vmtarget> ; # org/junit/platform/launcher/core/ServiceLoaderRegistry$$Lambda+0x00000000171404b8
instanceKlass  @bci org/junit/platform/launcher/core/ServiceLoaderRegistry load (Ljava/lang/Class;Ljava/util/function/Predicate;)Ljava/lang/Iterable; 10 <appendix> member <vmtarget> ; # org/junit/platform/launcher/core/ServiceLoaderRegistry$$Lambda+0x0000000017140258
instanceKlass  @cpi jdk/internal/net/http/Http1Request 511 form vmentry <vmtarget> ; # java/lang/invoke/LambdaForm$DMH+0x0000000017144000
instanceKlass  @bci org/junit/platform/launcher/core/LauncherFactory loadAndFilterTestExecutionListeners (Lorg/junit/platform/engine/ConfigurationParameters;)Ljava/lang/Iterable; 16 <appendix> argL0 ; # org/junit/platform/launcher/core/LauncherFactory$$Lambda+0x0000000017140000
instanceKlass  @bci org/junit/platform/launcher/core/LauncherFactory loadAndFilterTestExecutionListeners (Lorg/junit/platform/engine/ConfigurationParameters;)Ljava/lang/Iterable; 8 <appendix> argL0 ; # org/junit/platform/launcher/core/LauncherFactory$$Lambda+0x0000000017095ce8
instanceKlass org/junit/platform/commons/util/ClassNamePatternFilterUtils
instanceKlass  @bci org/junit/platform/launcher/core/LauncherFactory registerLauncherDiscoveryListeners (Lorg/junit/platform/launcher/core/LauncherConfig;Lorg/junit/platform/launcher/Launcher;)V 42 <appendix> member <vmtarget> ; # org/junit/platform/launcher/core/LauncherFactory$$Lambda+0x0000000017095898
instanceKlass  @bci org/junit/platform/launcher/core/LauncherFactory registerLauncherDiscoveryListeners (Lorg/junit/platform/launcher/core/LauncherConfig;Lorg/junit/platform/launcher/Launcher;)V 20 <appendix> member <vmtarget> ; # org/junit/platform/launcher/core/LauncherFactory$$Lambda+0x0000000017095658
instanceKlass  @bci org/junit/platform/launcher/core/EngineIdValidator validateReservedIds (Lorg/junit/platform/engine/TestEngine;)Z 7 <appendix> member <vmtarget> ; # org/junit/platform/launcher/core/EngineIdValidator$$Lambda+0x0000000017095428
instanceKlass org/junit/platform/launcher/core/EngineIdValidator
instanceKlass org/junit/platform/launcher/core/EngineDiscoveryResultValidator
instanceKlass org/junit/platform/launcher/core/EngineDiscoveryOrchestrator
instanceKlass  @bci org/junit/platform/launcher/core/DefaultLauncher <init> (Ljava/lang/Iterable;Ljava/util/Collection;Lorg/junit/platform/engine/support/store/NamespacedHierarchicalStore;)V 56 <appendix> argL0 ; # org/junit/platform/launcher/core/DefaultLauncher$$Lambda+0x0000000017093b18
# instanceKlass java/lang/invoke/LambdaForm$DMH+0x0000000017094800
instanceKlass org/junit/platform/engine/EngineExecutionListener
instanceKlass org/junit/platform/launcher/TestPlan$Visitor
instanceKlass org/junit/platform/launcher/core/EngineExecutionOrchestrator
instanceKlass org/junit/platform/launcher/TestPlan
instanceKlass org/junit/platform/launcher/core/DefaultLauncher
instanceKlass  @bci org/junit/platform/launcher/core/LauncherFactory collectPostDiscoveryFilters (Lorg/junit/platform/launcher/core/LauncherConfig;)Ljava/util/List; 28 <appendix> member <vmtarget> ; # org/junit/platform/launcher/core/LauncherFactory$$Lambda+0x0000000017092880
# instanceKlass java/lang/invoke/LambdaForm$DMH+0x0000000017094400
instanceKlass org/junit/platform/engine/support/hierarchical/EngineExecutionContext
instanceKlass org/junit/jupiter/engine/config/JupiterConfiguration
instanceKlass java/lang/invoke/MethodHandle$1
instanceKlass org/junit/platform/engine/support/hierarchical/HierarchicalTestExecutorService
instanceKlass org/junit/platform/engine/support/hierarchical/HierarchicalTestEngine
instanceKlass sun/net/www/MessageHeader
instanceKlass sun/net/www/protocol/jar/JarFileFactory
instanceKlass sun/net/www/protocol/jar/URLJarFile$URLJarFileCloseController
instanceKlass java/net/FileNameMap
instanceKlass java/security/Permission
instanceKlass java/security/Guard
instanceKlass java/net/URLConnection
instanceKlass jdk/jfr/internal/jfc/model/SettingsLog
instanceKlass jdk/jfr/internal/jfc/model/Utilities
instanceKlass  @bci org/junit/platform/launcher/core/LauncherFactory collectTestEngines (Lorg/junit/platform/launcher/core/LauncherConfig;)Ljava/util/Set; 33 <appendix> member <vmtarget> ; # org/junit/platform/launcher/core/LauncherFactory$$Lambda+0x0000000017091b08
instanceKlass jdk/internal/util/xml/impl/Input
instanceKlass jdk/internal/org/xml/sax/InputSource
instanceKlass  @bci org/junit/platform/launcher/core/ServiceLoaderTestEngineRegistry loadTestEngines ()Ljava/lang/Iterable; 13 <appendix> member <vmtarget> ; # org/junit/platform/launcher/core/ServiceLoaderTestEngineRegistry$$Lambda+0x00000000170918d8
instanceKlass jdk/internal/util/xml/impl/Pair
instanceKlass jdk/internal/util/xml/impl/Attrs
instanceKlass jdk/internal/org/xml/sax/Attributes
instanceKlass org/junit/platform/launcher/core/ServiceLoaderTestEngineRegistry
instanceKlass  @bci org/junit/platform/launcher/core/DefaultLauncherSession <init> (Ljava/util/List;Ljava/util/function/Supplier;Ljava/util/function/Function;)V 105 <appendix> member <vmtarget> ; # org/junit/platform/launcher/core/DefaultLauncherSession$$Lambda+0x0000000017091498
instanceKlass jdk/internal/util/xml/impl/Parser
instanceKlass jdk/internal/org/xml/sax/Locator
instanceKlass jdk/internal/org/xml/sax/XMLReader
instanceKlass org/junit/platform/launcher/core/DelegatingLauncher
instanceKlass jdk/internal/util/xml/SAXParser
instanceKlass jdk/internal/org/xml/sax/helpers/DefaultHandler
instanceKlass jdk/internal/org/xml/sax/ErrorHandler
instanceKlass jdk/internal/org/xml/sax/ContentHandler
instanceKlass jdk/internal/org/xml/sax/DTDHandler
instanceKlass jdk/internal/org/xml/sax/EntityResolver
instanceKlass org/junit/platform/launcher/LauncherSessionListener$1
instanceKlass jdk/jfr/internal/jfc/model/Parser
instanceKlass  @bci org/junit/platform/launcher/core/LauncherFactory createLauncherSessionListener (Lorg/junit/platform/launcher/core/LauncherConfig;)Lorg/junit/platform/launcher/LauncherSessionListener; 46 <appendix> member <vmtarget> ; # org/junit/platform/launcher/core/LauncherFactory$$Lambda+0x0000000017090b28
instanceKlass  @bci org/junit/platform/launcher/core/LauncherFactory createLauncherSessionListener (Lorg/junit/platform/launcher/core/LauncherConfig;)Lorg/junit/platform/launcher/LauncherSessionListener; 24 <appendix> member <vmtarget> ; # org/junit/platform/launcher/core/LauncherFactory$$Lambda+0x00000000170908e8
instanceKlass  @cpi org/openqa/selenium/PersistentCapabilities 161 form vmentry <vmtarget> ; # java/lang/invoke/LambdaForm$DMH+0x0000000017094000
instanceKlass  @bci org/junit/platform/launcher/core/ServiceLoaderRegistry load (Ljava/lang/Class;Ljava/util/function/Predicate;Ljava/util/function/Function;)Ljava/util/List; 41 <appendix> member <vmtarget> ; # org/junit/platform/launcher/core/ServiceLoaderRegistry$$Lambda+0x00000000170906b8
instanceKlass jdk/jfr/internal/jfc/JFC$KnownConfiguration
instanceKlass jdk/jfr/internal/jfc/model/ControlElement
instanceKlass jdk/jfr/internal/jfc/model/XmlElement
instanceKlass jdk/jfr/internal/jfc/model/JFCModel
instanceKlass  @bci jdk/jfr/internal/dcmd/DCmdStart jfcOptions ()Ljava/lang/String; 42 <appendix> argL0 ; # jdk/jfr/internal/dcmd/DCmdStart$$Lambda+0x0000000017098000
instanceKlass  @bci java/util/stream/Collectors toList ()Ljava/util/stream/Collector; 14 <appendix> argL0 ; # java/util/stream/Collectors$$Lambda+0x00000000170bfd60
instanceKlass  @bci java/util/stream/Collectors toList ()Ljava/util/stream/Collector; 9 <appendix> argL0 ; # java/util/stream/Collectors$$Lambda+0x00000000170bfb28
instanceKlass  @bci java/util/stream/Collectors toList ()Ljava/util/stream/Collector; 4 <appendix> argL0 ; # java/util/stream/Collectors$$Lambda+0x00000000170bf900
instanceKlass sun/nio/fs/BasicFileAttributesHolder
instanceKlass  @bci org/junit/platform/commons/util/ServiceLoaderUtils filter (Ljava/util/ServiceLoader;Ljava/util/function/Predicate;)Ljava/util/stream/Stream; 15 <appendix> argL0 ; # org/junit/platform/commons/util/ServiceLoaderUtils$$Lambda+0x0000000017090470
instanceKlass sun/nio/fs/WindowsDirectoryStream$WindowsDirectoryIterator
instanceKlass  @bci org/junit/platform/commons/util/ServiceLoaderUtils filter (Ljava/util/ServiceLoader;Ljava/util/function/Predicate;)Ljava/util/stream/Stream; 5 <appendix> member <vmtarget> ; # org/junit/platform/commons/util/ServiceLoaderUtils$$Lambda+0x0000000017090210
instanceKlass sun/nio/fs/WindowsDirectoryStream
instanceKlass java/nio/file/DirectoryStream
instanceKlass java/nio/file/Files$AcceptAllFilter
instanceKlass java/nio/file/DirectoryStream$Filter
instanceKlass jdk/jfr/internal/management/HiddenWait
instanceKlass jdk/jfr/internal/util/Utils
instanceKlass java/util/ServiceLoader$ProviderSpliterator
instanceKlass org/junit/platform/commons/util/ServiceLoaderUtils
instanceKlass jdk/jfr/internal/jfc/JFC
instanceKlass  @bci org/junit/platform/launcher/core/ServiceLoaderRegistry load (Ljava/lang/Class;Ljava/util/function/Predicate;Ljava/util/function/Function;)Ljava/util/List; 9 <appendix> member <vmtarget> ; # org/junit/platform/launcher/core/ServiceLoaderRegistry$$Lambda+0x000000001708cc00
instanceKlass  @bci jdk/jfr/internal/dcmd/DCmdStop getHelp ()[Ljava/lang/String; 19 <appendix> argL0 ; # jdk/jfr/internal/dcmd/DCmdStop$$Lambda+0x00000000170bced8
instanceKlass  @bci org/junit/platform/launcher/core/ServiceLoaderRegistry load (Ljava/lang/Class;)Ljava/lang/Iterable; 7 <appendix> member <vmtarget> ; # org/junit/platform/launcher/core/ServiceLoaderRegistry$$Lambda+0x000000001708dcf8
instanceKlass  @bci jdk/jfr/internal/dcmd/DCmdView getHelp ()[Ljava/lang/String; 111 <appendix> argL0 ; # jdk/jfr/internal/dcmd/DCmdView$$Lambda+0x00000000170bccb0
instanceKlass  @bci org/junit/platform/launcher/core/ServiceLoaderRegistry load (Ljava/lang/Class;)Ljava/lang/Iterable; 1 <appendix> argL0 ; # org/junit/platform/launcher/core/ServiceLoaderRegistry$$Lambda+0x000000001708daa0
instanceKlass org/junit/platform/launcher/core/ServiceLoaderRegistry
instanceKlass  @bci org/junit/platform/launcher/core/ListenerRegistry forLauncherSessionListeners ()Lorg/junit/platform/launcher/core/ListenerRegistry; 0 <appendix> argL0 ; # org/junit/platform/launcher/core/ListenerRegistry$$Lambda+0x000000001708d648
instanceKlass org/junit/platform/launcher/listeners/session/LauncherSessionListeners
instanceKlass  @bci org/junit/platform/launcher/core/DefaultLauncherSession <init> (Ljava/util/List;Ljava/util/function/Supplier;Ljava/util/function/Function;)V 79 <appendix> member <vmtarget> ; # org/junit/platform/launcher/core/DefaultLauncherSession$$Lambda+0x000000001708d208
instanceKlass org/junit/platform/launcher/LauncherInterceptor$Invocation
instanceKlass  @bci org/junit/platform/launcher/core/DefaultLauncherSession composite (Ljava/util/List;)Lorg/junit/platform/launcher/LauncherInterceptor; 35 <appendix> argL0 ; # org/junit/platform/launcher/core/DefaultLauncherSession$$Lambda+0x000000001708fd20
instanceKlass jdk/jfr/internal/util/Columnizer$Column
instanceKlass java/util/Spliterator$OfDouble
instanceKlass java/util/Spliterator$OfLong
instanceKlass java/util/stream/StreamSpliterators$SliceSpliterator
instanceKlass java/util/stream/DoubleStream
instanceKlass java/util/stream/IntStream
instanceKlass java/util/stream/LongStream
instanceKlass java/util/stream/SliceOps
instanceKlass jdk/jfr/internal/util/Tokenizer
instanceKlass  @bci org/junit/platform/engine/support/store/NamespacedHierarchicalStore$CloseAction closeAutoCloseables ()Lorg/junit/platform/engine/support/store/NamespacedHierarchicalStore$CloseAction; 0 <appendix> argL0 ; # org/junit/platform/engine/support/store/NamespacedHierarchicalStore$CloseAction$$Lambda+0x000000001708faf8
instanceKlass  @bci jdk/internal/module/SystemModuleFinders$SystemModuleReader open (Ljava/lang/String;)Ljava/util/Optional; 6 <appendix> member <vmtarget> ; # jdk/internal/module/SystemModuleFinders$SystemModuleReader$$Lambda+0x00000000170b9270
instanceKlass  @cpi org/openqa/selenium/ImmutableCapabilities 179 form vmentry <vmtarget> ; # java/lang/invoke/LambdaForm$DMH+0x000000001708c800
instanceKlass  @bci jdk/internal/module/SystemModuleFinders$SystemModuleReader read (Ljava/lang/String;)Ljava/util/Optional; 19 <appendix> member <vmtarget> ; # jdk/internal/module/SystemModuleFinders$SystemModuleReader$$Lambda+0x00000000170b9020
instanceKlass org/junit/platform/engine/support/store/NamespacedHierarchicalStore$CloseAction
instanceKlass jdk/jfr/internal/query/ViewFile
instanceKlass jdk/jfr/internal/util/Columnizer
instanceKlass jdk/jfr/internal/query/ViewPrinter
instanceKlass java/util/stream/AbstractSpinedBuffer
instanceKlass  @bci java/util/stream/ReferencePipeline toArray ()[Ljava/lang/Object; 1 <appendix> argL0 ; # java/util/stream/ReferencePipeline$$Lambda+0x00000000170b7a00
instanceKlass org/junit/platform/launcher/core/ClasspathAlignmentCheckingLauncherInterceptor
instanceKlass java/lang/StringLatin1$LinesSpliterator
instanceKlass  @bci org/junit/platform/launcher/core/LauncherConfigurationParameters getBoolean (Ljava/lang/String;)Ljava/util/Optional; 5 <appendix> argL0 ; # org/junit/platform/launcher/core/LauncherConfigurationParameters$$Lambda+0x000000001708f200
instanceKlass java/util/Arrays$ArrayItr
instanceKlass com/sun/management/internal/DiagnosticCommandImpl$Wrapper
instanceKlass org/junit/platform/launcher/core/DefaultLauncherSession$1
instanceKlass org/junit/platform/launcher/LauncherInterceptor
instanceKlass org/junit/platform/launcher/core/DefaultLauncherSession
instanceKlass java/time/temporal/TemporalAmount
instanceKlass org/junit/platform/launcher/core/DefaultDiscoveryRequest
instanceKlass  @bci org/junit/platform/launcher/core/LauncherDiscoveryRequestBuilder getOutputDirectoryProvider (Lorg/junit/platform/launcher/core/LauncherConfigurationParameters;)Lorg/junit/platform/engine/reporting/OutputDirectoryProvider; 17 <appendix> member <vmtarget> ; # org/junit/platform/launcher/core/LauncherDiscoveryRequestBuilder$$Lambda+0x000000001708e478
instanceKlass  @bci java/util/regex/Pattern negate (Ljava/util/regex/Pattern$CharPredicate;)Ljava/util/regex/Pattern$CharPredicate; 1 <appendix> member <vmtarget> ; # java/util/regex/Pattern$$Lambda+0x00000000170b6028
instanceKlass jdk/jfr/internal/util/Output$LinePrinter
instanceKlass  @bci java/util/regex/Pattern union (Ljava/util/regex/Pattern$CharPredicate;Ljava/util/regex/Pattern$CharPredicate;Z)Ljava/util/regex/Pattern$CharPredicate; 14 <appendix> member <vmtarget> ; # java/util/regex/Pattern$$Lambda+0x00000000170b5020
instanceKlass jdk/jfr/internal/util/Output
instanceKlass jdk/jfr/internal/dcmd/AbstractDCmd
instanceKlass com/sun/management/internal/DiagnosticCommandArgumentInfo
instanceKlass java/util/concurrent/ConcurrentLinkedQueue$Itr
instanceKlass com/sun/management/internal/DiagnosticCommandInfo
instanceKlass  @bci java/util/regex/Pattern CIRange (II)Ljava/util/regex/Pattern$CharPredicate; 2 <appendix> member <vmtarget> ; # java/util/regex/Pattern$$Lambda+0x00000000170b3988
instanceKlass com/sun/management/internal/DiagnosticCommandImpl$OperationInfoComparator
instanceKlass java/util/regex/Pattern$BitClass
instanceKlass org/junit/platform/launcher/core/HierarchicalOutputDirectoryProvider
instanceKlass sun/management/ClassLoadingImpl
instanceKlass java/lang/runtime/ExactConversionsSupport
instanceKlass java/util/AbstractList$Itr
instanceKlass java/util/AbstractList$SubList$1
instanceKlass  @bci org/junit/platform/launcher/listeners/discovery/LauncherDiscoveryListeners fromConfigurationParameter (Ljava/lang/String;Ljava/lang/String;)Lorg/junit/platform/launcher/LauncherDiscoveryListener; 32 <appendix> member <vmtarget> ; # org/junit/platform/launcher/listeners/discovery/LauncherDiscoveryListeners$$Lambda+0x000000001708e000
instanceKlass com/intellij/rt/debugger/agent/CapturedStackDeduplicator$StackDictionary
instanceKlass com/intellij/rt/debugger/agent/CapturedStackDeduplicator$StackRef
instanceKlass org/junit/platform/launcher/LauncherDiscoveryListener$1
instanceKlass org/junit/platform/engine/EngineDiscoveryListener$1
instanceKlass java/util/logging/Logging
instanceKlass java/lang/StackTraceElement$HashedModules
instanceKlass sun/management/ManagementFactoryHelper$PlatformLoggingImpl
instanceKlass java/lang/management/PlatformLoggingMXBean
instanceKlass com/intellij/rt/debugger/agent/CapturedStackDeduplicator
instanceKlass org/junit/platform/launcher/listeners/discovery/AbortOnFailureLauncherDiscoveryListener
instanceKlass java/util/zip/Deflater$DeflaterZStreamRef
instanceKlass  @bci org/junit/platform/launcher/listeners/discovery/LauncherDiscoveryListeners fromConfigurationParameter (Ljava/lang/String;Ljava/lang/String;)Lorg/junit/platform/launcher/LauncherDiscoveryListener; 22 <appendix> argL0 ; # org/junit/platform/launcher/listeners/discovery/LauncherDiscoveryListeners$$Lambda+0x000000001708b490
instanceKlass sun/management/CompilationImpl
instanceKlass  @bci org/junit/platform/launcher/listeners/discovery/LauncherDiscoveryListeners fromConfigurationParameter (Ljava/lang/String;Ljava/lang/String;)Lorg/junit/platform/launcher/LauncherDiscoveryListener; 7 <appendix> member <vmtarget> ; # org/junit/platform/launcher/listeners/discovery/LauncherDiscoveryListeners$$Lambda+0x000000001708b230
instanceKlass  @bci org/junit/platform/launcher/listeners/discovery/LauncherDiscoveryListeners$LauncherDiscoveryListenerType <clinit> ()V 29 <appendix> argL0 ; # org/junit/platform/launcher/listeners/discovery/LauncherDiscoveryListeners$LauncherDiscoveryListenerType$$Lambda+0x000000001708ae08
instanceKlass  @bci org/junit/platform/launcher/listeners/discovery/LauncherDiscoveryListeners$LauncherDiscoveryListenerType <clinit> ()V 9 <appendix> argL0 ; # org/junit/platform/launcher/listeners/discovery/LauncherDiscoveryListeners$LauncherDiscoveryListenerType$$Lambda+0x000000001708abe0
instanceKlass java/util/zip/Deflater
instanceKlass java/lang/management/MemoryUsage
instanceKlass sun/management/Sensor
instanceKlass  @bci org/junit/platform/launcher/core/LauncherConfigurationParameters getProperty (Ljava/lang/String;)Ljava/lang/String; 27 <appendix> argL0 ; # org/junit/platform/launcher/core/LauncherConfigurationParameters$$Lambda+0x000000001708a738
instanceKlass sun/management/MemoryPoolImpl
instanceKlass  @bci org/junit/platform/launcher/core/LauncherConfigurationParameters getProperty (Ljava/lang/String;)Ljava/lang/String; 17 <appendix> member <vmtarget> ; # org/junit/platform/launcher/core/LauncherConfigurationParameters$$Lambda+0x000000001708a4e8
instanceKlass  @bci org/junit/platform/commons/util/Preconditions containsNoNullElements (Ljava/util/Collection;Ljava/lang/String;)Ljava/util/Collection; 6 <appendix> member <vmtarget> ; # org/junit/platform/commons/util/Preconditions$$Lambda+0x000000001708a2a8
instanceKlass  @bci org/openqa/selenium/json/JsonOutput endObject ()Lorg/openqa/selenium/json/JsonOutput; 107 <appendix> form vmentry <vmtarget> ; # java/lang/invoke/LambdaForm$MH+0x000000001708c400
instanceKlass org/junit/platform/engine/discovery/MethodSelector
instanceKlass org/junit/platform/engine/discovery/ClassSelector
instanceKlass java/lang/invoke/StringConcatFactory$InlineHiddenClassStrategy$6
instanceKlass java/lang/invoke/StringConcatFactory$InlineHiddenClassStrategy$3$4
instanceKlass java/lang/invoke/StringConcatFactory$InlineHiddenClassStrategy$4
instanceKlass org/junit/platform/engine/discovery/DiscoverySelectors
instanceKlass java/lang/invoke/StringConcatFactory$InlineHiddenClassStrategy$3$1
instanceKlass java/lang/invoke/StringConcatFactory$InlineHiddenClassStrategy$7
instanceKlass java/lang/invoke/StringConcatFactory$InlineHiddenClassStrategy$3$2
instanceKlass java/lang/invoke/StringConcatFactory$InlineHiddenClassStrategy$5
instanceKlass java/lang/invoke/StringConcatFactory$InlineHiddenClassStrategy$3$3
instanceKlass org/junit/platform/engine/reporting/OutputDirectoryProvider
instanceKlass java/lang/invoke/StringConcatFactory$InlineHiddenClassStrategy$3
instanceKlass org/junit/platform/launcher/LauncherDiscoveryRequest
instanceKlass org/junit/platform/engine/EngineDiscoveryRequest
instanceKlass  @bci java/util/stream/Collectors uniqKeysMapMerger ()Ljava/util/function/BinaryOperator; 0 <appendix> argL0 ; # java/util/stream/Collectors$$Lambda+0x00000000170ac6d8
instanceKlass  @bci java/util/stream/Collectors uniqKeysMapAccumulator (Ljava/util/function/Function;Ljava/util/function/Function;)Ljava/util/function/BiConsumer; 2 <appendix> member <vmtarget> ; # java/util/stream/Collectors$$Lambda+0x00000000170ac498
instanceKlass org/junit/platform/launcher/core/LauncherDiscoveryRequestBuilder
instanceKlass  @bci java/util/stream/Collectors toMap (Ljava/util/function/Function;Ljava/util/function/Function;)Ljava/util/stream/Collector; 4 <appendix> argL0 ; # java/util/stream/Collectors$$Lambda+0x00000000170ac270
instanceKlass  @bci java/util/function/Function identity ()Ljava/util/function/Function; 0 <appendix> argL0 ; # java/util/function/Function$$Lambda+0x00000000170ac028
instanceKlass com/intellij/rt/execution/junit/TestsRepeater
instanceKlass  @bci java/lang/management/DefaultPlatformMBeanProvider$5 nameToMBeanMap ()Ljava/util/Map; 21 <appendix> argL0 ; # java/lang/management/DefaultPlatformMBeanProvider$5$$Lambda+0x00000000170abde0
instanceKlass com/intellij/rt/junit/IdeaTestRunner$Repeater$1
instanceKlass  @bci java/lang/management/DefaultPlatformMBeanProvider$5 nameToMBeanMap ()Ljava/util/Map; 11 <appendix> member <vmtarget> ; # java/lang/management/DefaultPlatformMBeanProvider$5$$Lambda+0x00000000170abb80
instanceKlass  @bci org/junit/platform/launcher/core/ListenerRegistry forTestExecutionListeners ()Lorg/junit/platform/launcher/core/ListenerRegistry; 0 <appendix> argL0 ; # org/junit/platform/launcher/core/ListenerRegistry$$Lambda+0x0000000017088b10
instanceKlass org/junit/platform/launcher/core/CompositeTestExecutionListener
instanceKlass com/sun/management/GarbageCollectorMXBean
instanceKlass  @bci org/junit/platform/launcher/core/ListenerRegistry forLauncherDiscoveryListeners ()Lorg/junit/platform/launcher/core/ListenerRegistry; 0 <appendix> argL0 ; # org/junit/platform/launcher/core/ListenerRegistry$$Lambda+0x0000000017088620
instanceKlass com/sun/management/internal/HotSpotAOTCacheImpl
instanceKlass org/junit/platform/launcher/LauncherDiscoveryListener
instanceKlass org/junit/platform/engine/EngineDiscoveryListener
instanceKlass org/junit/platform/launcher/listeners/discovery/LauncherDiscoveryListeners
instanceKlass javax/management/DescriptorKey
instanceKlass org/junit/platform/launcher/core/ListenerRegistry
instanceKlass org/junit/platform/launcher/core/LauncherListenerRegistry
instanceKlass  @bci org/junit/platform/launcher/core/LauncherFactory create (Lorg/junit/platform/launcher/core/LauncherConfig;)Lorg/junit/platform/launcher/Launcher; 32 <appendix> member <vmtarget> ; # org/junit/platform/launcher/core/LauncherFactory$$Lambda+0x0000000017087a58
instanceKlass  @bci org/junit/platform/launcher/core/LauncherFactory create (Lorg/junit/platform/launcher/core/LauncherConfig;)Lorg/junit/platform/launcher/Launcher; 26 <appendix> member <vmtarget> ; # org/junit/platform/launcher/core/LauncherFactory$$Lambda+0x0000000017087828
instanceKlass org/junit/platform/launcher/LauncherSessionListener
instanceKlass java/lang/annotation/Target
instanceKlass  @bci org/junit/platform/launcher/core/LauncherFactory create (Lorg/junit/platform/launcher/core/LauncherConfig;)Lorg/junit/platform/launcher/Launcher; 20 <appendix> member <vmtarget> ; # org/junit/platform/launcher/core/LauncherFactory$$Lambda+0x00000000170873d0
instanceKlass org/junit/platform/engine/support/store/NamespacedHierarchicalStore
instanceKlass org/junit/platform/launcher/core/SessionPerRequestLauncher
instanceKlass org/junit/platform/launcher/core/LauncherConfigurationParameters$ParameterProvider$3
instanceKlass sun/reflect/annotation/AnnotationInvocationHandler
instanceKlass org/junit/platform/commons/util/ClassLoaderUtils
instanceKlass java/lang/annotation/Documented
instanceKlass java/lang/annotation/Inherited
instanceKlass org/junit/platform/launcher/core/LauncherConfigurationParameters$ParameterProvider$2
instanceKlass java/lang/annotation/Retention
instanceKlass sun/reflect/annotation/ExceptionProxy
instanceKlass org/junit/platform/launcher/core/LauncherConfigurationParameters$ParameterProvider
instanceKlass sun/reflect/annotation/AnnotationType
instanceKlass java/lang/Deprecated
instanceKlass sun/invoke/util/BytecodeDescriptor
instanceKlass org/junit/platform/commons/util/CollectionUtils
instanceKlass  @bci org/junit/platform/launcher/core/LauncherConfigurationParameters$Builder build ()Lorg/junit/platform/launcher/core/LauncherConfigurationParameters; 39 <appendix> member <vmtarget> ; # org/junit/platform/launcher/core/LauncherConfigurationParameters$Builder$$Lambda+0x0000000017086218
instanceKlass sun/management/BaseOperatingSystemImpl
instanceKlass com/sun/management/OperatingSystemMXBean
instanceKlass org/junit/platform/launcher/core/LauncherConfigurationParameters$Builder
instanceKlass com/sun/management/internal/VirtualThreadSchedulerImpls$BaseVirtualThreadSchedulerImpl
instanceKlass com/sun/management/internal/VirtualThreadSchedulerImpls
instanceKlass java/util/logging/Logger$SystemLoggerHelper
instanceKlass jdk/internal/logger/BootstrapLogger$BootstrapExecutors
instanceKlass jdk/internal/logger/LoggerFinderLoader
instanceKlass com/sun/jmx/mbeanserver/PerInterface$MethodAndSig
instanceKlass  @bci java/util/stream/MatchOps makeRef (Ljava/util/function/Predicate;Ljava/util/stream/MatchOps$MatchKind;)Ljava/util/stream/TerminalOp; 20 <appendix> member <vmtarget> ; # java/util/stream/MatchOps$$Lambda+0x00000000170a5b28
instanceKlass java/util/stream/MatchOps$MatchOp
instanceKlass  @bci org/openqa/selenium/net/UrlChecker lambda$static$0 (Ljava/lang/Runnable;)Ljava/lang/Thread; 11 <appendix> form vmentry <vmtarget> ; # java/lang/invoke/LambdaForm$MH+0x0000000017085800
instanceKlass java/util/stream/MatchOps$BooleanTerminalSink
instanceKlass java/util/stream/MatchOps
instanceKlass java/util/stream/Streams
instanceKlass java/util/stream/Stream$Builder
instanceKlass java/util/stream/Streams$AbstractStreamBuilderImpl
instanceKlass  @bci java/util/logging/Level$KnownLevel findByName (Ljava/lang/String;Ljava/util/function/Function;)Ljava/util/Optional; 29 <appendix> argL0 ; # java/util/logging/Level$KnownLevel$$Lambda+0x00000000170a37a0
instanceKlass java/util/ArrayList$ArrayListSpliterator
instanceKlass  @bci java/util/logging/Level findLevel (Ljava/lang/String;)Ljava/util/logging/Level; 13 <appendix> argL0 ; # java/util/logging/Level$$Lambda+0x00000000170a2ed8
instanceKlass java/util/Hashtable$Enumerator
instanceKlass java/util/Collections$3
instanceKlass java/util/logging/LogManager$VisitedLoggers
instanceKlass java/lang/management/LockInfo
instanceKlass java/util/logging/LogManager$LoggingProviderAccess
instanceKlass java/util/Collections$SynchronizedMap
instanceKlass java/util/logging/LogManager$LogNode
instanceKlass java/util/logging/LoggingMXBean
instanceKlass java/lang/management/ThreadInfo
instanceKlass java/util/logging/LogManager$LoggerContext
instanceKlass java/util/logging/Logger$ConfigurationData
instanceKlass sun/management/ThreadImpl
instanceKlass java/util/logging/Logger$LoggerBundle
instanceKlass  @bci java/util/logging/Level$KnownLevel add (Ljava/util/logging/Level;)V 49 <appendix> argL0 ; # java/util/logging/Level$KnownLevel$$Lambda+0x00000000170fe678
instanceKlass com/sun/jmx/mbeanserver/WeakIdentityHashMap
instanceKlass com/sun/jmx/mbeanserver/MXBeanLookup
instanceKlass  @bci java/util/logging/Level$KnownLevel add (Ljava/util/logging/Level;)V 19 <appendix> argL0 ; # java/util/logging/Level$KnownLevel$$Lambda+0x00000000170fdd70
instanceKlass com/sun/jmx/mbeanserver/PerInterface$InitMaps
instanceKlass com/sun/jmx/mbeanserver/PerInterface
instanceKlass java/util/logging/Level
instanceKlass java/util/logging/Handler
instanceKlass java/util/logging/Logger
instanceKlass org/junit/platform/commons/logging/LoggerFactory$DelegatingLogger
instanceKlass com/sun/jmx/mbeanserver/MBeanIntrospector$MBeanInfoMaker
instanceKlass org/junit/platform/commons/logging/Logger
instanceKlass java/util/TreeMap$Entry
instanceKlass org/junit/platform/commons/logging/LoggerFactory
instanceKlass org/junit/platform/launcher/core/LauncherConfigurationParameters
instanceKlass java/lang/StringConcatHelper$StringConcatBase
instanceKlass java/lang/invoke/StringConcatFactory$InlineHiddenClassStrategy$2
instanceKlass java/lang/invoke/StringConcatFactory$InlineHiddenClassStrategy$1
instanceKlass org/junit/platform/launcher/core/DefaultLauncherConfig
instanceKlass java/lang/invoke/StringConcatFactory$InlineHiddenClassStrategy
instanceKlass org/junit/platform/launcher/core/LauncherConfig$Builder
instanceKlass java/lang/reflect/GenericArrayType
instanceKlass org/junit/platform/launcher/core/LauncherConfig
instanceKlass sun/reflect/generics/reflectiveObjects/LazyReflectiveObjectGenerator
instanceKlass org/junit/platform/engine/ConfigurationParameters
instanceKlass sun/reflect/generics/tree/TypeVariableSignature
instanceKlass sun/reflect/generics/tree/ClassSignature
instanceKlass org/junit/platform/launcher/LauncherSession
instanceKlass sun/reflect/generics/reflectiveObjects/ParameterizedTypeImpl
instanceKlass org/junit/platform/launcher/Launcher
instanceKlass sun/reflect/generics/visitor/Reifier
instanceKlass sun/reflect/generics/tree/MethodTypeSignature
instanceKlass sun/reflect/generics/tree/Signature
instanceKlass org/junit/platform/launcher/core/LauncherFactory
instanceKlass sun/reflect/generics/tree/ClassTypeSignature
instanceKlass sun/reflect/generics/tree/SimpleClassTypeSignature
instanceKlass sun/reflect/generics/tree/FormalTypeParameter
instanceKlass sun/reflect/generics/tree/FieldTypeSignature
instanceKlass sun/reflect/generics/tree/TypeArgument
instanceKlass sun/reflect/generics/tree/BaseType
instanceKlass sun/reflect/generics/tree/TypeSignature
instanceKlass sun/reflect/generics/tree/ReturnType
instanceKlass sun/reflect/generics/tree/TypeTree
instanceKlass sun/reflect/generics/parser/SignatureParser
instanceKlass sun/reflect/generics/tree/Tree
instanceKlass sun/reflect/generics/visitor/TypeTreeVisitor
instanceKlass sun/reflect/generics/repository/AbstractRepository
instanceKlass com/intellij/rt/debugger/agent/ThrowableInterner$BacktraceKey
instanceKlass com/intellij/rt/debugger/agent/LogCaptureStorage$MemoryFootprintEstimate
instanceKlass java/lang/reflect/ParameterizedType
instanceKlass java/lang/reflect/WildcardType
instanceKlass java/lang/reflect/TypeVariable
instanceKlass sun/reflect/generics/factory/CoreReflectionFactory
instanceKlass sun/reflect/generics/factory/GenericsFactory
instanceKlass sun/reflect/generics/scope/AbstractScope
instanceKlass sun/reflect/generics/scope/Scope
instanceKlass com/sun/jmx/mbeanserver/MBeanAnalyzer$AttrMethods
instanceKlass jdk/internal/util/ByteArray
instanceKlass com/intellij/junit5/report/ExecutionState
instanceKlass com/intellij/junit5/report/TeamCityTestReporter
instanceKlass com/intellij/junit5/JUnit5TestExecutionListener
instanceKlass org/junit/platform/launcher/TestExecutionListener
instanceKlass com/intellij/rt/execution/junit/TestsRepeater$TestRun
instanceKlass javax/management/openmbean/TabularData
instanceKlass javax/management/openmbean/CompositeData
instanceKlass com/intellij/rt/junit/IdeaTestRunner$Repeater
# instanceKlass java/lang/invoke/LambdaForm$MH+0x0000000017085400
instanceKlass javax/management/openmbean/OpenType
instanceKlass com/sun/jmx/mbeanserver/MXBeanMapping
instanceKlass com/sun/jmx/mbeanserver/MXBeanMappingFactory
instanceKlass com/sun/jmx/mbeanserver/ConvertingMethod
instanceKlass com/sun/jmx/mbeanserver/MBeanAnalyzer$MethodOrder
instanceKlass com/sun/jmx/mbeanserver/MBeanAnalyzer
instanceKlass com/sun/jmx/mbeanserver/MBeanAnalyzer$MBeanVisitor
instanceKlass java/lang/Class$AnnotationData
instanceKlass javax/management/MXBean
instanceKlass java/util/TimSort
instanceKlass jdk/internal/classfile/impl/StackMapDecoder$1
instanceKlass jdk/internal/classfile/impl/StackMapDecoder
instanceKlass com/sun/jmx/mbeanserver/DescriptorCache
instanceKlass javax/management/JMX
instanceKlass com/sun/jmx/mbeanserver/MBeanSupport
instanceKlass javax/management/openmbean/OpenMBeanAttributeInfo
instanceKlass jdk/internal/classfile/impl/StackCounter
instanceKlass javax/management/openmbean/OpenMBeanParameterInfo
instanceKlass javax/management/openmbean/OpenMBeanOperationInfo
instanceKlass javax/management/openmbean/OpenMBeanConstructorInfo
instanceKlass  @bci java/lang/reflect/ProxyGenerator lambda$generateLookupAccessor$0 (Ljava/lang/classfile/MethodBuilder;)V 30 <appendix> member <vmtarget> ; # java/lang/reflect/ProxyGenerator$$Lambda+0x00000000170e8aa0
instanceKlass javax/management/StandardMBean
instanceKlass  @bci java/lang/reflect/ProxyGenerator generateLookupAccessor (Ljava/lang/classfile/ClassBuilder;)V 10 <appendix> member <vmtarget> ; # java/lang/reflect/ProxyGenerator$$Lambda+0x00000000170e82e8
instanceKlass java/util/AbstractMap$SimpleImmutableEntry
instanceKlass java/lang/classfile/constantpool/StringEntry
instanceKlass java/lang/classfile/constantpool/ConstantValueEntry
instanceKlass sun/management/RuntimeImpl
instanceKlass java/util/stream/ReferencePipeline$7$1FlatMap
instanceKlass  @bci java/lang/reflect/ProxyGenerator generateStaticInitializer (Ljava/lang/classfile/ClassBuilder;)V 10 <appendix> member <vmtarget> ; # java/lang/reflect/ProxyGenerator$$Lambda+0x00000000170e6ce8
instanceKlass java/util/stream/ForEachOps$ForEachOp
instanceKlass java/util/stream/ForEachOps
instanceKlass  @bci java/lang/management/ManagementFactory getPlatformMBeanServer ()Ljavax/management/MBeanServer; 40 <appendix> argL0 ; # java/lang/management/ManagementFactory$$Lambda+0x00000000170e61d8
instanceKlass jdk/internal/classfile/impl/BytecodeHelpers$1
instanceKlass  @bci java/lang/management/ManagementFactory getPlatformMBeanServer ()Ljavax/management/MBeanServer; 30 <appendix> argL0 ; # java/lang/management/ManagementFactory$$Lambda+0x00000000170e5858
instanceKlass  @bci java/lang/management/ManagementFactory getPlatformMBeanServer ()Ljavax/management/MBeanServer; 20 <appendix> argL0 ; # java/lang/management/ManagementFactory$$Lambda+0x00000000170e50e0
instanceKlass java/lang/classfile/attribute/StackMapTableAttribute
instanceKlass java/lang/classfile/attribute/StackMapFrameInfo
instanceKlass  @cpi java/lang/management/ManagementFactory 506 form vmentry <vmtarget> ; # java/lang/invoke/LambdaForm$DMH+0x0000000017085000
instanceKlass java/lang/classfile/instruction/ExceptionCatch
instanceKlass  @bci java/lang/reflect/ProxyGenerator$ProxyMethod lambda$generateMethod$0 (Ljava/lang/classfile/MethodBuilder;)V 30 <appendix> member <vmtarget> ; # java/lang/reflect/ProxyGenerator$ProxyMethod$$Lambda+0x00000000170e3a98
instanceKlass java/util/HashMap$HashMapSpliterator
instanceKlass jdk/management/jfr/internal/FlightRecorderMXBeanProvider$SingleMBeanComponent
instanceKlass jdk/management/jfr/FlightRecorderMXBean
instanceKlass java/lang/management/DefaultPlatformMBeanProvider$11
instanceKlass java/lang/management/DefaultPlatformMBeanProvider$10
instanceKlass java/lang/management/DefaultPlatformMBeanProvider$9
instanceKlass java/util/logging/LogManager
instanceKlass java/lang/classfile/attribute/ExceptionsAttribute
instanceKlass  @bci java/lang/reflect/ProxyGenerator$ProxyMethod generateMethod (Ljava/lang/classfile/ClassBuilder;)V 42 <appendix> member <vmtarget> ; # java/lang/reflect/ProxyGenerator$ProxyMethod$$Lambda+0x00000000170e1ff8
instanceKlass sun/management/ManagementFactoryHelper$LoggingMXBeanAccess
instanceKlass java/lang/management/DefaultPlatformMBeanProvider$8
instanceKlass java/lang/management/DefaultPlatformMBeanProvider$7
instanceKlass java/lang/management/DefaultPlatformMBeanProvider$6
instanceKlass java/lang/management/DefaultPlatformMBeanProvider$5
instanceKlass  @bci java/lang/reflect/ProxyGenerator generateConstructor (Ljava/lang/classfile/ClassBuilder;)V 8 <appendix> member <vmtarget> ; # java/lang/reflect/ProxyGenerator$$Lambda+0x00000000170e1140
instanceKlass java/lang/management/DefaultPlatformMBeanProvider$4
instanceKlass java/lang/management/DefaultPlatformMBeanProvider$3
instanceKlass java/lang/management/DefaultPlatformMBeanProvider$2
instanceKlass java/lang/management/DefaultPlatformMBeanProvider$1
instanceKlass  @bci java/lang/reflect/ProxyGenerator generateClassFile ()[B 197 <appendix> member <vmtarget> ; # java/lang/reflect/ProxyGenerator$$Lambda+0x00000000170e04a0
instanceKlass  @cpi java/util/logging/LogRecord 420 form vmentry <vmtarget> ; # java/lang/invoke/LambdaForm$DMH+0x0000000017084c00
instanceKlass  @bci java/lang/reflect/ProxyGenerator proxyMethodsFor (Ljava/lang/String;)Ljava/util/List; 5 <appendix> argL0 ; # java/lang/reflect/ProxyGenerator$$Lambda+0x00000000170e0038
instanceKlass java/lang/reflect/ProxyGenerator$ProxyMethod
instanceKlass com/sun/management/internal/PlatformMBeanProviderImpl$7
instanceKlass java/lang/classfile/attribute/StackMapFrameInfo$ObjectVerificationTypeInfo
instanceKlass java/lang/classfile/attribute/StackMapFrameInfo$VerificationTypeInfo
instanceKlass java/lang/classfile/ClassFile$Option
instanceKlass sun/management/VMManagementImpl
instanceKlass java/lang/reflect/ProxyGenerator
instanceKlass java/lang/management/BufferPoolMXBean
instanceKlass sun/management/HotspotCompilationMBean
instanceKlass sun/management/HotspotThreadMBean
instanceKlass sun/management/HotspotRuntimeMBean
instanceKlass sun/management/HotspotMemoryMBean
instanceKlass sun/management/HotspotClassLoadingMBean
instanceKlass java/lang/management/CompilationMXBean
instanceKlass java/lang/management/RuntimeMXBean
instanceKlass java/lang/management/MemoryMXBean
instanceKlass java/lang/management/ClassLoadingMXBean
instanceKlass  @bci java/lang/WeakPairMap computeIfAbsent (Ljava/lang/Object;Ljava/lang/Object;Ljava/util/function/BiFunction;)Ljava/lang/Object; 18 <appendix> member <vmtarget> ; # java/lang/WeakPairMap$$Lambda+0x00000000170dca38
instanceKlass java/lang/management/GarbageCollectorMXBean
instanceKlass java/lang/management/MemoryManagerMXBean
instanceKlass java/lang/management/MemoryPoolMXBean
instanceKlass sun/management/VMManagement
instanceKlass sun/management/ManagementFactoryHelper
instanceKlass  @bci java/lang/Module implAddExportsOrOpens (Ljava/lang/String;Ljava/lang/Module;ZZZ)V 150 <appendix> argL0 ; # java/lang/Module$$Lambda+0x00000000170dbfd8
instanceKlass sun/management/NotificationEmitterSupport
instanceKlass com/sun/management/DiagnosticCommandMBean
instanceKlass  @bci java/lang/module/ModuleDescriptor$Builder packages (Ljava/util/Set;)Ljava/lang/module/ModuleDescriptor$Builder; 17 <appendix> argL0 ; # java/lang/module/ModuleDescriptor$Builder$$Lambda+0x00000000170db1f0
instanceKlass com/sun/management/internal/PlatformMBeanProviderImpl$6
instanceKlass com/sun/management/internal/PlatformMBeanProviderImpl$5
instanceKlass jdk/management/VirtualThreadSchedulerMXBean
instanceKlass com/sun/management/internal/PlatformMBeanProviderImpl$4
instanceKlass jdk/management/HotSpotAOTCacheMXBean
instanceKlass com/sun/management/internal/PlatformMBeanProviderImpl$3
instanceKlass jdk/internal/module/Checks
instanceKlass com/sun/management/ThreadMXBean
instanceKlass java/lang/management/ThreadMXBean
instanceKlass java/lang/module/ModuleDescriptor$Builder
instanceKlass com/sun/management/internal/PlatformMBeanProviderImpl$2
instanceKlass com/sun/management/internal/PlatformMBeanProviderImpl$1
instanceKlass sun/management/spi/PlatformMBeanProvider$PlatformComponent
instanceKlass  @bci java/lang/reflect/Proxy$ProxyBuilder getDynamicModule (Ljava/lang/ClassLoader;)Ljava/lang/Module; 4 <appendix> argL0 ; # java/lang/reflect/Proxy$ProxyBuilder$$Lambda+0x00000000170d91d8
instanceKlass java/util/Collections$1
instanceKlass java/lang/reflect/Proxy$ProxyBuilder
instanceKlass  @bci java/lang/reflect/Proxy getProxyConstructor (Ljava/lang/ClassLoader;[Ljava/lang/Class;)Ljava/lang/reflect/Constructor; 18 <appendix> argL0 ; # java/lang/reflect/Proxy$$Lambda+0x00000000170d88b8
instanceKlass com/sun/management/HotSpotDiagnosticMXBean
instanceKlass java/lang/management/OperatingSystemMXBean
instanceKlass java/lang/management/PlatformManagedObject
instanceKlass  @bci com/intellij/junit5/JUnit5IdeaTestRunner <init> ()V 40 <appendix> argL0 ; # com/intellij/junit5/JUnit5IdeaTestRunner$$Lambda+0x0000000017081518
instanceKlass sun/management/spi/PlatformMBeanProvider
instanceKlass java/lang/management/ManagementFactory$PlatformMBeanFinder
instanceKlass javax/management/ObjectInstance
instanceKlass sun/util/calendar/CalendarSystem$GregorianHolder
instanceKlass  @bci java/util/regex/CharPredicates ASCII_DIGIT ()Ljava/util/regex/Pattern$BmpCharPredicate; 0 <appendix> argL0 ; # java/util/regex/CharPredicates$$Lambda+0x00000000170d6630
instanceKlass sun/util/calendar/CalendarDate
instanceKlass sun/util/calendar/CalendarSystem
instanceKlass java/util/Date
instanceKlass com/sun/jmx/mbeanserver/NamedObject
instanceKlass com/sun/jmx/interceptor/DefaultMBeanServerInterceptor$ResourceContext$1
instanceKlass com/sun/jmx/mbeanserver/DynamicMBean2
instanceKlass sun/util/logging/PlatformLogger
instanceKlass org/junit/platform/engine/DiscoverySelector
instanceKlass org/junit/platform/launcher/PostDiscoveryFilter
instanceKlass sun/util/logging/PlatformLogger$ConfigurableBridge$LoggerConfiguration
instanceKlass org/junit/platform/engine/Filter
instanceKlass jdk/internal/logger/BootstrapLogger$RedirectedLoggers
instanceKlass com/sun/jmx/defaults/JmxProperties
instanceKlass com/sun/jmx/mbeanserver/MBeanIntrospector
instanceKlass com/intellij/junit5/JUnit5TestRunnerHelper
instanceKlass com/sun/jmx/mbeanserver/Introspector
instanceKlass com/sun/jmx/interceptor/DefaultMBeanServerInterceptor$ResourceContext
instanceKlass javax/management/NotificationListener
instanceKlass  @bci org/junit/platform/launcher/TestIdentifier from (Lorg/junit/platform/engine/TestDescriptor;)Lorg/junit/platform/launcher/TestIdentifier; 57 <appendix> argL0 ; # org/junit/platform/launcher/TestIdentifier$$Lambda+0x0000000017080a90
instanceKlass java/util/EventListener
instanceKlass com/sun/jmx/mbeanserver/Repository$RegistrationContext
instanceKlass java/lang/classfile/constantpool/InterfaceMethodRefEntry
instanceKlass java/util/EventObject
instanceKlass  @cpi org/openqa/selenium/json/JsonOutput 812 form vmentry <vmtarget> ; # java/lang/invoke/LambdaForm$DMH+0x0000000017084800
instanceKlass com/sun/jmx/interceptor/DefaultMBeanServerInterceptor
instanceKlass com/sun/jmx/interceptor/MBeanServerInterceptor
instanceKlass java/util/concurrent/locks/ReentrantReadWriteLock$WriteLock
instanceKlass java/util/concurrent/locks/ReentrantReadWriteLock$ReadLock
instanceKlass java/util/concurrent/locks/AbstractQueuedLongSynchronizer$Node
instanceKlass java/util/concurrent/locks/ReentrantReadWriteLock
instanceKlass java/io/ObjectStreamClass$FieldReflector
instanceKlass java/util/concurrent/locks/ReadWriteLock
instanceKlass java/io/ObjectStreamClass$FieldReflectorKey
instanceKlass com/sun/jmx/mbeanserver/Repository
instanceKlass java/lang/ClassValue$RemovalToken
instanceKlass com/sun/jmx/mbeanserver/SecureClassLoaderRepository
instanceKlass com/sun/jmx/mbeanserver/Util
instanceKlass  @bci java/util/stream/Collectors joining (Ljava/lang/CharSequence;Ljava/lang/CharSequence;Ljava/lang/CharSequence;)Ljava/util/stream/Collector; 22 <appendix> argL0 ; # java/util/stream/Collectors$$Lambda+0x00000000170cc9a8
instanceKlass com/sun/jmx/mbeanserver/MBeanInstantiator
instanceKlass com/sun/jmx/mbeanserver/ClassLoaderRepositorySupport$LoaderEntry
instanceKlass com/sun/jmx/mbeanserver/ClassLoaderRepositorySupport
instanceKlass  @bci java/util/stream/Collectors joining (Ljava/lang/CharSequence;Ljava/lang/CharSequence;Ljava/lang/CharSequence;)Ljava/util/stream/Collector; 17 <appendix> argL0 ; # java/util/stream/Collectors$$Lambda+0x00000000170cbbd0
instanceKlass  @bci java/util/stream/Collectors joining (Ljava/lang/CharSequence;Ljava/lang/CharSequence;Ljava/lang/CharSequence;)Ljava/util/stream/Collector; 12 <appendix> argL0 ; # java/util/stream/Collectors$$Lambda+0x00000000170ca988
instanceKlass java/util/TreeMap$PrivateEntryIterator
instanceKlass  @bci java/util/stream/Collectors joining (Ljava/lang/CharSequence;Ljava/lang/CharSequence;Ljava/lang/CharSequence;)Ljava/util/stream/Collector; 7 <appendix> member <vmtarget> ; # java/util/stream/Collectors$$Lambda+0x80000004c
instanceKlass java/util/StringJoiner
instanceKlass  @bci java/lang/Class methodToString (Ljava/lang/String;[Ljava/lang/Class;)Ljava/lang/String; 42 <appendix> argL0 ; # java/lang/Class$$Lambda+0x00000000170c9258
instanceKlass javax/management/ImmutableDescriptor
instanceKlass java/io/ObjectInput
instanceKlass com/sun/jmx/remote/util/ClassLogger
instanceKlass javax/management/NotificationBroadcasterSupport$1
instanceKlass javax/management/NotificationBroadcasterSupport$ListenerInfo
instanceKlass java/io/ObjectStreamConstants
instanceKlass javax/management/NotificationBroadcasterSupport
instanceKlass java/io/ObjectOutput
instanceKlass java/util/ComparableTimSort
instanceKlass  @bci jdk/internal/reflect/MethodHandleLongFieldAccessorImpl getLong (Ljava/lang/Object;)J 11 <adapter> ; # java/lang/invoke/LambdaForm$MH+0x0000000017084400
instanceKlass java/util/Arrays$LegacyMergeSort
instanceKlass  @cpi jdk/internal/net/http/common/HttpBodySubscriberWrapper 234 form vmentry <vmtarget> ; # java/lang/invoke/LambdaForm$DMH+0x0000000017084000
instanceKlass javax/management/ObjectName$Property
instanceKlass javax/management/ObjectName
instanceKlass javax/management/QueryExp
instanceKlass sun/management/Util
instanceKlass javax/management/MBeanInfo
instanceKlass jdk/internal/reflect/FieldAccessorImpl
instanceKlass jdk/internal/reflect/FieldAccessor
instanceKlass javax/management/Descriptor
instanceKlass javax/management/MBeanFeatureInfo
instanceKlass javax/management/DescriptorRead
instanceKlass javax/management/MBeanRegistration
instanceKlass org/junit/platform/engine/TestSource
instanceKlass javax/management/MBeanServerDelegate
instanceKlass javax/management/NotificationEmitter
instanceKlass javax/management/NotificationBroadcaster
instanceKlass javax/management/MBeanServerDelegateMBean
instanceKlass com/sun/jmx/mbeanserver/ModifiableClassLoaderRepository
instanceKlass javax/management/loading/ClassLoaderRepository
instanceKlass com/sun/jmx/mbeanserver/JmxMBeanServer
instanceKlass com/sun/jmx/mbeanserver/SunJmxMBeanServer
instanceKlass javax/management/MBeanServer
instanceKlass javax/management/MBeanServerConnection
instanceKlass java/lang/reflect/InvocationHandler
instanceKlass javax/management/MBeanServerBuilder
instanceKlass java/lang/reflect/Proxy
instanceKlass javax/management/MBeanServerFactory
instanceKlass java/lang/ClassValue$Identity
instanceKlass java/lang/ClassValue$Entry
instanceKlass java/lang/ClassValue
instanceKlass java/io/ClassCache
instanceKlass java/io/ObjectStreamClass$Caches
instanceKlass org/junit/platform/launcher/TestIdentifier$SerializedForm
instanceKlass org/junit/platform/launcher/TestIdentifier
instanceKlass javax/management/DynamicMBean
instanceKlass java/lang/management/ManagementFactory
instanceKlass org/junit/platform/engine/UniqueId$Segment
instanceKlass java/util/concurrent/ThreadLocalRandom$Access$1
instanceKlass jdk/internal/access/JavaUtilConcurrentTLRAccess
instanceKlass  @bci org/junit/platform/engine/UniqueIdFormat <init> (CCCC)V 171 <appendix> argL0 ; # org/junit/platform/engine/UniqueIdFormat$$Lambda+0x0000000017047d90
instanceKlass java/util/concurrent/ThreadLocalRandom$Access
instanceKlass  @bci org/junit/platform/engine/UniqueIdFormat <init> (CCCC)V 153 <appendix> argL0 ; # org/junit/platform/engine/UniqueIdFormat$$Lambda+0x0000000017047b48
instanceKlass jdk/internal/util/random/RandomSupport
instanceKlass jdk/internal/event/Event
instanceKlass  @bci org/junit/platform/engine/UniqueIdFormat <init> (CCCC)V 136 <appendix> argL0 ; # org/junit/platform/engine/UniqueIdFormat$$Lambda+0x0000000017047900
instanceKlass  @bci org/junit/platform/engine/UniqueIdFormat <init> (CCCC)V 119 <appendix> argL0 ; # org/junit/platform/engine/UniqueIdFormat$$Lambda+0x00000000170476b8
instanceKlass java/util/Random
instanceKlass  @bci org/junit/platform/engine/UniqueIdFormat <init> (CCCC)V 102 <appendix> argL0 ; # org/junit/platform/engine/UniqueIdFormat$$Lambda+0x0000000017047470
instanceKlass java/util/random/RandomGenerator
instanceKlass sun/net/InetAddressCachePolicy
instanceKlass java/util/stream/Nodes$ArrayNode
instanceKlass jdk/internal/util/ImmutableBitSetPredicate
instanceKlass java/util/function/IntPredicate
instanceKlass java/net/URLEncoder
instanceKlass java/util/stream/Nodes$EmptyNode
instanceKlass  @bci org/junit/platform/engine/UniqueIdFormat <init> (CCCC)V 84 <appendix> argL0 ; # org/junit/platform/engine/UniqueIdFormat$$Lambda+0x0000000017047228
instanceKlass java/util/stream/Nodes$AbstractConcNode
instanceKlass java/lang/invoke/TypeConvertingMethodAdapter$BoxHolder
instanceKlass java/util/stream/Node$Builder$OfLong
instanceKlass java/util/stream/Sink$OfLong
instanceKlass java/util/function/LongConsumer
instanceKlass sun/net/spi/DefaultProxySelector$NonProxyInfo
instanceKlass java/lang/invoke/TypeConvertingMethodAdapter$1
instanceKlass java/util/stream/Node$Builder$OfInt
instanceKlass java/util/stream/Sink$OfInt
instanceKlass java/util/function/IntConsumer
instanceKlass  @cpi sun/security/ssl/SignatureScheme$SupportedSigSchemes 105 form vmentry <vmtarget> ; # java/lang/invoke/LambdaForm$DMH+0x0000000017046800
instanceKlass java/util/stream/Node$Builder$OfDouble
instanceKlass java/util/stream/Sink$OfDouble
instanceKlass java/util/function/DoubleConsumer
instanceKlass java/io/FileInputStream$1
instanceKlass java/util/stream/Node$Builder
instanceKlass java/util/stream/Node$OfDouble
instanceKlass java/util/stream/Node$OfLong
instanceKlass java/util/stream/Node$OfInt
instanceKlass java/util/stream/Node$OfPrimitive
instanceKlass java/util/stream/Node
instanceKlass java/util/stream/Nodes
instanceKlass  @bci java/net/InetAddress getAddressesFromNameService (Ljava/lang/String;)[Ljava/net/InetAddress; 94 <appendix> argL0 ; # java/net/InetAddress$$Lambda+0x000000001705a138
instanceKlass  @bci java/util/regex/Pattern ALL ()Ljava/util/regex/Pattern$CharPredicate; 0 <appendix> argL0 ; # java/util/regex/Pattern$$Lambda+0x0000000017059ed0
instanceKlass sun/net/NetProperties
instanceKlass java/util/function/IntFunction
instanceKlass  @bci java/util/regex/Pattern Single (I)Ljava/util/regex/Pattern$BmpCharPredicate; 1 <appendix> member <vmtarget> ; # java/util/regex/Pattern$$Lambda+0x00000000170587d0
instanceKlass java/net/ProxySelector
instanceKlass  @bci sun/nio/ch/NioSocketImpl closerFor (Ljava/io/FileDescriptor;)Ljava/lang/Runnable; 1 <appendix> member <vmtarget> ; # sun/nio/ch/NioSocketImpl$$Lambda+0x0000000017057f38
instanceKlass java/util/regex/ASCII
instanceKlass java/util/Formatter$Flags
instanceKlass  @cpi org/openqa/selenium/remote/NewSessionPayload 502 form vmentry <vmtarget> ; # java/lang/invoke/LambdaForm$DMH+0x0000000017046400
instanceKlass java/util/Formattable
instanceKlass java/time/temporal/TemporalField
instanceKlass java/util/Formatter$FormatSpecifier
instanceKlass java/util/Formatter$FormatString
instanceKlass java/util/Formatter$Conversion
instanceKlass java/util/Formatter
instanceKlass org/junit/platform/engine/UniqueIdFormat
instanceKlass  @bci java/util/regex/CharPredicates ASCII_SPACE ()Ljava/util/regex/Pattern$BmpCharPredicate; 0 <appendix> argL0 ; # java/util/regex/CharPredicates$$Lambda+0x00000000170532f0
instanceKlass java/util/regex/Pattern$TreeInfo
instanceKlass java/util/regex/Pattern$BmpCharPredicate
instanceKlass  @bci java/util/regex/CharPredicates CONTROL ()Ljava/util/regex/Pattern$CharPredicate; 0 <appendix> argL0 ; # java/util/regex/CharPredicates$$Lambda+0x0000000017052a48
instanceKlass  @cpi jdk/internal/net/http/AltSvcProcessor 624 form vmentry <vmtarget> ; # java/lang/invoke/LambdaForm$DMH+0x0000000017046000
instanceKlass java/util/regex/CharPredicates
instanceKlass jdk/net/ExtendedSocketOptions$2
instanceKlass jdk/net/ExtendedSocketOptions$PlatformSocketOptions
instanceKlass jdk/net/ExtendedSocketOptions$ExtSocketOption
instanceKlass java/net/SocketOption
instanceKlass jdk/net/ExtendedSocketOptions
instanceKlass sun/net/ext/ExtendedSocketOptions
instanceKlass sun/nio/ch/Net$2
instanceKlass java/net/Inet6Address$Inet6AddressHolder
instanceKlass sun/nio/ch/Net$1
instanceKlass sun/nio/ch/Net
instanceKlass  @bci java/net/InetAddress loadResolver ()Ljava/net/spi/InetAddressResolver; 8 <appendix> argL0 ; # java/net/InetAddress$$Lambda+0x0000000017079aa8
instanceKlass java/util/regex/Pattern$Node
instanceKlass java/util/regex/Pattern$CharPredicate
instanceKlass java/util/regex/Pattern
instanceKlass org/junit/platform/commons/util/StringUtils$TwoPartSplitResult
instanceKlass java/net/ProtocolFamily
instanceKlass org/junit/platform/commons/util/StringUtils
instanceKlass java/net/spi/InetAddressResolverProvider
instanceKlass java/net/InetAddress$CachedLookup
instanceKlass sun/net/PlatformSocketImpl
instanceKlass java/net/InetAddress$NameServiceAddresses
instanceKlass java/util/concurrent/ConcurrentSkipListMap$Iter
instanceKlass java/net/InetSocketAddress$InetSocketAddressHolder
instanceKlass java/net/InetAddress$PlatformResolver
instanceKlass java/net/spi/InetAddressResolver$LookupPolicy
instanceKlass java/net/Inet4AddressImpl
instanceKlass java/net/Inet6AddressImpl
instanceKlass java/util/concurrent/ConcurrentSkipListMap$Node
instanceKlass org/junit/platform/commons/util/Preconditions
instanceKlass java/util/concurrent/ConcurrentSkipListMap$Index
instanceKlass org/junit/platform/engine/UniqueId
instanceKlass java/util/concurrent/ConcurrentNavigableMap
instanceKlass java/util/NavigableMap
instanceKlass java/util/SortedMap
instanceKlass org/junit/platform/engine/support/descriptor/AbstractTestDescriptor
instanceKlass java/net/InetAddress$InetAddressHolder
instanceKlass java/security/Security$2
instanceKlass org/junit/platform/engine/TestDescriptor
instanceKlass com/intellij/junit5/JUnit5IdeaTestRunner
instanceKlass com/intellij/rt/junit/IdeaTestRunner
instanceKlass org/junit/platform/engine/TestEngine
instanceKlass java/security/Security$SecPropLoader
instanceKlass com/intellij/rt/execution/junit/RepeatCount
instanceKlass jdk/internal/access/JavaSecurityPropertiesAccess
instanceKlass java/security/Security
instanceKlass sun/security/util/SecurityProperties
instanceKlass jdk/internal/util/Exceptions$SensitiveInfo
instanceKlass jdk/internal/util/Exceptions
instanceKlass java/net/InetAddress$1
instanceKlass jdk/internal/misc/MethodFinder
instanceKlass com/intellij/rt/junit/JUnitStarter
instanceKlass java/net/spi/InetAddressResolver
instanceKlass java/net/spi/InetAddressResolverProvider$Configuration
instanceKlass java/net/InetAddress$Addresses
instanceKlass sun/nio/cs/SingleByte
instanceKlass java/net/InetAddressImpl
instanceKlass java/util/NavigableSet
instanceKlass java/util/SortedSet
instanceKlass sun/nio/cs/MS1252$Holder
instanceKlass sun/nio/cs/ArrayDecoder
instanceKlass jdk/internal/access/JavaNetInetAddressAccess
instanceKlass java/net/InetAddress
instanceKlass  @bci jdk/internal/net/http/websocket/OpeningHandshake handleResponse (Ljava/net/http/HttpResponse;)Ljdk/internal/net/http/websocket/OpeningHandshake$Result; 134 <appendix> form vmentry <vmtarget> ; # java/lang/invoke/LambdaForm$MH+0x0000000017042800
instanceKlass java/net/SocksConsts
instanceKlass java/net/SocketImpl
instanceKlass sun/launcher/LauncherHelper
instanceKlass java/net/SocketOptions
instanceKlass java/net/Proxy
instanceKlass java/net/SocketAddress
instanceKlass sun/usagetracker/UsageTrackerClient
instanceKlass java/net/Socket
instanceKlass jdk/internal/util/EnvUtils
instanceKlass jdk/internal/vm/PostVMInitHook
instanceKlass java/lang/invoke/StringConcatFactory
instanceKlass com/intellij/rt/execution/application/AppMainV2
instanceKlass sun/rmi/server/UnicastRef
instanceKlass sun/rmi/server/Dispatcher
instanceKlass java/rmi/server/ServerRef
instanceKlass java/rmi/server/RemoteRef
instanceKlass sun/management/jmxremote/ConnectorBootstrap$PermanentExporter
instanceKlass com/sun/jmx/remote/internal/rmi/RMIExporter
instanceKlass jdk/internal/logger/LazyLoggers$LazyLoggerAccessor
instanceKlass com/intellij/rt/execution/application/AppMainV2$Agent
instanceKlass jdk/internal/logger/LazyLoggers$LoggerAccessor
instanceKlass jdk/internal/logger/AbstractLoggerWrapper
instanceKlass java/security/PermissionCollection
instanceKlass java/util/ServiceLoader$ProviderImpl
instanceKlass java/security/SecureClassLoader$1
instanceKlass java/util/ServiceLoader$Provider
instanceKlass sun/util/logging/internal/LoggingProviderImpl$LogManagerAccess
instanceKlass java/util/concurrent/CopyOnWriteArrayList$COWIterator
instanceKlass com/intellij/rt/debugger/agent/CaptureStorage$5
instanceKlass com/intellij/rt/debugger/agent/InstrumentationBreakpointTransformer$BreakpointInstrumentalist
instanceKlass org/jetbrains/capture/org/objectweb/asm/tree/analysis/Interpreter
instanceKlass com/intellij/rt/debugger/agent/InstrumentationBreakpointTransformer
instanceKlass org/jetbrains/capture/org/objectweb/asm/tree/LocalVariableNode
instanceKlass org/jetbrains/capture/org/objectweb/asm/tree/InsnList
instanceKlass org/jetbrains/capture/org/objectweb/asm/tree/Util
instanceKlass  @bci java/util/zip/ZipFile$Source initCEN (ILjava/util/zip/ZipCoder;)V 507 <appendix> argL0 ; # java/util/zip/ZipFile$Source$$Lambda+0x0000000017062f98
instanceKlass org/jetbrains/capture/org/objectweb/asm/tree/AbstractInsnNode
instanceKlass com/intellij/rt/debugger/agent/LogCaptureTransformer
instanceKlass java/lang/Shutdown$Lock
instanceKlass java/lang/Shutdown
instanceKlass java/lang/ApplicationShutdownHooks$1
instanceKlass java/lang/ApplicationShutdownHooks
instanceKlass com/intellij/rt/debugger/agent/LogCaptureStorage$2
instanceKlass java/util/concurrent/ConcurrentLinkedQueue$Node
instanceKlass com/intellij/rt/debugger/agent/LogCaptureStorage
instanceKlass com/intellij/rt/debugger/agent/TailCallContinuationTransformer$TailCallTransformer
instanceKlass com/intellij/rt/debugger/agent/TailCallContinuationTransformer
instanceKlass java/util/concurrent/ForkJoinPool$ManagedBlocker
instanceKlass java/util/concurrent/locks/AbstractQueuedSynchronizer$Node
instanceKlass com/intellij/rt/debugger/agent/SpilledVariablesTransformer$SpillingTransformer
instanceKlass com/intellij/rt/debugger/agent/SpilledVariablesTransformer
instanceKlass com/intellij/rt/debugger/agent/CaptureStorage$7
instanceKlass com/intellij/rt/debugger/agent/CollectionBreakpointInstrumentor$ConcurrentIdentityHashMap
instanceKlass java/util/LinkedList$Node
instanceKlass com/intellij/rt/debugger/agent/CaptureStorage$6
instanceKlass com/intellij/rt/debugger/agent/CollectionBreakpointInstrumentor$KnownMethod
instanceKlass com/intellij/rt/debugger/agent/CollectionBreakpointInstrumentor
instanceKlass java/util/concurrent/Executors$RunnableAdapter
instanceKlass java/util/concurrent/Callable
instanceKlass com/intellij/rt/debugger/agent/CaptureStorage$CapturedStack
instanceKlass com/intellij/rt/debugger/agent/ThrowableInterner
instanceKlass java/io/Externalizable
instanceKlass java/nio/charset/CoderResult
instanceKlass com/intellij/rt/debugger/agent/CaptureStorage$ConcurrentIdentityWeakHashMap$HardKey
instanceKlass com/intellij/rt/debugger/agent/CaptureStorage$ConcurrentIdentityWeakHashMap$Key
instanceKlass java/nio/charset/CharsetDecoder
instanceKlass com/intellij/rt/debugger/agent/CaptureStorage$3
instanceKlass com/intellij/rt/debugger/agent/OverheadDetector$PerThread
instanceKlass com/intellij/rt/debugger/agent/OverheadDetector$CoarseTimer$1
instanceKlass java/util/Spliterator$OfInt
instanceKlass java/util/Spliterator$OfPrimitive
instanceKlass java/lang/invoke/VarHandle$AccessDescriptor
instanceKlass com/intellij/rt/debugger/agent/CaptureStorage$ThreadLocalContext
instanceKlass java/util/concurrent/FutureTask$WaitNode
instanceKlass java/util/zip/ZipFile$InflaterCleanupAction
instanceKlass java/util/concurrent/FutureTask
instanceKlass java/util/jar/JarVerifier
instanceKlass com/intellij/rt/debugger/agent/SuspendHelper$1
instanceKlass com/intellij/rt/debugger/agent/SuspendHelper
instanceKlass com/intellij/rt/debugger/agent/CaptureAgent$CaptureTransformer
instanceKlass java/time/temporal/TemporalAccessor
instanceKlass sun/security/util/Debug
instanceKlass sun/security/util/ConstraintsParameters
instanceKlass java/lang/Throwable$PrintStreamOrWriter
instanceKlass sun/security/util/SignatureFileVerifier
instanceKlass jdk/internal/perf/PerfCounter$CoreCounters
instanceKlass jdk/internal/perf/Perf
instanceKlass jdk/internal/perf/PerfCounter
instanceKlass jdk/internal/util/ReferencedKeyMap$1
instanceKlass java/util/Locale$2
instanceKlass java/util/Locale$1
instanceKlass org/jetbrains/capture/org/objectweb/asm/Handler
instanceKlass sun/util/locale/LocaleUtils
instanceKlass java/util/Locale$3
instanceKlass sun/util/locale/BaseLocale$1
instanceKlass sun/util/locale/provider/LocaleServiceProviderPool$LocalizedObjectGetter
instanceKlass java/util/Locale
instanceKlass java/nio/file/attribute/FileTime
instanceKlass java/util/LinkedHashMap$LinkedHashIterator
instanceKlass java/lang/PublicMethods
instanceKlass org/jetbrains/capture/org/objectweb/asm/Edge
instanceKlass org/jetbrains/capture/org/objectweb/asm/Opcodes
instanceKlass org/jetbrains/capture/org/objectweb/asm/Frame
instanceKlass java/util/zip/ZipFile$Source$End
instanceKlass org/jetbrains/capture/org/objectweb/asm/Context
instanceKlass org/jetbrains/capture/org/objectweb/asm/Attribute
instanceKlass java/io/RandomAccessFile$2
instanceKlass jdk/internal/access/JavaIORandomAccessFileAccess
instanceKlass java/io/RandomAccessFile
instanceKlass java/io/DataInput
instanceKlass org/jetbrains/capture/org/objectweb/asm/Symbol
instanceKlass java/io/DataOutput
instanceKlass org/jetbrains/capture/org/objectweb/asm/ByteVector
instanceKlass java/util/zip/ZipFile$Source$Key
instanceKlass org/jetbrains/capture/org/objectweb/asm/SymbolTable
instanceKlass java/util/zip/ZipFile$Source
instanceKlass java/util/zip/ZipFile$CleanableResource
instanceKlass org/jetbrains/capture/org/objectweb/asm/ModuleVisitor
instanceKlass jdk/internal/loader/FileURLMapper
instanceKlass org/jetbrains/capture/org/objectweb/asm/AnnotationVisitor
instanceKlass jdk/internal/loader/Resource
instanceKlass jdk/internal/loader/URLClassPath$Loader
instanceKlass sun/net/util/URLUtil
instanceKlass org/jetbrains/capture/org/objectweb/asm/RecordComponentVisitor
instanceKlass java/lang/CompoundEnumeration
instanceKlass java/util/Collections$EmptyEnumeration
instanceKlass jdk/internal/loader/BuiltinClassLoader$1
instanceKlass jdk/internal/loader/URLClassPath$1
instanceKlass org/jetbrains/capture/org/objectweb/asm/FieldVisitor
instanceKlass org/jetbrains/capture/org/objectweb/asm/MethodVisitor
instanceKlass jdk/internal/jimage/ImageReader$Node
instanceKlass jdk/internal/jimage/ImageLocation
instanceKlass org/jetbrains/capture/org/objectweb/asm/Label
instanceKlass org/jetbrains/capture/org/objectweb/asm/ClassReader
instanceKlass jdk/internal/jimage/decompressor/Decompressor
instanceKlass com/intellij/rt/debugger/agent/ClassTransformer
instanceKlass jdk/internal/jimage/ImageStringsReader
instanceKlass jdk/internal/jimage/ImageStrings
instanceKlass jdk/internal/foreign/AbstractMemorySegmentImpl
instanceKlass java/lang/foreign/SegmentAllocator
instanceKlass java/lang/foreign/MemorySegment
instanceKlass org/jetbrains/capture/org/objectweb/asm/Type
instanceKlass jdk/internal/jimage/ImageHeader
instanceKlass com/intellij/rt/debugger/agent/ThrowableTransformer
instanceKlass java/util/concurrent/ConcurrentHashMap$MapEntry
instanceKlass java/util/Collections$SynchronizedCollection
instanceKlass java/util/Properties$EntrySet
instanceKlass com/intellij/rt/debugger/agent/CaptureAgent$CoroutineOwnerKeyProvider
instanceKlass com/intellij/rt/debugger/agent/CaptureAgent$FieldKeyProvider
instanceKlass jdk/internal/jimage/NativeImageBuffer$1
instanceKlass jdk/internal/jimage/NativeImageBuffer
instanceKlass java/security/AccessControlContext
instanceKlass com/intellij/rt/debugger/agent/CaptureAgent$InstrumentPoint
instanceKlass com/intellij/rt/debugger/agent/CaptureAgent$1
instanceKlass com/intellij/rt/debugger/agent/CaptureAgent$ParamKeyProvider
instanceKlass java/security/AccessController
instanceKlass java/io/Reader
instanceKlass java/lang/Readable
instanceKlass java/lang/WeakPairMap$Pair$Lookup
instanceKlass java/lang/WeakPairMap$Pair
instanceKlass com/intellij/rt/debugger/agent/CaptureAgent$KeyProvider
instanceKlass com/intellij/rt/debugger/agent/CaptureAgent
instanceKlass java/lang/WeakPairMap
instanceKlass org/jetbrains/capture/org/objectweb/asm/ClassVisitor
instanceKlass java/lang/Module$ReflectionData
instanceKlass com/intellij/rt/debugger/agent/StateFlowTransformer
instanceKlass jdk/internal/jimage/BasicImageReader$1
instanceKlass java/security/PrivilegedAction
instanceKlass jdk/internal/jimage/BasicImageReader
instanceKlass jdk/internal/jimage/ImageReader
instanceKlass jdk/internal/jimage/ImageReaderFactory$1
instanceKlass com/intellij/rt/debugger/agent/SharedFlowTransformer
instanceKlass java/lang/instrument/ClassFileTransformer
instanceKlass jdk/internal/math/FloatingDecimal$ASCIIToBinaryBuffer
instanceKlass jdk/internal/jimage/ImageReaderFactory
instanceKlass jdk/internal/module/SystemModuleFinders$SystemImage
instanceKlass jdk/internal/module/SystemModuleFinders$SystemModuleReader
instanceKlass java/lang/module/ModuleReader
instanceKlass jdk/internal/loader/BuiltinClassLoader$2
instanceKlass jdk/internal/module/Resources
instanceKlass jdk/internal/math/MathUtils
instanceKlass java/util/ServiceLoader$2
instanceKlass java/util/ServiceLoader$1
instanceKlass java/util/ServiceLoader$LazyClassPathLookupIterator
instanceKlass java/util/Spliterators$1Adapter
instanceKlass java/util/Spliterators$ArraySpliterator
instanceKlass  @bci jdk/internal/math/FloatingDecimal <clinit> ()V 52 <appendix> argL0 ; # jdk/internal/math/FloatingDecimal$$Lambda+0x0000000017009c20
instanceKlass java/util/ServiceLoader$ModuleServicesLookupIterator
instanceKlass java/util/ServiceLoader
instanceKlass jdk/internal/logger/BootstrapLogger$DetectBackend
instanceKlass jdk/internal/logger/BootstrapLogger
instanceKlass sun/util/logging/PlatformLogger$ConfigurableBridge
instanceKlass sun/util/logging/PlatformLogger$Bridge
instanceKlass java/lang/System$Logger
instanceKlass java/lang/System$LoggerFinder
instanceKlass jdk/internal/logger/LazyLoggers$LazyLoggerFactories
instanceKlass java/lang/invoke/TypeConvertingMethodAdapter
instanceKlass jdk/internal/logger/LazyLoggers$1
instanceKlass java/lang/invoke/InnerClassLambdaMetafactory$6
instanceKlass java/lang/invoke/InnerClassLambdaMetafactory$3
instanceKlass java/lang/classfile/Interfaces
instanceKlass java/util/ImmutableCollections$Access$1
instanceKlass jdk/internal/access/JavaUtilCollectionAccess
instanceKlass java/util/ImmutableCollections$Access
instanceKlass java/lang/invoke/InnerClassLambdaMetafactory$1
instanceKlass jdk/internal/math/FloatingDecimal$BinaryToASCIIBuffer
instanceKlass jdk/internal/math/FloatingDecimal
instanceKlass jdk/internal/logger/LazyLoggers
instanceKlass com/intellij/rt/debugger/agent/OverheadDetector$CoarseTimer
instanceKlass sun/management/jmxremote/ConnectorBootstrap
instanceKlass com/intellij/rt/debugger/agent/OverheadDetector$Timer
instanceKlass jdk/internal/vm/VMSupport
instanceKlass java/util/concurrent/atomic/AtomicBoolean
instanceKlass com/intellij/rt/debugger/agent/OverheadDetector$1
instanceKlass com/intellij/rt/debugger/agent/OverheadDetector$OverheadTracker
instanceKlass com/intellij/rt/debugger/agent/OverheadDetector
instanceKlass jdk/internal/agent/Agent
instanceKlass java/lang/Package$VersionInfo
instanceKlass java/lang/NamedPackage
instanceKlass java/lang/Runtime$Version
instanceKlass java/util/jar/JavaUtilJarAccessImpl
instanceKlass jdk/internal/access/JavaUtilJarAccess
instanceKlass java/util/zip/ZipFile$1
instanceKlass jdk/internal/access/JavaUtilZipFileAccess
instanceKlass java/util/BitSet
instanceKlass java/util/zip/ZipFile
instanceKlass java/util/jar/Attributes
instanceKlass java/util/zip/ZipEntry
instanceKlass java/util/zip/ZipCoder
instanceKlass java/util/zip/Checksum$1
instanceKlass java/util/zip/CRC32
instanceKlass java/util/zip/Checksum
instanceKlass java/util/zip/Inflater$InflaterZStreamRef
instanceKlass java/util/zip/ZipUtils
instanceKlass java/util/zip/Inflater
instanceKlass java/util/zip/ZipConstants
instanceKlass sun/nio/fs/WindowsFileAttributes
instanceKlass java/nio/file/attribute/DosFileAttributes
instanceKlass sun/nio/fs/AbstractBasicFileAttributeView
instanceKlass sun/nio/fs/DynamicFileAttributeView
instanceKlass sun/nio/fs/WindowsFileAttributeViews
instanceKlass sun/nio/fs/Util
instanceKlass java/nio/file/attribute/BasicFileAttributeView
instanceKlass java/nio/file/attribute/FileAttributeView
instanceKlass java/nio/file/attribute/AttributeView
instanceKlass java/nio/file/attribute/BasicFileAttributes
instanceKlass java/nio/file/CopyOption
instanceKlass jdk/internal/loader/BootLoader$PackageHelper
instanceKlass com/intellij/rt/debugger/agent/CaptureStorage$ConcurrentIdentityWeakHashMap
instanceKlass com/intellij/rt/debugger/agent/CaptureStorage
instanceKlass sun/nio/ch/IOStatus
instanceKlass java/nio/Bits$1
instanceKlass jdk/internal/misc/VM$BufferPool
instanceKlass java/nio/Bits
instanceKlass sun/nio/ch/Util$BufferCache
instanceKlass sun/nio/ch/Util
instanceKlass sun/nio/ch/DirectBuffer
instanceKlass jdk/internal/misc/Blocker
instanceKlass sun/nio/ch/NativeThread
instanceKlass java/util/Properties$LineReader
instanceKlass sun/nio/ch/SelChImpl
instanceKlass java/nio/channels/NetworkChannel
instanceKlass sun/nio/ch/Streams
instanceKlass java/nio/channels/Channels
instanceKlass sun/nio/ch/FileChannelImpl$Closer
instanceKlass sun/nio/ch/NativeThreadSet
instanceKlass java/nio/channels/spi/AbstractInterruptibleChannel$1
instanceKlass sun/nio/ch/Interruptible
instanceKlass sun/nio/ch/IOUtil
instanceKlass sun/nio/ch/NativeDispatcher
instanceKlass java/nio/channels/ScatteringByteChannel
instanceKlass java/nio/channels/GatheringByteChannel
instanceKlass java/nio/channels/SeekableByteChannel
instanceKlass java/nio/channels/ByteChannel
instanceKlass java/nio/channels/WritableByteChannel
instanceKlass java/nio/channels/ReadableByteChannel
instanceKlass java/nio/channels/spi/AbstractInterruptibleChannel
instanceKlass java/nio/channels/InterruptibleChannel
instanceKlass java/nio/channels/Channel
instanceKlass sun/nio/fs/NativeBuffer$Deallocator
instanceKlass java/lang/ref/Cleaner$Cleanable
instanceKlass jdk/internal/ref/CleanerImpl$CleanableList$Node
instanceKlass jdk/internal/ref/CleanerImpl$CleanableList
instanceKlass jdk/internal/ref/CleanerImpl
instanceKlass java/lang/ref/Cleaner$1
instanceKlass java/lang/ref/Cleaner
instanceKlass jdk/internal/ref/CleanerFactory$1
instanceKlass jdk/internal/ref/CleanerFactory
instanceKlass sun/nio/fs/NativeBuffer
instanceKlass java/lang/ThreadLocal$ThreadLocalMap
instanceKlass java/lang/ThreadLocal
instanceKlass sun/nio/fs/NativeBuffers
instanceKlass sun/nio/fs/WindowsNativeDispatcher$CompletionStatus
instanceKlass sun/nio/fs/WindowsNativeDispatcher$AclInformation
instanceKlass sun/nio/fs/WindowsNativeDispatcher$Account
instanceKlass sun/nio/fs/WindowsNativeDispatcher$DiskFreeSpace
instanceKlass sun/nio/fs/WindowsNativeDispatcher$VolumeInformation
instanceKlass sun/nio/fs/WindowsNativeDispatcher$FirstStream
instanceKlass sun/nio/fs/WindowsNativeDispatcher$FirstFile
instanceKlass java/util/Enumeration
instanceKlass java/util/concurrent/ConcurrentHashMap$Traverser
instanceKlass sun/nio/fs/WindowsNativeDispatcher
instanceKlass java/util/Collections$EmptyIterator
instanceKlass sun/nio/fs/WindowsChannelFactory$Flags
instanceKlass sun/nio/fs/WindowsChannelFactory$1
instanceKlass sun/nio/fs/WindowsChannelFactory
instanceKlass sun/nio/fs/WindowsSecurityDescriptor
instanceKlass java/nio/file/attribute/FileAttribute
instanceKlass java/nio/file/Files
instanceKlass sun/nio/fs/WindowsPath
instanceKlass sun/nio/fs/WindowsUriSupport
instanceKlass sun/nio/fs/WindowsPathParser
instanceKlass java/nio/file/FileSystem
instanceKlass java/nio/file/OpenOption
instanceKlass java/nio/file/spi/FileSystemProvider
instanceKlass sun/nio/fs/DefaultFileSystemProvider
instanceKlass java/nio/file/FileSystems$DefaultFileSystemHolder
instanceKlass java/nio/file/FileSystems
instanceKlass java/nio/file/Paths
instanceKlass java/net/URI$Parser
instanceKlass  @bci jdk/internal/reflect/DirectMethodHandleAccessor invokeImpl (Ljava/lang/Object;[Ljava/lang/Object;)Ljava/lang/Object; 72 <adapter> ; # java/lang/invoke/LambdaForm$MH+0x0000000017041c00
# instanceKlass java/lang/invoke/LambdaForm$MH+0x0000000017041800
# instanceKlass java/lang/invoke/LambdaForm$MH+0x0000000017041400
# instanceKlass java/lang/invoke/LambdaForm$MH+0x0000000017041000
instanceKlass  @bci jdk/internal/net/http/RawChannelTube <init> (Ljdk/internal/net/http/HttpConnection;Ljava/util/function/Supplier;)V 98 <appendix> form vmentry <vmtarget> ; # java/lang/invoke/LambdaForm$MH+0x0000000017040c00
# instanceKlass java/lang/invoke/LambdaForm$MH+0x0000000017040800
instanceKlass  @cpi org/openqa/selenium/json/JsonOutput 696 form vmentry <vmtarget> ; # java/lang/invoke/LambdaForm$DMH+0x0000000017040400
instanceKlass jdk/internal/vm/ThreadContainers
instanceKlass java/lang/invoke/VarForm
instanceKlass java/lang/invoke/VarHandleGuards
instanceKlass java/lang/invoke/VarHandles
instanceKlass jdk/internal/invoke/MhUtil
instanceKlass jdk/internal/vm/StackableScope
instanceKlass java/util/concurrent/locks/AbstractQueuedSynchronizer$ConditionObject
instanceKlass java/util/concurrent/locks/Condition
instanceKlass java/util/concurrent/RunnableScheduledFuture
instanceKlass java/util/concurrent/ScheduledFuture
instanceKlass java/util/concurrent/Delayed
instanceKlass java/util/concurrent/RunnableFuture
instanceKlass java/util/concurrent/Future
instanceKlass java/util/concurrent/BlockingQueue
instanceKlass java/util/concurrent/ThreadPoolExecutor$AbortPolicy
instanceKlass java/util/concurrent/RejectedExecutionHandler
instanceKlass java/util/concurrent/AbstractExecutorService
instanceKlass java/util/concurrent/Executors$DelegatedExecutorService
instanceKlass java/util/concurrent/ScheduledExecutorService
instanceKlass java/util/concurrent/ExecutorService
instanceKlass java/util/concurrent/Executor
instanceKlass java/util/concurrent/Executors
instanceKlass com/intellij/rt/debugger/agent/DebuggerAgent$1
instanceKlass java/util/concurrent/ThreadFactory
instanceKlass com/intellij/rt/debugger/agent/DebuggerAgent
instanceKlass sun/instrument/TransformerManager$TransformerInfo
instanceKlass sun/instrument/TransformerManager
instanceKlass jdk/internal/loader/NativeLibraries$2
instanceKlass jdk/internal/loader/NativeLibrary
instanceKlass java/util/ArrayDeque$DeqIterator
instanceKlass jdk/internal/loader/NativeLibraries$NativeLibraryContext$1
instanceKlass jdk/internal/loader/NativeLibraries$NativeLibraryContext
instanceKlass java/util/concurrent/ConcurrentHashMap$CollectionView
instanceKlass jdk/internal/loader/NativeLibraries$Holder
instanceKlass jdk/internal/loader/NativeLibraries$1
instanceKlass jdk/internal/loader/NativeLibraries$LibraryPaths
instanceKlass jdk/internal/loader/BootLoader$Holder
instanceKlass jdk/internal/reflect/Reflection$1Holder
instanceKlass sun/instrument/InstrumentationImpl
instanceKlass java/lang/instrument/Instrumentation
instanceKlass jdk/internal/vm/ContinuationSupport
instanceKlass java/lang/ClassLoader$Holder
instanceKlass jdk/internal/module/ModuleBootstrap$SafeModuleFinder
instanceKlass java/lang/ModuleLayer$Controller
instanceKlass java/util/concurrent/CopyOnWriteArrayList
instanceKlass jdk/internal/module/ServicesCatalog$ServiceProvider
instanceKlass jdk/internal/loader/AbstractClassLoaderValue$Memoizer
instanceKlass java/util/ArrayList$Itr
instanceKlass java/util/Collections$UnmodifiableCollection$1
instanceKlass java/util/SequencedMap
instanceKlass java/util/SequencedSet
instanceKlass java/lang/module/ModuleFinder$1
instanceKlass java/nio/file/Path
instanceKlass java/nio/file/Watchable
instanceKlass java/lang/module/Resolver
instanceKlass java/util/Collections$2
instanceKlass java/util/stream/FindOps$FindOp
instanceKlass  @bci java/util/stream/FindOps$FindSink$OfRef <clinit> ()V 6 <appendix> argL0 ; # java/util/stream/FindOps$FindSink$OfRef$$Lambda+0x80000004e
instanceKlass  @bci java/util/stream/FindOps$FindSink$OfRef <clinit> ()V 0 <appendix> argL0 ; # java/util/stream/FindOps$FindSink$OfRef$$Lambda+0x80000004f
instanceKlass java/util/stream/FindOps$FindSink
instanceKlass java/util/stream/FindOps
instanceKlass  @bci jdk/internal/module/DefaultRoots exportsAPI (Ljava/lang/module/ModuleDescriptor;)Z 9 <appendix> argL0 ; # jdk/internal/module/DefaultRoots$$Lambda+0x800000055
instanceKlass java/util/stream/Sink$ChainedReference
instanceKlass java/util/stream/ReduceOps$AccumulatingSink
instanceKlass java/util/stream/TerminalSink
instanceKlass java/util/stream/Sink
instanceKlass java/util/stream/ReduceOps$Box
instanceKlass java/util/stream/ReduceOps$ReduceOp
instanceKlass java/util/stream/TerminalOp
instanceKlass java/util/stream/ReduceOps
instanceKlass  @bci java/util/stream/Collectors castingIdentity ()Ljava/util/function/Function; 0 <appendix> argL0 ; # java/util/stream/Collectors$$Lambda+0x800000048
instanceKlass  @bci java/util/stream/Collectors toSet ()Ljava/util/stream/Collector; 14 <appendix> argL0 ; # java/util/stream/Collectors$$Lambda+0x800000046
instanceKlass java/util/function/BinaryOperator
instanceKlass  @bci java/util/stream/Collectors toSet ()Ljava/util/stream/Collector; 9 <appendix> argL0 ; # java/util/stream/Collectors$$Lambda+0x80000003e
instanceKlass java/util/function/BiConsumer
instanceKlass  @bci java/util/stream/Collectors toSet ()Ljava/util/stream/Collector; 4 <appendix> argL0 ; # java/util/stream/Collectors$$Lambda+0x80000004b
instanceKlass java/util/stream/Collector
instanceKlass java/util/Collections$UnmodifiableCollection
instanceKlass java/util/stream/Collectors
instanceKlass  @bci jdk/internal/module/DefaultRoots compute (Ljava/lang/module/ModuleFinder;Ljava/lang/module/ModuleFinder;)Ljava/util/Set; 42 <appendix> argL0 ; # jdk/internal/module/DefaultRoots$$Lambda+0x800000052
instanceKlass  @bci jdk/internal/module/DefaultRoots compute (Ljava/lang/module/ModuleFinder;Ljava/lang/module/ModuleFinder;)Ljava/util/Set; 32 <appendix> member <vmtarget> ; # jdk/internal/module/DefaultRoots$$Lambda+0x800000056
instanceKlass  @bci jdk/internal/module/DefaultRoots compute (Ljava/lang/module/ModuleFinder;Ljava/lang/module/ModuleFinder;)Ljava/util/Set; 21 <appendix> argL0 ; # jdk/internal/module/DefaultRoots$$Lambda+0x800000053
instanceKlass  @bci jdk/internal/module/DefaultRoots compute (Ljava/lang/module/ModuleFinder;Ljava/lang/module/ModuleFinder;)Ljava/util/Set; 11 <appendix> argL0 ; # jdk/internal/module/DefaultRoots$$Lambda+0x800000054
instanceKlass java/lang/invoke/LambdaProxyClassArchive
instanceKlass java/lang/invoke/InfoFromMemberName
instanceKlass java/lang/invoke/MethodHandleInfo
instanceKlass java/lang/invoke/AbstractValidatingLambdaMetafactory
instanceKlass java/lang/invoke/BootstrapMethodInvoker
instanceKlass java/util/function/Predicate
instanceKlass java/lang/invoke/LambdaMetafactory
# instanceKlass java/lang/invoke/LambdaForm$MH+0x0000000017040000
instanceKlass java/lang/StringCoding
instanceKlass jdk/internal/classfile/impl/ClassReaderImpl
instanceKlass java/lang/classfile/ClassReader
instanceKlass jdk/internal/classfile/impl/ClassHierarchyImpl$CachedClassHierarchyResolver$1
instanceKlass java/lang/classfile/ClassHierarchyResolver$ClassHierarchyInfo
instanceKlass jdk/internal/classfile/impl/ClassHierarchyImpl$CachedClassHierarchyResolver
instanceKlass jdk/internal/classfile/impl/ClassHierarchyImpl$ClassLoadingClassHierarchyResolver$1
instanceKlass jdk/internal/classfile/impl/ClassHierarchyImpl$ClassLoadingClassHierarchyResolver
instanceKlass java/lang/classfile/ClassHierarchyResolver
instanceKlass jdk/internal/classfile/impl/ClassHierarchyImpl
instanceKlass jdk/internal/classfile/impl/RawBytecodeHelper$1
instanceKlass jdk/internal/classfile/impl/RawBytecodeHelper
instanceKlass jdk/internal/classfile/impl/StackMapGenerator$Frame
instanceKlass jdk/internal/classfile/impl/StackMapGenerator
instanceKlass jdk/internal/classfile/impl/AnnotationReader
instanceKlass java/lang/classfile/CustomAttribute
instanceKlass jdk/internal/classfile/impl/TerminalFieldBuilder
instanceKlass java/lang/classfile/FieldBuilder
instanceKlass java/lang/invoke/InvokerBytecodeGenerator$2
instanceKlass jdk/internal/classfile/impl/BytecodeHelpers
instanceKlass java/lang/classfile/constantpool/MethodRefEntry
instanceKlass sun/invoke/util/VerifyType
instanceKlass jdk/internal/classfile/impl/DirectCodeBuilder$8
instanceKlass java/lang/classfile/instruction/LabelTarget
instanceKlass java/lang/classfile/Label
instanceKlass jdk/internal/classfile/impl/BufWriterImpl
instanceKlass java/lang/classfile/BufWriter
instanceKlass java/lang/classfile/instruction/LocalVariableType
instanceKlass java/lang/classfile/instruction/LocalVariable
instanceKlass java/lang/classfile/instruction/CharacterRange
instanceKlass java/lang/classfile/PseudoInstruction
instanceKlass java/lang/classfile/CodeElement
instanceKlass jdk/internal/classfile/impl/TerminalCodeBuilder
instanceKlass jdk/internal/classfile/impl/LabelContext
instanceKlass java/lang/classfile/CodeBuilder
instanceKlass java/lang/invoke/InvokerBytecodeGenerator$4$1
instanceKlass java/lang/classfile/constantpool/FieldRefEntry
instanceKlass java/lang/classfile/constantpool/MemberRefEntry
instanceKlass java/lang/classfile/constantpool/NameAndTypeEntry
instanceKlass jdk/internal/classfile/impl/TerminalMethodBuilder
instanceKlass jdk/internal/classfile/impl/MethodInfo
instanceKlass java/lang/classfile/MethodBuilder
instanceKlass java/lang/invoke/InvokerBytecodeGenerator$4
instanceKlass java/lang/classfile/attribute/SourceFileAttribute
instanceKlass java/lang/classfile/Superclass
instanceKlass jdk/internal/classfile/impl/AttributeHolder
instanceKlass java/lang/classfile/ClassBuilder
instanceKlass java/lang/classfile/ClassFileBuilder
instanceKlass jdk/internal/classfile/impl/AbstractDirectBuilder
instanceKlass java/lang/invoke/InvokerBytecodeGenerator$1
instanceKlass jdk/internal/classfile/impl/ClassFileImpl
instanceKlass java/lang/classfile/ClassFile
instanceKlass java/lang/invoke/InvokerBytecodeGenerator$3
instanceKlass java/util/function/Consumer
instanceKlass java/lang/classfile/constantpool/ClassEntry
instanceKlass java/lang/classfile/constantpool/LoadableConstantEntry
instanceKlass jdk/internal/classfile/impl/EntryMap
instanceKlass jdk/internal/classfile/impl/BootstrapMethodEntryImpl
instanceKlass java/lang/classfile/BootstrapMethodEntry
instanceKlass jdk/internal/classfile/impl/SplitConstantPool
instanceKlass java/lang/invoke/LambdaFormBuffer
instanceKlass java/lang/invoke/LambdaFormEditor$TransformKey
instanceKlass java/lang/invoke/LambdaFormEditor
instanceKlass java/lang/invoke/Invokers$Holder
instanceKlass java/lang/invoke/DelegatingMethodHandle$Holder
instanceKlass java/lang/invoke/DirectMethodHandle$2
instanceKlass java/lang/invoke/ClassSpecializer$Factory
instanceKlass java/lang/invoke/ClassSpecializer$SpeciesData
instanceKlass java/lang/invoke/ClassSpecializer$1
instanceKlass jdk/internal/vm/annotation/Stable
instanceKlass jdk/internal/vm/annotation/AOTSafeClassInitializer
instanceKlass java/lang/invoke/ClassSpecializer
instanceKlass java/lang/invoke/InvokerBytecodeGenerator$8
instanceKlass jdk/internal/classfile/impl/AbstractAttributeMapper
instanceKlass java/lang/classfile/AttributeMapper
instanceKlass java/lang/classfile/Attributes
instanceKlass jdk/internal/classfile/impl/Util$Writable
instanceKlass jdk/internal/classfile/impl/AbstractElement
instanceKlass java/lang/classfile/attribute/RuntimeVisibleAnnotationsAttribute
instanceKlass java/lang/classfile/FieldElement
instanceKlass java/lang/classfile/MethodElement
instanceKlass java/lang/classfile/ClassElement
instanceKlass java/lang/classfile/Attribute
instanceKlass java/lang/classfile/ClassFileElement
instanceKlass jdk/internal/classfile/impl/Util
instanceKlass java/lang/classfile/constantpool/Utf8Entry
instanceKlass java/lang/classfile/constantpool/AnnotationConstantValueEntry
instanceKlass java/lang/classfile/constantpool/PoolEntry
instanceKlass jdk/internal/classfile/impl/AbstractPoolEntry
instanceKlass jdk/internal/classfile/impl/TemporaryConstantPool
instanceKlass java/lang/classfile/constantpool/ConstantPoolBuilder
instanceKlass java/lang/classfile/constantpool/ConstantPool
instanceKlass java/lang/classfile/Annotation
instanceKlass java/lang/classfile/AnnotationElement
instanceKlass java/lang/invoke/InvokerBytecodeGenerator
instanceKlass java/lang/invoke/LambdaForm$Holder
instanceKlass java/lang/invoke/LambdaForm$Name
instanceKlass java/lang/reflect/Array
instanceKlass java/lang/invoke/Invokers
instanceKlass sun/invoke/util/ValueConversions
instanceKlass java/lang/invoke/DirectMethodHandle$Holder
instanceKlass java/lang/constant/DynamicConstantDesc
instanceKlass jdk/internal/constant/DirectMethodHandleDescImpl$1
instanceKlass jdk/internal/constant/DirectMethodHandleDescImpl
instanceKlass java/lang/constant/DirectMethodHandleDesc
instanceKlass java/lang/constant/MethodHandleDesc$1
instanceKlass java/lang/constant/MethodHandleDesc
instanceKlass jdk/internal/constant/MethodTypeDescImpl
instanceKlass java/lang/constant/MethodTypeDesc
instanceKlass jdk/internal/constant/ConstantUtils
instanceKlass jdk/internal/constant/ArrayClassDescImpl
instanceKlass jdk/internal/constant/ClassOrInterfaceDescImpl
instanceKlass java/lang/constant/ClassDesc
instanceKlass java/lang/constant/ConstantDescs
instanceKlass sun/invoke/util/Wrapper$Format
instanceKlass java/lang/invoke/MethodHandleImpl$1
instanceKlass jdk/internal/access/JavaLangInvokeAccess
instanceKlass java/lang/invoke/LambdaForm$NamedFunction
instanceKlass jdk/internal/reflect/MethodHandleAccessorFactory$LazyStaticHolder
instanceKlass java/lang/invoke/MethodTypeForm
instanceKlass jdk/internal/util/StrongReferenceKey
instanceKlass jdk/internal/util/ReferenceKey
instanceKlass jdk/internal/util/ReferencedKeyMap
instanceKlass java/lang/invoke/MethodType$1
instanceKlass sun/reflect/annotation/AnnotationParser
instanceKlass java/lang/PublicMethods$Key
instanceKlass java/lang/PublicMethods$MethodList
instanceKlass java/util/EnumMap$1
instanceKlass java/util/stream/StreamOpFlag$MaskBuilder
instanceKlass java/util/stream/Stream
instanceKlass java/util/stream/BaseStream
instanceKlass java/util/stream/PipelineHelper
instanceKlass java/util/stream/StreamSupport
instanceKlass java/util/Spliterators$IteratorSpliterator
instanceKlass java/util/Spliterator
instanceKlass java/util/Spliterators
instanceKlass jdk/internal/module/DefaultRoots
instanceKlass jdk/internal/loader/BuiltinClassLoader$LoadedModule
instanceKlass java/util/Optional
instanceKlass jdk/internal/module/ModuleResolution
instanceKlass jdk/internal/module/ModuleHashes$Builder
instanceKlass java/util/ImmutableCollections$Set12$1
instanceKlass java/util/ImmutableCollections$ListItr
instanceKlass java/util/ListIterator
instanceKlass java/util/ImmutableCollections$SetN$SetNIterator
instanceKlass jdk/internal/module/Builder
instanceKlass jdk/internal/module/SystemModules$all
instanceKlass jdk/internal/module/SystemModules
instanceKlass jdk/internal/module/SystemModulesMap
instanceKlass jdk/internal/module/SystemModuleFinders
instanceKlass java/lang/Module$EnableNativeAccess
instanceKlass jdk/internal/loader/BootLoader
instanceKlass jdk/internal/loader/AbstractClassLoaderValue
instanceKlass jdk/internal/module/ServicesCatalog
instanceKlass jdk/internal/loader/ClassLoaderHelper
instanceKlass jdk/internal/loader/NativeLibraries
instanceKlass java/security/Principal
instanceKlass java/lang/ClassLoader$ParallelLoaders
instanceKlass java/security/cert/Certificate
instanceKlass java/util/Deque
instanceKlass java/util/Queue
instanceKlass sun/net/util/IPAddressUtil$MASKS
instanceKlass sun/net/util/IPAddressUtil
instanceKlass java/net/URLStreamHandler
instanceKlass java/lang/StringUTF16
instanceKlass sun/net/www/ParseUtil
instanceKlass java/net/URL$1
instanceKlass jdk/internal/access/JavaNetURLAccess
instanceKlass java/net/URL$DefaultFactory
instanceKlass java/net/URLStreamHandlerFactory
instanceKlass jdk/internal/loader/URLClassPath
instanceKlass jdk/internal/loader/ArchivedClassLoaders
instanceKlass java/net/URI$1
instanceKlass jdk/internal/access/JavaNetUriAccess
instanceKlass jdk/internal/module/ArchivedBootLayer
instanceKlass jdk/internal/module/ModuleBootstrap$Counters
instanceKlass jdk/internal/module/ModuleLoaderMap$Modules
instanceKlass jdk/internal/module/ModuleLoaderMap
instanceKlass jdk/internal/module/ModulePatcher
instanceKlass jdk/internal/util/DecimalDigits
instanceKlass java/io/FileSystem
instanceKlass java/io/DefaultFileSystem
instanceKlass java/io/File
instanceKlass java/lang/module/ModuleDescriptor$1
instanceKlass jdk/internal/access/JavaLangModuleAccess
instanceKlass sun/invoke/util/VerifyAccess
instanceKlass java/util/KeyValueHolder
instanceKlass java/util/ImmutableCollections$MapN$MapNIterator
instanceKlass java/lang/invoke/MethodHandles$Lookup
instanceKlass java/lang/invoke/MemberName$Factory
instanceKlass java/lang/invoke/MethodHandles
instanceKlass jdk/internal/module/ModuleBootstrap
instanceKlass java/util/HexFormat
instanceKlass jdk/internal/util/ClassFileDumper
instanceKlass java/lang/CharacterData
instanceKlass java/lang/invoke/MethodHandleStatics
instanceKlass java/util/Collections
instanceKlass java/lang/Thread$ThreadIdentifiers
instanceKlass sun/io/Win32ErrorMode
instanceKlass jdk/internal/misc/OSEnvironment
instanceKlass jdk/internal/misc/Signal$NativeHandler
instanceKlass java/util/Hashtable$Entry
instanceKlass jdk/internal/misc/Signal
instanceKlass java/lang/Terminator$1
instanceKlass jdk/internal/misc/Signal$Handler
instanceKlass java/lang/Terminator
instanceKlass java/nio/Buffer$2
instanceKlass jdk/internal/access/JavaNioAccess
instanceKlass java/nio/Buffer$1
instanceKlass jdk/internal/misc/ScopedMemoryAccess
instanceKlass java/nio/charset/CodingErrorAction
instanceKlass java/nio/charset/CharsetEncoder
instanceKlass java/io/Writer
instanceKlass java/io/OutputStream
instanceKlass java/io/Flushable
instanceKlass java/io/FileDescriptor$1
instanceKlass jdk/internal/access/JavaIOFileDescriptorAccess
instanceKlass java/io/FileDescriptor
instanceKlass jdk/internal/util/StaticProperty
instanceKlass jdk/internal/reflect/MethodHandleAccessorFactory
instanceKlass jdk/internal/reflect/Reflection
instanceKlass java/lang/reflect/Modifier
instanceKlass java/lang/Class$Atomic
instanceKlass java/lang/Class$ReflectionData
instanceKlass jdk/internal/util/ModifiedUtf
instanceKlass java/nio/charset/StandardCharsets
instanceKlass java/nio/charset/Charset$5
instanceKlass sun/nio/cs/HistoricallyNamedCharset
instanceKlass java/util/Arrays
instanceKlass jdk/internal/util/Preconditions$3
instanceKlass jdk/internal/util/Preconditions$2
instanceKlass jdk/internal/util/Preconditions$4
instanceKlass java/util/function/BiFunction
instanceKlass jdk/internal/util/Preconditions$1
instanceKlass jdk/internal/util/Preconditions
instanceKlass java/nio/charset/Charset$4
instanceKlass jdk/internal/lang/LazyConstantImpl
instanceKlass java/lang/LazyConstant
instanceKlass java/nio/charset/Charset$3
instanceKlass java/lang/ScopedValue$Cache
instanceKlass java/lang/ScopedValue
instanceKlass java/nio/charset/spi/CharsetProvider
instanceKlass java/nio/charset/Charset
instanceKlass java/util/HashMap$HashIterator
instanceKlass java/util/concurrent/locks/LockSupport
instanceKlass java/util/concurrent/ConcurrentHashMap$Node
instanceKlass java/util/concurrent/ConcurrentHashMap$CounterCell
instanceKlass java/util/concurrent/locks/ReentrantLock
instanceKlass java/util/concurrent/locks/Lock
instanceKlass java/lang/Runtime
instanceKlass java/lang/VersionProps
instanceKlass java/lang/StringConcatHelper
instanceKlass jdk/internal/util/ArraysSupport
instanceKlass java/lang/StringLatin1
instanceKlass java/lang/StrictMath
instanceKlass jdk/internal/util/SystemProps$Raw
instanceKlass jdk/internal/util/SystemProps
instanceKlass java/lang/System$1
instanceKlass jdk/internal/access/JavaLangAccess
instanceKlass java/lang/ref/ReferenceQueue$Lock
instanceKlass java/lang/ref/ReferenceQueue
instanceKlass java/lang/ref/Reference$1
instanceKlass jdk/internal/access/JavaLangRefAccess
instanceKlass java/lang/Math
instanceKlass java/io/ObjectStreamClass
instanceKlass jdk/internal/reflect/ReflectionFactory
instanceKlass jdk/internal/access/SharedSecrets
instanceKlass java/lang/reflect/ReflectAccess
instanceKlass jdk/internal/access/JavaLangReflectAccess
instanceKlass java/util/Objects
instanceKlass jdk/internal/misc/CDS
instanceKlass java/lang/Module$ArchivedData
instanceKlass jdk/internal/misc/VM
instanceKlass java/lang/String$FoldCaseComparator
instanceKlass java/lang/String$CaseInsensitiveComparator
instanceKlass java/util/Comparator
instanceKlass java/io/ObjectStreamField
instanceKlass jdk/internal/math/FDBigInteger
instanceKlass java/lang/ModuleLayer
instanceKlass java/util/ImmutableCollections
instanceKlass jdk/internal/module/ModuleLoaderMap$Mapper
instanceKlass java/util/function/Function
instanceKlass java/lang/module/ResolvedModule
instanceKlass java/lang/module/Configuration
instanceKlass java/util/HashMap$Node
instanceKlass java/util/Map$Entry
instanceKlass java/util/Collections$UnmodifiableMap
instanceKlass jdk/internal/module/ModuleHashes
instanceKlass jdk/internal/module/ModuleTarget
instanceKlass java/lang/module/ModuleDescriptor$Opens
instanceKlass java/lang/module/ModuleDescriptor$Provides
instanceKlass jdk/internal/module/SystemModuleFinders$2
instanceKlass jdk/internal/module/ModuleHashes$HashSupplier
instanceKlass jdk/internal/module/SystemModuleFinders$1
instanceKlass java/util/function/Supplier
instanceKlass java/net/URI
instanceKlass java/lang/module/ModuleDescriptor$Exports
instanceKlass java/lang/module/ModuleDescriptor$Requires
instanceKlass java/lang/module/ModuleDescriptor$Version
instanceKlass java/lang/module/ModuleDescriptor
instanceKlass java/lang/module/ModuleReference
instanceKlass java/util/Set
instanceKlass jdk/internal/module/SystemModuleFinders$SystemModuleFinder
instanceKlass java/lang/module/ModuleFinder
instanceKlass jdk/internal/module/ArchivedModuleGraph
instanceKlass sun/util/locale/BaseLocale
instanceKlass java/util/jar/Attributes$Name
instanceKlass java/lang/Character$CharacterCache
instanceKlass java/lang/Short$ShortCache
instanceKlass java/lang/Byte$ByteCache
instanceKlass java/lang/Long$LongCache
instanceKlass java/lang/Integer$IntegerCache
instanceKlass jdk/internal/vm/FillerObject
instanceKlass jdk/internal/vm/vector/VectorSupport$VectorPayload
instanceKlass jdk/internal/vm/vector/VectorSupport
instanceKlass java/lang/reflect/RecordComponent
instanceKlass java/util/Iterator
instanceKlass java/lang/Void
instanceKlass java/lang/Number
instanceKlass java/lang/Character
instanceKlass java/lang/Boolean
instanceKlass java/util/concurrent/locks/AbstractOwnableSynchronizer
instanceKlass java/lang/LiveStackFrame
instanceKlass java/lang/ClassFrameInfo
instanceKlass java/lang/StackWalker$StackFrame
instanceKlass java/lang/StackStreamFactory$AbstractStackWalker
instanceKlass java/lang/StackWalker
instanceKlass java/nio/Buffer
instanceKlass java/lang/StackTraceElement
instanceKlass java/util/RandomAccess
instanceKlass java/util/List
instanceKlass java/util/SequencedCollection
instanceKlass java/util/AbstractCollection
instanceKlass java/util/Collection
instanceKlass java/lang/Iterable
instanceKlass java/util/concurrent/ConcurrentMap
instanceKlass java/util/AbstractMap
instanceKlass java/security/CodeSource
instanceKlass jdk/internal/loader/ClassLoaders
instanceKlass java/util/jar/Manifest
instanceKlass java/lang/Enum
instanceKlass java/net/URL
instanceKlass java/io/InputStream
instanceKlass java/io/Closeable
instanceKlass java/lang/AutoCloseable
instanceKlass jdk/internal/module/Modules
instanceKlass jdk/internal/misc/Unsafe
instanceKlass jdk/internal/misc/UnsafeConstants
instanceKlass java/lang/AbstractStringBuilder
instanceKlass java/lang/Appendable
instanceKlass java/lang/AssertionStatusDirectives
instanceKlass jdk/internal/foreign/abi/ABIDescriptor
instanceKlass jdk/internal/foreign/abi/NativeEntryPoint
instanceKlass java/lang/invoke/CallSite
instanceKlass java/lang/invoke/MethodType
instanceKlass java/lang/invoke/TypeDescriptor$OfMethod
instanceKlass java/lang/invoke/LambdaForm
instanceKlass java/lang/invoke/MethodHandleNatives
instanceKlass java/lang/invoke/MethodHandleImpl
instanceKlass java/lang/invoke/ResolvedMethodName
instanceKlass java/lang/invoke/MemberName
instanceKlass java/lang/invoke/VarHandle
instanceKlass java/lang/invoke/MethodHandle
instanceKlass jdk/internal/reflect/ConstructorAccessorImpl
instanceKlass jdk/internal/reflect/ConstructorAccessor
instanceKlass jdk/internal/reflect/CallerSensitive
instanceKlass java/lang/annotation/Annotation
instanceKlass jdk/internal/reflect/ConstantPool
instanceKlass jdk/internal/reflect/MethodAccessorImpl
instanceKlass jdk/internal/reflect/MethodAccessor
instanceKlass jdk/internal/vm/StackChunk
instanceKlass jdk/internal/vm/Continuation
instanceKlass jdk/internal/vm/ContinuationScope
instanceKlass java/lang/reflect/Parameter
instanceKlass java/lang/reflect/Member
instanceKlass java/lang/reflect/AccessibleObject
instanceKlass java/lang/Module
instanceKlass java/util/Map
instanceKlass java/util/Dictionary
instanceKlass java/lang/ThreadGroup
instanceKlass java/lang/Thread$UncaughtExceptionHandler
instanceKlass java/lang/Thread$Constants
instanceKlass java/lang/Thread$FieldHolder
instanceKlass java/lang/Thread
instanceKlass java/lang/Runnable
instanceKlass java/lang/ref/Reference
instanceKlass java/lang/Record
instanceKlass java/security/ProtectionDomain
instanceKlass java/lang/Throwable
instanceKlass java/lang/System
instanceKlass java/lang/ClassLoader
instanceKlass java/lang/Cloneable
instanceKlass java/lang/Class
instanceKlass java/lang/invoke/TypeDescriptor$OfField
instanceKlass java/lang/invoke/TypeDescriptor
instanceKlass java/lang/reflect/Type
instanceKlass java/lang/reflect/GenericDeclaration
instanceKlass java/lang/reflect/AnnotatedElement
instanceKlass java/lang/String
instanceKlass java/lang/constant/ConstantDesc
instanceKlass java/lang/constant/Constable
instanceKlass java/lang/CharSequence
instanceKlass java/lang/Comparable
instanceKlass java/io/Serializable
ciInstanceKlass java/lang/Object 1 1 116 100 1 10 12 1 1 10 7 12 1 1 1 10 100 12 1 1 1 10 12 1 1 8 1 10 12 1 1 10 100 12 1 1 1 10 12 1 10 12 1 1 100 1 8 1 10 12 1 10 7 12 1 1 1 7 1 10 12 1 7 1 10 12 1 1 8 1 3 8 1 100 1 5 0 1 1 1 1 1 1 1 1 1 1 1 1 1 1 1 1 7 1 1 1 1 1 1 1 1 1 1 1 1 1 7 1 1 1 1 1 1 3 1 1 1
ciInstanceKlass java/io/Serializable 1 0 7 100 1 100 1 1 1
ciInstanceKlass java/lang/System 1 1 591 10 100 12 1 1 1 10 7 12 1 1 1 10 12 1 1 10 12 1 9 12 1 1 10 7 12 1 1 1 11 100 12 1 1 1 10 100 12 1 1 1 10 12 1 1 100 1 8 1 10 12 1 9 12 1 1 9 12 1 1 10 7 12 1 1 1 10 7 12 1 1 1 10 12 1 1 10 12 1 10 7 12 1 1 1 10 12 1 10 12 1 1 7 1 10 12 1 1 100 1 8 1 10 10 12 1 1 100 1 8 1 10 10 7 12 1 1 10 12 10 7 12 1 1 10 7 12 1 1 1 100 1 8 1 10 10 7 12 1 1 1 10 7 12 1 1 1 100 1 10 100 12 1 1 1 10 12 1 1 10 7 12 1 1 1 10 12 1 1 10 12 1 10 12 1 8 1 10 12 1 1 10 12 1 1 8 1 10 12 1 7 1 7 1 10 12 1 9 7 12 1 1 1 10 7 12 1 1 1 10 12 1 10 12 1 10 7 12 1 1 1 100 1 8 1 10 9 12 1 1 9 12 1 10 12 1 10 100 12 1 1 10 12 1 10 12 1 1 100 1 10 8 1 10 12 1 1 10 12 1 10 12 1 1 10 12 1 1 8 1 11 7 12 1 1 10 12 11 12 1 1 11 7 12 1 1 1 11 7 12 1 1 11 12 1 1 7 1 11 12 1 10 12 1 8 1 10 12 1 1 8 1 8 1 8 1 8 1 11 12 1 10 12 1 1 10 12 1 10 12 1 8 1 10 12 1 1 8 1 9 12 1 8 1 10 7 12 1 1 8 1 7 1 9 7 12 1 1 1 10 12 1 7 1 9 12 10 9 12 7 1 10 12 9 12 1 1 8 1 10 12 1 1 8 1 9 12 1 10 7 12 1 1 10 12 1 10 12 1 1 11 7 12 1 1 10 12 10 7 12 1 1 1 9 12 1 1 100 1 100 1 8 1 10 12 1 1 10 12 1 8 1 8 1 10 8 1 8 1 8 1 8 1 8 1 10 8 1 10 7 12 1 1 1 10 7 12 1 1 1 10 12 1 1 7 1 10 10 12 1 10 12 1 9 12 1 1 1 1 1 1 1 1 1 1 1 1 100 1 1 100 1 1 1 1 1 1 1 1 1 1 3 1 1 1 1 1 1 1 1 1 1 1 1 1 1 1 1 1 1 1 1 1 1 1 1 1 1 1 1 1 1 1 1 1 1 1 1 1 1 1 1 1 1 1 1 1 1 1 1 1 1 1 100 1 1 1 1 1 1 1 1 1 1 1 1 1 1 1 1 1 1 1 1 1 1 1 1 1 100 1 100 1 1 1 1 1 1 1 1
staticfield java/lang/System in Ljava/io/InputStream; java/io/BufferedInputStream
staticfield java/lang/System out Ljava/io/PrintStream; java/io/PrintStream
staticfield java/lang/System err Ljava/io/PrintStream; java/io/PrintStream
instanceKlass java/security/Provider
instanceKlass java/security/Security$1
ciInstanceKlass java/util/Properties 1 1 690 10 7 12 1 1 1 100 1 10 7 12 1 1 7 1 10 12 1 9 12 1 1 9 12 1 1 9 12 1 1 10 7 12 1 1 1 10 12 1 1 8 1 10 7 12 1 1 1 7 1 10 12 1 10 12 1 1 8 1 10 12 1 7 1 10 12 10 12 1 1 9 12 1 1 10 12 1 1 7 1 10 12 1 10 12 1 10 12 1 1 100 1 8 1 10 12 1 10 12 1 10 12 1 1 10 12 1 100 1 3 10 10 7 12 1 1 1 10 12 1 10 12 1 1 8 1 10 12 1 10 12 1 1 8 1 10 7 12 1 1 10 12 1 1 10 12 1 10 12 1 1 100 1 10 12 1 10 12 1 1 7 1 9 7 12 1 1 1 10 12 1 10 12 1 1 10 12 1 1 10 12 1 1 7 1 9 12 1 1 7 1 7 1 10 12 1 7 1 11 7 12 1 1 1 11 12 1 1 11 7 12 1 1 1 11 7 12 1 1 1 11 12 1 1 11 12 1 11 12 1 10 12 1 1 8 1 10 12 1 10 7 12 1 1 10 12 1 7 1 10 10 12 1 10 12 1 100 1 10 10 12 1 1 10 100 12 1 1 9 100 12 1 1 10 12 1 1 10 100 12 1 1 1 100 1 100 1 100 1 10 8 1 8 1 10 12 1 10 12 1 10 12 1 1 10 10 12 1 1 10 12 1 1 7 1 10 10 12 1 11 7 12 1 1 10 7 12 1 1 1 8 1 10 100 12 1 1 11 11 7 1 8 1 10 100 1 11 10 12 1 10 10 12 1 10 12 1 1 10 12 1 1 10 12 1 1 10 12 1 10 12 1 10 10 12 1 10 12 1 10 12 1 10 10 12 1 1 10 12 1 1 10 10 12 1 10 12 1 10 12 1 10 12 1 10 12 1 1 10 12 1 1 10 12 1 10 12 1 10 12 1 1 10 12 10 12 1 1 10 12 1 1 10 12 1 10 12 1 1 10 12 1 1 10 12 10 11 12 1 4 11 10 12 1 1 10 100 12 1 1 11 12 1 10 12 1 1 10 100 12 1 1 10 12 1 100 1 8 1 10 12 1 10 10 100 12 1 1 1 100 1 6 0 10 12 1 1 11 100 12 1 1 1 10 12 1 10 12 1 1 1 1 1 5 0 1 1 1 1 1 1 1 1 1 1 1 1 1 1 1 1 1 1 1 1 1 1 1 1 1 1 1 1 1 1 1 1 1 1 1 1 1 1 1 100 1 1 1 1 1 1 1 1 1 1 1 1 1 1 1 1 1 1 1 1 100 1 1 1 1 1 1 1 1 1 1 1 1 100 1 100 1 1 1 1 1 100 1 1 1 1 1 1 1 1 1 1 1 1 1 1 1 1 1 1 1 1 1 1 1 1 1 1 1 1 1 1 1 1 1 1 1 1 1 1 1 1 1 1 1 1 1 1 1 1 1 1 1 1 1 1 1 1 1 1 1 1 1 1 1 1 1 1 1 1 1 1 1 1 1 1 1 1 1 100 1 1 1 1 1 1 1 1 1 1 1 100 1 1
staticfield java/util/Properties UNSAFE Ljdk/internal/misc/Unsafe; jdk/internal/misc/Unsafe
instanceKlass java/util/Hashtable
ciInstanceKlass java/util/Dictionary 1 1 36 10 7 12 1 1 1 100 1 1 1 1 1 1 1 1 1 1 1 1 1 1 1 1 1 1 1 1 1 1 1 1 1 1 1 1
instanceKlass java/util/Properties
ciInstanceKlass java/util/Hashtable 1 1 516 100 1 10 7 12 1 1 1 9 7 12 1 1 1 100 1 100 1 10 8 1 10 12 1 1 10 12 1 10 12 1 1 10 12 1 10 7 12 1 1 1 8 1 10 12 1 9 12 1 1 7 1 9 12 1 1 4 10 7 12 1 1 1 9 12 1 4 10 12 1 11 100 12 1 1 1 10 12 1 1 10 12 1 1 9 12 1 10 12 1 1 100 1 10 9 12 1 1 10 7 12 1 1 1 9 12 1 1 10 12 1 10 12 1 3 9 12 1 9 12 1 3 10 12 1 10 12 1 10 12 1 1 11 12 1 1 11 100 12 1 1 1 11 100 12 1 1 1 11 12 1 100 1 11 12 1 11 12 1 10 12 1 1 10 12 1 1 10 12 1 9 12 1 1 9 12 9 12 1 1 10 100 1 100 1 10 12 1 10 8 1 10 10 12 1 8 1 10 8 1 10 100 12 1 1 1 7 1 10 12 1 10 12 1 100 1 10 12 1 10 12 1 1 100 1 10 100 1 10 10 12 1 1 11 12 1 1 11 12 1 100 1 10 10 10 100 12 1 1 11 100 12 1 1 1 100 1 10 11 100 12 1 1 11 100 12 1 10 12 1 10 12 1 1 10 100 12 1 1 10 12 1 1 10 12 1 1 10 12 1 1 10 100 12 1 1 1 8 10 100 12 1 1 100 1 8 1 10 4 4 10 12 1 1 10 12 1 8 1 4 10 12 10 100 12 1 1 1 100 1 11 100 12 1 1 1 10 100 12 1 1 1 10 12 1 10 12 1 1 10 100 1 100 1 1 1 1 1 1 5 0 1 1 1 1 1 3 1 3 1 3 1 1 1 1 1 1 1 1 1 1 1 1 1 1 1 1 1 1 1 1 1 1 1 1 1 100 1 1 1 1 1 1 1 1 1 1 1 1 1 1 1 1 1 1 1 1 1 1 1 1 1 1 1 1 1 100 1 1 1 1 1 1 1 1 1 1 1 1 1 1 100 1 1 1 1 1 1 1 1 1 1 1 1 1 1 1 1 1 1 1 1 1 1 1 1 1 1 1 1 1 1 1 1 1 1 1 1 1 1 1 1 1 1 1 1 100 1 1 1 100 1 1 1 1 1 100 1 1 1 1 1 1 1 1 1 1 1 1 1 1 1 1 1 1
ciInstanceKlass java/util/Map 1 1 297 11 7 12 1 1 1 11 12 1 1 10 7 12 1 1 11 12 1 1 11 7 12 1 1 1 11 7 12 1 1 1 11 12 1 1 7 1 11 12 1 11 12 1 100 1 100 1 10 12 1 1 11 7 12 1 1 1 11 100 12 1 1 1 11 12 1 11 12 1 10 12 1 1 11 12 1 11 7 12 1 9 7 12 1 1 1 7 1 10 12 7 1 7 1 10 12 1 7 1 10 7 1 11 12 1 11 12 1 1 11 12 1 1 7 1 11 12 1 1 11 12 1 1 100 1 11 10 100 12 1 1 1 10 12 1 1 1 1 1 1 1 1 1 1 1 1 1 1 1 1 1 1 1 1 1 1 1 1 1 1 1 1 1 1 1 1 1 1 1 1 1 1 1 1 1 1 1 1 1 1 1 1 1 1 1 1 1 1 1 1 1 1 1 1 1 1 1 1 1 1 1 1 1 1 1 1 1 1 1 1 1 1 1 1 1 1 1 1 1 1 1 1 1 1 1 1 1 1 1 1 1 1 1 1 1 1 1 1 1 1 1 1 1 1 1 1 1 1 1 1 1 1 1 1 1 1 1 1 1 100 1 1 1 1 1 1 1 1 1 1 1 1 1 1 1 1 1 1 1 1 1 1 1 1 1 1 1 1 1 1 1 100 1 100 1 1
ciInstanceKlass java/lang/String 1 1 1518 10 7 12 1 1 1 8 1 9 7 12 1 1 1 9 12 1 1 9 12 1 1 9 12 1 1 10 12 1 10 12 1 1 10 12 1 1 9 12 1 10 7 12 1 1 1 10 12 1 1 10 12 1 10 7 12 1 1 1 10 12 1 1 10 12 1 1 10 12 1 10 12 1 1 10 12 1 10 7 12 1 1 1 7 1 9 7 12 1 1 1 10 12 1 1 9 7 12 1 1 10 12 1 9 100 12 1 1 10 12 1 10 12 1 1 10 12 1 10 7 12 1 1 1 10 12 1 10 12 1 1 10 12 1 1 10 7 12 1 1 1 10 12 1 1 10 12 10 12 1 1 3 10 12 1 1 7 1 11 12 1 1 11 12 1 11 12 1 1 10 7 12 1 1 1 10 12 1 1 9 7 12 1 1 1 10 12 1 1 10 12 1 11 12 1 10 12 1 1 7 1 100 1 10 12 1 10 7 12 1 1 1 10 12 1 10 12 1 10 12 1 1 10 12 1 10 12 1 10 12 10 12 1 100 1 100 1 7 1 10 10 12 1 1 10 12 1 10 12 1 10 12 1 1 10 12 1 1 10 100 12 1 1 100 1 11 10 7 12 1 1 11 12 1 11 12 1 10 12 1 10 12 1 10 12 10 12 1 1 10 10 7 12 1 1 1 10 7 12 1 1 10 12 1 1 10 7 12 1 1 10 12 1 10 12 1 1 10 12 1 1 10 12 1 10 12 1 10 12 1 10 12 1 1 10 12 1 10 12 1 1 10 12 1 1 10 12 1 1 10 100 12 1 1 1 10 12 1 10 12 1 7 1 10 12 1 1 10 12 1 1 10 12 1 3 3 10 12 1 7 1 10 12 1 1 10 12 1 1 10 12 1 1 10 12 1 1 10 12 1 1 10 12 1 10 12 1 1 10 12 1 1 10 12 1 10 12 1 10 12 1 10 12 1 1 10 12 1 10 12 1 10 12 1 10 12 1 10 12 1 10 12 1 10 10 12 1 100 1 10 8 1 10 12 1 1 10 12 1 8 1 10 12 1 1 100 1 10 10 12 1 1 10 8 1 10 12 1 10 10 12 10 12 1 1 10 12 1 1 7 1 5 0 100 1 8 1 10 10 12 1 1 5 0 5 0 5 0 10 12 1 1 10 100 1 10 12 1 10 12 1 10 12 1 10 10 12 1 1 10 12 1 10 12 1 10 12 1 10 12 1 10 12 1 10 12 1 1 10 12 1 1 10 12 1 1 10 10 12 1 1 10 10 12 1 100 1 10 9 100 12 1 1 1 11 100 12 1 1 1 10 12 1 1 10 12 1 1 10 7 1 10 12 1 10 12 1 10 7 12 1 1 1 10 12 1 10 12 1 1 10 12 1 11 7 1 11 12 10 12 1 10 12 1 1 9 12 1 1 11 7 12 1 1 1 10 12 1 1 10 10 12 1 10 12 1 9 12 1 10 12 10 10 12 1 10 12 1 1 10 10 12 1 10 12 1 10 12 1 1 10 12 1 1 10 10 12 1 1 10 10 7 12 1 1 1 10 12 1 10 12 1 10 12 10 10 12 10 10 12 1 10 12 1 10 10 12 10 12 1 1 10 12 10 10 12 10 12 1 10 12 10 12 10 10 12 1 10 12 1 1 10 12 1 10 10 12 1 10 7 12 1 1 1 10 12 1 1 10 10 7 12 1 1 1 11 10 12 1 10 12 1 1 10 12 1 1 10 7 12 1 1 1 10 12 1 10 12 1 10 12 1 10 12 1 10 12 1 10 12 1 100 1 10 10 12 1 10 12 1 1 8 1 10 12 1 3 3 10 12 1 10 12 1 1 10 12 7 1 10 10 12 1 1 10 12 10 12 1 10 12 1 10 12 1 1 10 12 1 1 11 7 12 1 1 1 7 1 10 12 1 10 12 1 1 8 1 10 12 1 10 12 1 11 100 12 1 1 1 11 100 12 1 1 11 12 1 10 12 1 10 12 1 1 10 10 7 12 1 1 1 10 12 1 10 12 1 10 10 12 10 12 1 1 10 10 12 1 10 10 12 1 10 10 12 1 10 10 12 1 10 12 1 1 10 10 12 1 8 1 10 12 1 1 18 12 1 1 11 100 12 1 1 1 3 18 12 1 18 12 1 8 1 10 100 12 1 1 1 11 12 1 1 10 12 10 10 12 1 10 11 12 1 1 10 12 1 1 11 12 1 18 3 11 10 11 11 10 12 1 10 12 1 1 8 1 10 12 1 10 12 1 10 12 1 1 10 12 1 11 100 12 1 7 1 100 1 10 12 100 1 10 10 7 12 1 1 1 100 1 10 7 1 10 10 12 1 10 10 12 1 8 1 10 10 12 1 8 1 8 1 10 12 1 10 12 1 10 10 12 10 7 12 1 1 10 100 12 1 1 10 100 12 1 1 8 1 10 12 1 10 12 1 10 9 12 1 10 12 9 7 12 1 1 1 10 12 1 10 12 1 10 12 1 10 12 10 12 1 10 12 1 8 1 10 100 12 1 1 1 10 12 10 12 1 1 10 12 10 12 10 12 7 1 9 12 1 1 7 1 10 7 1 10 100 1 100 1 100 1 100 1 1 1 1 1 1 5 0 1 1 1 1 1 3 1 3 1 1 1 1 1 1 1 1 1 1 1 1 1 1 1 100 1 1 1 1 1 1 1 1 1 1 1 1 1 1 1 1 1 1 1 1 1 1 1 1 1 1 1 1 1 1 1 100 1 1 1 1 1 1 1 1 1 1 1 1 1 1 1 1 1 1 1 1 1 1 1 1 1 1 1 1 1 1 1 1 100 1 7 1 1 1 1 1 1 1 1 1 1 1 1 1 1 1 1 1 1 1 1 1 1 1 1 1 1 1 1 1 1 1 1 1 1 1 1 1 1 1 1 1 1 1 1 1 1 1 1 1 1 1 1 1 1 1 1 1 1 1 1 1 1 1 1 1 1 100 1 1 1 1 1 1 1 1 1 1 1 1 1 1 1 1 1 1 1 1 1 1 1 1 1 1 1 1 1 1 1 1 1 1 1 1 1 1 1 1 1 1 1 1 1 1 1 1 1 1 1 1 1 1 1 1 1 1 1 1 1 1 1 1 1 1 1 1 1 1 1 1 1 1 1 1 1 1 1 1 1 1 1 1 1 1 1 1 1 1 1 1 1 1 1 1 1 1 1 1 1 1 1 1 1 1 1 1 1 100 1 1 1 1 1 1 1 1 1 1 1 1 1 1 1 1 1 1 1 1 1 1 1 100 1 1 1 1 1 1 1 1 1 1 1 1 1 1 1 7 1 1 1 1 1 1 1 1 1 1 1 1 1 1 1 16 15 10 12 16 15 10 12 15 10 12 15 10 12 15 10 100 12 1 1 1 1 100 1 1 1 1 1 100 1 100 1 1 1 1
staticfield java/lang/String COMPACT_STRINGS Z 1
staticfield java/lang/String serialPersistentFields [Ljava/io/ObjectStreamField; 0 [Ljava/io/ObjectStreamField;
staticfield java/lang/String CASE_INSENSITIVE_ORDER Ljava/util/Comparator; java/lang/String$CaseInsensitiveComparator
staticfield java/lang/String UNICODE_CASEFOLD_ORDER Ljava/util/Comparator; java/lang/String$FoldCaseComparator
ciMethod java/lang/String equals (Ljava/lang/Object;)Z 516 0 7436 0 480
ciInstanceKlass java/lang/Comparable 1 0 12 100 1 100 1 1 1 1 1 1 1 1
ciInstanceKlass java/lang/CharSequence 1 1 145 11 7 12 1 1 1 18 12 1 1 100 1 10 100 12 1 1 1 18 10 100 12 1 1 1 11 12 1 1 11 100 1 11 12 1 1 10 100 12 1 1 1 11 12 1 1 10 12 1 1 10 12 1 100 1 10 12 1 1 10 100 12 1 1 1 100 1 10 10 12 1 1 100 1 1 1 1 1 1 1 1 1 1 1 1 1 1 1 1 1 1 1 1 1 1 1 1 1 1 1 1 1 1 1 1 1 1 1 1 1 1 1 1 16 1 15 11 12 16 15 11 12 15 10 100 12 1 1 1 1 1 100 1 100 1 1 100 1 1 100 1 100 1 1
ciMethod java/lang/String length ()I 512 0 322392 0 104
ciMethod java/lang/String charAt (I)C 856 0 237555 0 200
ciInstanceKlass java/lang/constant/Constable 1 0 11 100 1 100 1 1 1 1 1 1 1
ciInstanceKlass java/lang/constant/ConstantDesc 1 0 37 100 1 100 1 1 1 1 100 1 1 1 1 100 1 100 1 100 1 100 1 100 1 100 1 100 1 100 1 100 1 1 100 1 100 1 1
ciInstanceKlass java/lang/AutoCloseable 1 0 12 100 1 100 1 1 1 1 7 1 1 1
ciInstanceKlass java/io/Closeable 1 0 14 100 1 100 1 100 1 1 1 1 7 1 1 1
ciInstanceKlass java/lang/Appendable 1 0 14 100 1 100 1 1 1 1 100 1 1 1 1 1
ciInstanceKlass java/util/Iterator 1 1 53 100 1 8 1 10 12 1 1 10 7 12 1 1 1 11 7 12 1 1 1 11 12 1 1 11 7 12 1 1 1 100 1 1 1 1 1 1 1 1 1 1 1 1 1 1 1 1 1 1 1 1 1
instanceKlass sun/net/www/http/ChunkedInputStream
instanceKlass sun/net/www/protocol/http/EmptyInputStream
instanceKlass sun/security/ssl/SSLSocketImpl$AppInputStream
instanceKlass java/io/SequenceInputStream
instanceKlass java/lang/ProcessBuilder$NullInputStream
instanceKlass java/io/ObjectInputStream$PeekInputStream
instanceKlass java/io/ObjectInputStream$BlockDataInputStream
instanceKlass java/io/ObjectInputStream
instanceKlass sun/nio/ch/NioSocketImpl$1
instanceKlass java/net/Socket$SocketInputStream
instanceKlass java/util/zip/ZipFile$ZipFileInputStream
instanceKlass sun/nio/ch/ChannelInputStream
instanceKlass java/io/FilterInputStream
instanceKlass java/io/FileInputStream
instanceKlass java/io/ByteArrayInputStream
ciInstanceKlass java/io/InputStream 1 1 197 100 1 10 7 12 1 1 1 100 1 10 10 7 12 1 1 1 10 7 12 1 1 1 10 12 1 100 1 100 1 3 10 12 1 1 100 1 8 1 10 12 1 10 7 12 1 1 1 3 100 1 8 1 10 10 7 12 1 1 1 7 1 10 11 7 12 1 1 1 10 12 1 1 11 12 1 1 11 7 12 1 1 1 11 12 1 1 7 1 10 7 12 1 1 1 5 0 10 12 1 10 12 1 1 100 1 10 8 1 10 8 1 8 1 10 12 1 1 10 7 12 1 1 1 100 1 5 0 10 12 1 100 1 100 1 1 1 1 3 1 3 1 1 1 1 1 1 1 1 1 1 1 1 1 1 1 1 1 1 1 1 1 1 1 1 1 1 1 1 1 1 1 1 1 1 1 1 1 1 1 1 1 1 1 1 1 1 1 1 1 1 1 1 1 1 1
instanceKlass javax/management/remote/rmi/RMIConnectionImpl$CombinedClassLoader$ClassLoaderWrapper
instanceKlass com/sun/jmx/remote/util/ClassLoaderWithRepository
instanceKlass com/sun/jmx/remote/util/OrderClassLoaders
instanceKlass javax/management/remote/rmi/RMIConnectionImpl$CombinedClassLoader
instanceKlass javax/management/remote/JMXConnectorFactory$1
instanceKlass java/security/SecureClassLoader
ciInstanceKlass java/lang/ClassLoader 1 1 1189 10 7 12 1 1 1 9 12 1 1 10 7 12 1 1 1 9 12 1 1 10 7 12 1 1 1 7 1 10 12 1 1 10 12 1 1 9 12 1 1 10 12 1 1 100 1 10 12 10 12 1 1 10 7 12 1 1 1 100 1 8 1 10 12 1 10 7 1 10 7 1 7 1 7 1 10 12 1 10 12 1 9 12 1 1 10 10 7 12 1 1 1 9 12 1 1 9 12 1 9 12 1 1 9 12 1 9 12 1 1 9 12 1 1 7 1 10 12 1 9 12 1 1 10 12 1 1 10 7 12 1 1 1 9 12 1 9 12 1 1 9 12 1 10 12 1 1 9 12 10 12 1 1 7 1 10 8 1 10 12 1 1 10 12 1 10 7 1 7 1 10 7 12 1 1 1 10 7 12 1 1 1 8 1 10 12 1 10 12 1 10 12 1 1 10 12 1 1 10 12 1 1 10 12 1 1 10 12 1 1 10 12 1 100 1 10 12 1 10 100 12 1 1 1 10 12 1 1 10 12 1 10 12 1 10 12 1 10 12 1 10 12 1 1 10 10 12 1 10 12 1 10 10 12 1 1 10 12 1 1 100 1 8 1 10 8 1 10 12 1 10 12 1 100 1 8 1 10 12 1 1 10 12 1 1 10 10 12 1 1 10 12 1 1 10 12 1 1 10 7 1 10 12 1 10 12 1 1 10 12 1 1 10 12 1 1 10 12 1 1 10 12 1 1 10 12 1 1 10 12 1 1 10 7 12 1 1 1 10 12 1 10 12 1 10 12 1 1 10 12 1 10 12 1 10 12 1 10 12 1 11 100 12 1 1 1 11 12 1 1 11 100 12 1 1 1 10 12 1 1 11 12 1 100 1 10 12 1 1 10 7 12 1 1 1 11 7 12 1 1 1 10 12 1 1 11 12 1 10 12 1 10 12 1 1 8 1 9 12 1 10 12 1 1 8 1 8 1 10 7 12 1 1 100 1 10 10 12 10 12 1 10 12 1 10 12 1 10 12 1 1 10 7 12 1 1 10 12 1 10 7 1 7 1 10 12 1 1 10 12 1 10 7 1 10 12 1 100 1 18 12 1 10 100 12 1 1 1 10 100 12 1 1 1 10 7 12 1 1 10 12 1 10 12 1 100 1 10 12 1 8 1 10 10 12 1 1 10 12 1 10 12 1 1 100 1 10 12 1 1 10 100 12 1 1 10 12 1 10 7 12 1 1 10 12 1 8 1 100 1 10 10 12 1 9 7 12 1 1 10 7 12 1 1 10 12 1 100 1 8 1 10 12 1 10 8 1 8 1 10 12 1 1 10 12 1 1 10 12 1 1 10 100 12 1 1 100 1 100 1 10 12 1 1 100 1 100 1 10 12 1 10 12 1 10 12 1 10 12 1 10 12 1 10 12 1 1 10 12 1 8 1 7 1 18 12 1 1 10 12 1 1 10 12 1 10 12 1 10 12 1 8 1 10 12 1 10 12 1 18 12 1 11 100 12 1 1 1 100 1 10 12 1 1 10 12 1 10 11 12 1 1 10 18 10 12 1 1 11 100 12 1 18 12 1 11 12 1 1 10 12 1 10 12 1 1 10 12 1 1 100 1 8 1 10 10 12 1 8 1 8 1 10 100 12 1 1 10 12 1 100 1 10 10 12 1 8 1 8 1 8 1 10 12 1 10 12 1 10 12 1 1 10 12 1 1 10 12 1 10 100 12 1 1 1 11 100 12 1 100 1 10 11 10 12 1 10 12 1 10 12 1 1 9 100 12 1 1 9 12 1 1 9 12 9 12 1 9 12 1 9 12 1 8 10 12 1 1 10 7 12 1 1 1 10 12 1 1 10 12 1 1 10 12 1 1 8 1 10 12 1 1 8 10 12 1 1 10 100 12 1 1 8 1 10 12 1 1 11 100 12 1 1 1 11 100 12 1 1 11 12 1 1 100 1 11 12 1 11 12 1 9 12 1 1 8 1 8 1 8 1 8 1 8 1 10 100 12 1 1 8 8 10 12 1 10 12 1 10 12 1 11 12 1 10 100 12 1 1 1 100 1 10 12 1 10 12 1 10 12 1 1 1 1 1 1 1 1 1 1 1 1 1 1 1 1 1 1 1 1 1 1 1 1 1 1 1 1 100 1 1 1 1 1 1 1 1 1 1 1 1 1 1 1 1 1 1 1 1 1 1 1 1 1 100 1 1 1 1 1 1 1 1 1 1 1 1 1 1 1 1 1 1 1 1 1 1 1 1 1 1 1 1 1 1 1 1 1 1 1 1 1 1 1 1 1 1 1 1 1 1 1 100 1 1 1 1 1 1 1 1 1 1 1 1 1 1 1 1 1 1 1 1 1 100 1 1 1 1 1 1 1 1 1 1 1 1 1 1 1 1 1 1 1 1 1 1 1 1 1 1 1 1 1 1 1 1 1 1 1 1 1 1 1 1 1 1 1 1 100 1 1 1 1 1 1 1 1 1 1 1 1 1 1 1 1 1 1 1 1 1 1 1 1 1 1 1 1 1 1 1 1 1 1 1 1 1 1 1 1 1 1 1 1 1 1 1 1 1 1 1 1 1 1 1 1 16 15 10 12 16 1 16 15 10 12 16 1 16 1 15 10 12 16 15 10 12 16 15 10 12 16 15 10 100 12 1 1 1 1 1 1 1 100 1 100 1 1
staticfield java/lang/ClassLoader nocerts [Ljava/security/cert/Certificate; 0 [Ljava/security/cert/Certificate;
staticfield java/lang/ClassLoader $assertionsDisabled Z 1
instanceKlass sun/nio/ch/PipeImpl$Initializer$1
instanceKlass java/util/concurrent/DelayScheduler
instanceKlass java/util/concurrent/ForkJoinWorkerThread
instanceKlass java/util/logging/LogManager$Cleaner
instanceKlass com/intellij/rt/execution/application/AppMainV2$1
instanceKlass jdk/internal/misc/InnocuousThread
instanceKlass java/lang/ref/Finalizer$FinalizerThread
instanceKlass java/lang/ref/Reference$ReferenceHandler
instanceKlass java/lang/BaseVirtualThread
ciInstanceKlass java/lang/Thread 1 1 756 9 7 12 1 1 1 9 7 12 1 1 1 9 12 1 9 12 1 10 12 1 1 9 12 1 1 10 7 12 1 1 10 12 1 10 100 12 1 1 100 1 8 1 10 12 1 1 9 12 1 1 9 12 1 9 12 1 1 7 1 10 12 1 1 10 12 1 7 1 10 12 10 12 1 1 9 12 1 1 10 12 1 100 1 10 12 1 10 12 1 1 10 12 1 1 10 12 1 10 12 1 1 100 1 8 1 10 9 7 12 1 1 1 10 12 1 1 10 3 8 1 100 1 5 0 10 7 12 1 1 1 9 12 1 10 12 1 1 10 7 1 100 1 8 1 10 10 12 1 10 12 1 1 10 12 1 1 10 7 12 1 1 10 12 1 10 12 1 10 7 12 1 1 5 0 9 12 1 10 7 12 1 1 1 10 12 1 1 9 12 1 1 10 100 12 1 1 10 100 12 1 1 1 10 12 1 10 12 1 1 9 12 1 1 10 7 12 1 1 9 12 1 8 1 9 7 12 1 1 1 5 0 100 1 10 7 1 10 100 1 10 7 1 10 8 1 10 12 1 1 10 7 12 1 10 12 1 10 12 1 100 1 8 1 10 10 12 1 10 12 1 1 10 100 12 1 1 1 10 100 12 1 1 1 10 12 1 7 1 9 12 1 1 100 1 10 10 12 1 9 12 1 1 10 12 1 1 10 12 1 1 10 12 1 10 12 1 9 12 1 1 10 10 12 1 1 10 12 1 1 11 7 12 1 1 10 7 12 1 1 9 12 1 1 9 12 1 1 10 100 12 1 1 10 12 1 1 10 12 1 10 100 12 1 1 10 12 1 9 12 1 1 10 12 1 11 100 12 1 1 11 12 1 10 12 1 10 12 1 10 12 1 9 12 1 10 10 12 1 10 12 1 1 9 12 1 9 12 10 12 1 8 1 10 12 1 10 12 1 10 12 1 10 12 1 10 12 1 1 10 12 1 10 12 1 1 10 100 12 1 1 10 12 1 10 12 1 10 12 1 10 12 1 1 9 7 12 1 1 1 8 1 10 9 12 1 10 12 1 100 1 8 1 10 10 12 1 8 1 10 12 1 1 9 12 8 1 10 10 12 1 10 12 1 8 1 10 12 1 10 8 1 9 12 1 1 10 12 1 1 10 10 12 1 10 12 1 100 10 7 12 1 1 1 10 12 1 1 10 12 1 1 10 100 12 1 1 1 11 100 12 1 1 1 10 12 1 1 9 12 1 10 12 1 10 12 1 1 11 100 12 1 1 1 10 12 1 1 1 1 3 1 3 1 3 1 3 1 1 1 1 1 1 1 1 1 1 1 1 1 1 1 1 1 1 1 1 1 1 1 1 1 1 1 100 1 1 1 1 1 1 1 1 1 1 1 1 1 1 1 1 1 1 100 1 1 1 1 1 1 1 1 1 1 1 1 1 1 1 100 1 1 1 1 1 1 1 1 1 1 1 1 1 1 1 1 1 1 1 1 1 1 1 1 1 1 1 1 1 1 1 1 1 1 1 1 1 1 1 1 1 1 1 1 1 1 1 1 1 1 1 1 1 1 1 1 1 1 1 1 1 1 1 1 1 1 1 1 100 100 1 1 1 1 1 1 1 1 1 1 1 1 1 1 1 1 1 1 1 1 1 1 1 100 1 100 1 100 1 1 1 1 100 1 1 1 1 1 1 1 1 1 1 1 1
staticfield java/lang/Thread NEW_THREAD_BINDINGS Ljava/lang/Object; java/lang/Class
staticfield java/lang/Thread EMPTY_STACK_TRACE [Ljava/lang/StackTraceElement; 0 [Ljava/lang/StackTraceElement;
ciInstanceKlass java/lang/Runnable 1 0 11 100 1 100 1 1 1 1 1 1 1
ciInstanceKlass java/lang/Class 1 1 1658 10 7 12 1 1 1 10 7 12 1 1 9 12 1 1 9 12 1 1 9 12 1 1 9 12 1 1 9 12 1 1 9 12 1 10 12 1 1 8 1 10 12 1 8 1 8 1 10 12 1 1 10 7 12 1 1 1 10 12 1 7 1 10 10 12 1 10 12 1 1 10 12 1 1 10 12 1 1 10 7 12 1 1 10 12 1 10 12 1 10 12 1 1 10 12 1 8 1 10 12 1 8 1 10 12 1 8 1 8 1 10 12 1 1 10 7 12 1 1 1 18 12 1 1 11 7 12 1 1 1 8 1 8 1 8 1 10 7 12 1 1 1 11 12 1 1 8 1 10 12 1 10 10 12 1 1 10 12 1 8 1 10 12 1 1 8 1 10 12 1 10 12 1 1 11 100 12 1 1 1 11 100 12 1 1 1 11 8 1 18 8 1 10 12 1 10 7 12 1 1 10 12 1 1 10 12 1 1 10 7 12 1 1 1 10 12 1 1 10 12 1 1 10 7 12 1 1 1 10 7 12 1 1 1 10 7 12 1 10 12 1 1 10 7 1 10 12 1 8 1 10 8 1 8 1 8 1 8 1 8 1 8 1 8 1 8 1 9 100 12 1 1 9 100 1 9 100 1 9 100 1 9 100 1 9 100 1 9 100 1 9 100 1 9 100 1 9 12 1 1 100 1 8 1 10 12 10 12 1 1 100 1 10 12 1 1 10 7 12 1 1 1 10 7 12 1 1 1 7 1 100 1 10 10 12 1 1 10 12 1 1 100 1 10 100 12 1 1 1 10 12 1 1 10 12 1 1 10 12 9 12 1 1 10 12 1 9 12 1 1 9 12 1 1 10 12 1 1 10 7 1 10 12 1 10 12 1 1 10 9 12 1 10 12 1 8 1 10 12 1 1 10 12 1 1 10 12 1 10 12 1 10 12 1 1 9 7 12 1 1 1 10 12 1 10 7 12 1 1 10 12 1 10 12 1 10 12 1 10 12 1 9 100 12 1 1 1 9 12 1 10 12 1 10 12 1 1 9 12 1 1 10 7 10 12 1 1 10 100 12 1 1 10 12 1 10 10 100 12 1 1 1 11 100 12 1 1 9 12 1 11 12 1 1 10 12 1 10 12 1 1 10 7 1 10 10 12 1 1 10 12 1 1 10 12 1 10 10 12 1 1 100 1 8 1 10 10 12 1 1 10 12 1 100 1 11 12 1 10 12 1 1 10 12 1 10 12 1 10 12 1 1 8 1 10 12 1 8 1 9 12 1 10 12 1 10 12 1 10 12 1 10 12 100 1 9 12 1 10 12 1 9 12 1 10 12 1 10 12 1 10 12 1 10 10 12 1 10 12 1 10 12 1 10 12 1 10 12 1 10 12 1 7 1 10 10 12 1 10 12 1 11 12 1 10 12 1 1 10 12 1 1 10 12 1 1 10 12 1 1 10 12 1 1 10 12 1 1 7 1 10 10 12 1 1 10 12 1 1 10 12 1 1 10 10 12 1 10 12 1 1 10 12 1 1 10 12 1 1 10 12 1 1 10 12 10 12 1 1 10 7 12 1 1 1 10 12 1 10 12 1 1 10 12 1 10 7 12 1 1 10 12 1 1 10 10 12 1 1 100 1 10 10 12 1 1 10 100 12 1 1 1 100 1 100 1 10 12 1 1 10 12 1 10 10 12 1 1 10 12 1 10 12 1 10 12 1 10 100 12 1 1 1 11 7 12 1 1 10 12 1 10 12 1 9 7 12 1 1 8 1 10 12 1 10 12 1 10 12 1 10 12 1 1 9 12 1 9 12 1 1 10 7 12 1 1 9 12 1 10 12 1 1 10 10 12 1 10 7 12 1 1 1 10 7 12 1 1 1 10 7 12 1 1 9 12 1 1 10 12 1 9 12 1 10 12 1 1 10 12 1 10 12 1 1 9 12 1 1 9 12 1 10 12 1 10 12 1 1 9 12 1 100 1 10 10 12 1 1 7 1 10 100 11 100 1 9 12 1 1 9 12 1 10 12 1 9 12 1 1 9 12 1 10 12 1 10 12 1 1 9 12 1 7 1 10 10 12 1 1 10 10 12 1 10 12 10 10 12 1 10 12 1 1 10 12 1 8 10 7 8 1 18 8 1 8 1 10 12 1 9 12 1 9 12 1 1 10 12 1 7 1 7 1 10 12 1 9 12 1 1 10 10 12 1 9 12 1 8 1 10 12 1 10 10 12 1 1 100 1 100 1 9 12 1 100 1 8 1 10 10 7 12 1 1 1 10 12 11 7 12 1 1 1 10 12 1 10 12 1 1 10 8 1 10 12 1 8 1 10 12 1 1 9 7 12 1 1 11 12 7 1 11 7 12 1 1 9 12 1 10 100 12 1 1 1 10 7 12 1 1 10 12 1 1 9 12 1 9 10 12 1 1 10 12 1 1 10 12 1 1 10 12 1 1 10 12 1 1 11 12 1 11 12 1 1 11 7 12 1 1 11 12 1 7 1 11 12 1 10 7 12 1 1 1 10 12 1 11 12 1 10 100 12 1 1 1 10 12 1 10 100 12 1 1 1 11 12 1 11 12 1 1 10 12 1 10 12 1 1 9 12 1 1 10 12 1 10 100 12 1 1 1 10 12 1 1 10 12 1 10 12 1 10 12 1 10 7 12 1 1 1 10 12 1 8 1 10 12 1 10 12 1 10 12 1 8 1 8 1 10 7 12 1 1 10 100 12 1 1 100 1 10 12 10 7 12 1 1 1 10 7 12 1 1 1 10 12 1 1 10 12 1 18 12 1 1 11 12 1 1 18 11 12 1 18 12 1 11 12 1 10 12 1 10 12 1 100 1 8 1 8 1 10 10 12 10 12 1 8 1 10 12 1 7 1 9 12 1 1 100 1 100 1 100 1 100 1 1 1 3 1 3 1 3 1 1 1 1 1 1 1 1 1 5 0 1 1 1 1 1 1 1 1 1 1 1 1 1 1 1 1 1 1 1 1 1 1 1 1 1 1 1 1 1 100 1 1 1 1 1 1 1 1 1 1 1 100 1 1 1 1 1 1 1 1 1 1 1 1 1 1 1 1 1 1 1 1 1 1 1 1 1 1 1 1 1 1 1 1 1 1 1 1 100 1 1 1 1 1 1 1 1 1 1 1 1 1 1 1 1 1 1 1 1 1 1 1 1 1 1 1 1 1 1 100 1 1 1 1 1 1 1 1 1 1 1 1 1 1 1 1 1 1 1 1 1 1 1 1 1 1 1 1 1 1 1 1 1 1 1 1 1 1 1 1 1 1 1 1 1 1 1 1 1 1 1 1 1 1 1 1 1 1 1 100 1 100 1 1 1 1 1 1 1 1 1 1 1 1 1 1 1 1 1 1 1 1 1 1 1 1 1 1 1 1 1 1 1 1 1 1 1 1 1 1 1 1 1 1 1 1 1 1 1 1 1 1 1 1 1 1 1 1 1 1 1 1 1 1 1 1 1 1 1 1 1 1 1 1 1 1 1 1 1 1 1 1 1 1 1 1 1 1 1 1 1 1 1 1 1 1 1 1 1 1 1 1 1 1 1 1 1 1 1 1 1 1 1 1 1 1 1 1 1 1 1 1 1 1 16 15 10 12 16 15 11 12 16 1 15 10 12 16 16 15 10 12 16 15 16 1 15 10 12 16 15 10 7 12 1 1 1 1 1 100 1 1 1 1 1 1 1 1 100 1 1 100 1 100 1 1 100 1 100 1 1
staticfield java/lang/Class EMPTY_CLASS_ARRAY [Ljava/lang/Class; 0 [Ljava/lang/Class;
staticfield java/lang/Class serialPersistentFields [Ljava/io/ObjectStreamField; 0 [Ljava/io/ObjectStreamField;
ciInstanceKlass java/lang/reflect/AnnotatedElement 1 1 165 11 7 12 1 1 1 11 12 1 1 100 1 10 100 12 1 1 1 10 12 1 1 10 12 1 1 10 12 1 10 100 12 1 1 1 11 12 1 1 11 100 12 1 1 10 100 12 1 1 1 10 12 1 10 100 12 1 1 1 18 12 1 1 11 100 12 1 1 18 12 1 18 12 1 1 10 100 12 1 1 1 11 100 12 1 1 1 100 1 10 100 12 1 1 1 1 1 1 1 1 1 1 1 1 1 1 1 1 1 1 1 1 1 1 1 1 1 1 100 1 1 1 1 1 1 1 1 1 1 1 16 15 16 1 16 1 15 11 12 16 16 1 15 10 100 12 1 1 1 16 1 15 10 100 12 1 1 1 1 100 1 100 1 1
ciInstanceKlass java/lang/reflect/Type 1 1 17 11 100 12 1 1 1 100 1 1 1 1 1 1 1 1 1
ciInstanceKlass java/lang/invoke/TypeDescriptor 1 0 17 100 1 100 1 1 1 1 1 1 100 1 100 1 1 1 1
ciInstanceKlass java/lang/invoke/TypeDescriptor$OfField 1 0 21 100 1 100 1 100 1 1 1 1 1 1 1 1 1 1 1 1 1 1 1
ciInstanceKlass java/lang/reflect/GenericDeclaration 1 0 30 100 1 100 1 100 1 1 1 1 1 1 1 1 100 1 8 1 1 12 10 1 1 1 8 1 1 1 8 1
ciInstanceKlass java/lang/Module 1 1 1098 10 7 12 1 1 1 9 7 12 1 1 1 10 7 12 1 1 1 9 12 1 9 12 1 1 9 12 1 1 10 12 1 1 10 12 1 10 12 1 1 10 7 12 1 1 1 7 1 10 7 12 1 1 1 10 12 1 1 11 7 12 1 1 1 10 12 1 1 10 12 1 8 1 10 7 12 1 1 1 10 7 12 1 1 1 10 7 12 1 1 1 10 12 1 1 10 12 1 9 12 1 1 10 7 12 1 1 1 9 7 12 1 1 1 100 1 10 8 1 10 12 1 1 10 12 1 10 12 8 1 10 7 12 1 1 1 10 100 12 1 1 1 10 100 12 1 1 1 8 1 10 12 1 8 1 9 12 1 100 1 8 1 10 12 1 10 8 1 8 1 8 1 10 7 12 1 1 1 8 1 10 100 12 1 1 1 8 1 10 100 12 1 1 10 12 1 10 12 1 9 12 1 1 11 12 1 9 7 12 1 1 10 7 12 1 1 1 10 7 12 1 1 1 10 12 1 1 8 1 10 12 1 1 10 12 1 10 12 1 1 9 7 12 1 1 1 10 12 1 1 10 12 1 1 9 12 1 10 12 1 10 12 1 10 12 1 9 12 1 1 11 7 12 1 1 10 12 1 1 9 12 1 9 12 1 10 12 1 10 12 1 100 1 8 1 10 10 12 1 1 10 12 1 8 1 10 12 1 10 12 1 1 10 12 1 10 12 1 1 8 1 8 1 10 12 1 1 10 12 1 10 12 1 1 18 12 1 1 10 12 1 1 11 12 1 9 12 1 11 12 7 1 10 12 1 18 12 1 11 12 1 1 11 12 1 1 11 12 1 10 12 1 1 10 12 1 1 9 12 1 10 12 10 7 12 1 1 10 7 1 18 12 1 1 11 100 12 1 1 1 18 12 1 11 12 1 1 10 100 12 1 1 1 11 12 1 1 10 7 12 1 1 11 12 1 1 10 12 1 1 7 1 11 12 1 7 1 7 1 10 12 1 10 7 12 1 1 1 10 7 12 1 1 1 10 11 7 12 1 8 1 10 12 1 10 12 1 1 10 7 12 1 1 10 12 1 10 12 1 7 1 10 12 1 10 11 12 1 10 12 11 12 1 1 11 7 12 1 1 11 12 1 1 10 12 1 1 9 12 1 1 100 1 10 10 12 1 1 11 100 1 10 12 1 1 11 12 1 10 11 10 12 1 11 10 12 1 1 10 12 1 1 10 12 1 1 10 7 12 1 1 10 12 1 10 12 1 1 10 10 12 1 1 10 12 1 18 12 1 11 12 1 18 12 1 10 12 1 10 12 1 10 12 7 1 10 12 1 10 12 1 10 12 1 9 12 1 7 1 10 10 10 10 12 1 10 12 1 10 12 1 10 12 1 1 10 12 1 1 10 12 1 9 12 1 10 12 1 100 1 8 1 10 12 1 1 10 12 1 10 100 12 1 1 100 1 10 12 1 1 100 1 8 1 100 1 9 100 12 1 1 1 11 100 12 1 1 10 12 1 1 11 12 1 1 18 12 1 1 11 12 1 1 100 1 10 12 1 10 12 1 1 100 1 100 1 10 12 8 1 10 12 1 1 10 12 1 1 10 7 12 1 1 10 12 1 1 10 12 1 10 12 10 12 1 1 100 1 10 10 12 1 1 10 100 12 1 1 1 100 1 10 100 12 1 1 1 10 100 12 1 1 8 1 18 12 1 1 100 1 100 1 9 12 1 1 9 12 1 9 12 1 11 100 12 1 1 1 100 1 11 12 1 1 100 1 10 12 1 8 1 10 12 1 10 12 10 12 1 8 1 10 10 100 12 1 1 10 12 1 1 7 1 10 10 12 1 10 7 12 1 1 9 12 1 9 12 1 9 12 1 9 12 1 9 12 1 10 12 10 12 1 100 1 1 1 1 1 1 1 1 1 1 1 1 1 1 1 1 1 1 1 1 1 1 1 1 1 1 1 1 1 1 1 1 1 1 1 1 1 1 1 1 1 1 1 1 1 1 1 1 1 1 1 1 1 1 1 1 1 1 1 1 1 1 1 1 1 1 1 1 1 1 1 1 1 1 1 1 1 1 1 1 1 1 1 1 1 1 1 1 1 1 1 1 1 1 1 1 1 1 1 1 1 1 1 1 1 1 1 1 1 1 1 100 100 1 1 1 1 1 1 1 1 1 1 1 1 1 1 1 1 1 1 1 1 1 1 1 1 1 1 100 1 100 1 1 1 1 1 1 1 1 1 1 1 1 1 1 1 1 1 1 100 1 1 1 1 1 1 1 1 1 1 1 1 1 1 1 1 1 1 1 1 1 1 1 1 1 1 1 16 15 10 12 16 15 10 12 16 1 16 15 10 12 16 16 15 10 16 1 15 10 12 16 1 15 10 12 16 1 16 1 15 10 12 16 15 10 7 12 1 1 1 15 10 100 12 1 1 1 1 1 1 1 1 1 1 1 1 1 1 100 1 100 1 1
staticfield java/lang/Module ALL_UNNAMED_MODULE Ljava/lang/Module; java/lang/Module
staticfield java/lang/Module ALL_UNNAMED_MODULE_SET Ljava/util/Set; java/util/ImmutableCollections$Set12
staticfield java/lang/Module EVERYONE_MODULE Ljava/lang/Module; java/lang/Module
staticfield java/lang/Module EVERYONE_SET Ljava/util/Set; java/util/ImmutableCollections$Set12
staticfield java/lang/Module $assertionsDisabled Z 1
ciInstanceKlass java/lang/StringLatin1 1 1 440 7 1 10 100 12 1 1 1 10 12 1 1 100 1 10 7 12 1 1 1 10 100 12 1 1 1 10 12 1 10 7 12 1 1 1 10 12 1 1 10 7 12 1 1 1 10 7 12 1 1 1 10 12 1 1 10 12 1 1 10 10 12 1 10 12 1 10 9 7 12 1 1 1 10 12 1 1 10 7 12 1 1 1 10 12 10 12 1 1 10 12 10 12 1 1 3 10 100 12 1 1 1 10 12 1 1 5 0 10 12 1 1 10 12 1 5 0 10 12 1 10 12 1 1 10 12 1 1 10 12 1 10 12 1 1 10 12 1 10 7 12 1 1 10 12 1 10 12 1 1 9 12 1 1 100 1 10 10 12 1 1 10 7 12 1 1 1 10 12 1 10 12 1 100 1 100 1 8 1 10 12 1 8 1 100 1 10 10 12 1 10 7 12 1 1 1 8 1 8 1 8 1 10 12 1 1 10 10 100 12 1 1 10 12 1 10 12 1 1 10 12 1 1 10 12 1 1 10 12 1 10 12 10 12 10 12 1 10 12 10 10 12 1 10 12 1 10 12 1 10 7 12 1 1 1 10 7 12 1 1 1 10 12 1 1 10 10 7 12 1 1 1 1 1 1 1 1 1 1 1 1 1 1 1 1 1 1 1 1 1 1 1 1 1 1 1 1 1 1 1 1 1 1 1 1 1 1 1 1 1 1 1 1 1 1 100 1 1 1 1 1 1 1 1 1 1 1 1 1 1 1 1 1 1 1 1 1 1 1 1 1 1 1 1 1 1 1 1 1 1 1 1 1 1 1 1 1 1 1 1 1 1 1 1 1 1 1 1 1 1 1 1 1 1 1 1 1 1 1 1 1 100 1 1 1 1 1 1 1 1 1 1 1 1 1 1 1 1 1 1 1 1 100 1 1 1 1 1 1 1 1 1 1 1 1 1 1 1 1 1 1 1 1 1 1 1 1 1 1 1 1 1 1 1 100 1 1 1 1
staticfield java/lang/StringLatin1 $assertionsDisabled Z 1
ciInstanceKlass jdk/internal/util/ArraysSupport 1 1 396 7 1 100 1 8 1 10 12 1 1 10 12 1 1 10 100 12 1 1 9 7 12 1 1 1 9 12 1 1 10 7 12 1 1 1 9 12 1 1 10 7 12 1 1 1 9 12 1 10 12 9 12 1 10 12 1 1 10 12 10 12 1 1 10 7 12 1 1 1 9 12 1 1 11 7 12 1 1 1 10 7 12 1 1 1 7 1 10 12 1 1 10 12 1 100 1 10 12 1 10 12 7 1 10 12 1 7 1 10 12 1 100 1 100 1 10 8 1 10 12 1 1 10 12 1 10 12 1 1 10 9 12 1 1 9 12 1 10 12 1 1 9 12 1 9 12 1 9 12 1 9 12 1 9 12 1 9 12 1 9 12 1 10 12 1 1 10 100 12 1 1 1 9 12 1 9 12 1 10 12 1 1 10 12 1 9 12 1 10 12 1 10 100 12 1 1 1 9 12 1 9 12 1 10 12 1 10 12 1 10 7 12 1 1 1 3 10 12 1 100 1 8 1 8 1 8 1 10 10 100 12 1 1 1 11 100 12 1 1 1 10 12 1 10 100 12 1 1 1 10 12 1 1 10 12 1 1 9 12 1 10 12 1 9 12 1 9 12 1 9 12 1 9 12 1 9 12 1 9 12 1 9 12 1 10 7 12 1 1 1 1 1 3 1 3 1 3 1 3 1 3 1 3 1 3 1 3 1 1 1 1 1 1 1 1 1 1 1 1 1 1 1 1 1 1 1 1 1 1 1 1 1 1 1 1 1 1 1 1 1 1 1 1 1 1 1 1 1 1 1 1 1 1 1 1 1 1 1 1 1 1 1 1 1 1 1 1 1 1 1 1 1 1 1 1 1 1 1 1 1 1 1 1 1 1 1 1 1 1 1 100 1 1 1 1
staticfield jdk/internal/util/ArraysSupport U Ljdk/internal/misc/Unsafe; jdk/internal/misc/Unsafe
staticfield jdk/internal/util/ArraysSupport BIG_ENDIAN Z 0
staticfield jdk/internal/util/ArraysSupport LOG2_ARRAY_BOOLEAN_INDEX_SCALE I 0
staticfield jdk/internal/util/ArraysSupport LOG2_ARRAY_BYTE_INDEX_SCALE I 0
staticfield jdk/internal/util/ArraysSupport LOG2_ARRAY_CHAR_INDEX_SCALE I 1
staticfield jdk/internal/util/ArraysSupport LOG2_ARRAY_SHORT_INDEX_SCALE I 1
staticfield jdk/internal/util/ArraysSupport LOG2_ARRAY_INT_INDEX_SCALE I 2
staticfield jdk/internal/util/ArraysSupport LOG2_ARRAY_LONG_INDEX_SCALE I 3
staticfield jdk/internal/util/ArraysSupport LOG2_ARRAY_FLOAT_INDEX_SCALE I 2
staticfield jdk/internal/util/ArraysSupport LOG2_ARRAY_DOUBLE_INDEX_SCALE I 3
staticfield jdk/internal/util/ArraysSupport LOG2_BYTE_BIT_SIZE I 3
staticfield jdk/internal/util/ArraysSupport JLA Ljdk/internal/access/JavaLangAccess; java/lang/System$1
ciInstanceKlass java/util/Arrays 1 1 1020 10 7 12 1 1 1 10 100 12 1 1 1 10 7 12 1 1 1 10 12 1 10 12 1 10 12 1 10 12 1 10 12 1 10 12 1 10 100 12 1 1 1 100 1 7 1 10 8 1 10 12 1 1 10 12 1 8 1 8 1 10 12 1 1 10 12 1 100 1 10 12 1 9 100 12 1 1 1 10 7 12 1 1 100 1 10 12 1 1 10 7 12 1 1 10 7 12 1 1 1 100 1 10 12 1 10 12 1 1 7 1 9 7 12 1 1 1 10 12 1 1 10 7 12 1 1 10 12 1 10 12 1 1 10 12 1 10 12 1 1 7 1 11 12 1 1 10 12 1 10 7 12 1 1 1 10 12 10 12 1 10 12 1 10 12 10 12 1 11 7 12 1 1 1 10 7 12 1 1 1 100 1 10 12 1 10 100 1 10 12 1 10 100 1 10 12 1 10 100 1 10 12 1 10 10 12 1 1 10 12 1 10 12 1 10 12 1 10 12 1 10 12 1 10 100 12 1 1 1 10 12 1 10 100 12 1 1 1 10 12 1 10 12 1 10 7 12 1 1 1 10 12 1 10 12 1 10 12 1 10 12 1 10 12 1 10 12 1 10 12 1 10 12 1 10 12 1 10 12 1 10 12 1 10 12 1 10 12 1 10 12 1 10 12 1 10 12 1 1 10 12 1 1 10 7 12 1 1 1 10 7 1 10 7 1 10 7 1 10 7 1 10 100 1 10 100 1 10 100 1 10 100 1 10 12 1 8 1 7 1 10 12 10 7 12 1 1 1 10 12 10 12 1 10 12 1 10 12 1 10 100 12 1 1 10 12 10 12 1 10 12 1 10 12 10 12 1 1 10 12 1 1 9 7 12 1 1 1 10 12 1 9 7 1 10 12 1 9 10 12 1 9 7 1 10 12 1 9 7 1 10 12 1 9 10 12 1 9 10 12 1 10 12 1 10 12 1 9 12 1 100 1 10 10 12 1 1 10 12 1 10 12 1 10 12 1 10 12 1 10 12 1 10 12 1 10 12 1 10 12 1 10 12 1 8 1 8 1 10 12 1 10 12 1 8 1 10 12 1 10 12 1 10 12 1 10 7 12 1 1 1 3 10 7 1 10 10 12 1 1 11 100 12 1 1 10 12 1 1 10 12 1 10 12 1 10 12 1 10 12 1 10 12 1 10 12 1 10 12 1 10 12 1 11 12 1 8 1 10 11 12 1 11 100 12 1 1 1 11 100 12 1 1 1 11 12 1 1 18 12 1 1 11 12 1 1 11 100 12 1 1 1 18 12 1 11 100 12 1 1 1 18 12 1 11 100 12 1 1 1 18 12 1 100 1 10 7 12 1 1 1 10 12 1 10 12 1 10 12 1 10 12 1 10 12 1 10 12 1 10 12 1 10 12 1 1 10 12 1 10 7 12 1 1 10 12 1 10 12 1 10 12 1 1 10 12 1 10 12 1 10 12 1 1 10 12 1 10 12 1 10 12 1 1 10 12 1 10 12 1 10 12 1 10 12 1 10 12 10 12 1 10 12 10 12 10 12 1 10 12 10 12 1 10 12 1 10 12 1 1 1 1 3 1 3 1 1 1 1 1 1 1 1 1 1 1 1 1 1 1 1 1 1 1 1 1 1 1 1 1 1 1 1 1 1 1 1 1 1 1 1 1 1 1 1 1 1 1 1 1 1 1 1 1 1 1 1 1 1 1 1 1 1 1 1 1 1 1 1 1 1 1 1 1 1 1 1 1 1 1 1 1 1 1 1 1 1 1 1 1 1 1 1 1 1 1 1 1 1 1 1 1 1 1 1 1 1 1 1 1 1 1 1 1 1 1 1 1 1 1 1 1 1 1 1 1 1 1 1 1 1 1 1 1 1 1 1 1 1 1 1 1 1 1 1 1 1 1 1 1 1 1 1 1 1 1 1 1 1 1 1 1 1 1 1 1 1 1 1 1 1 1 1 1 1 1 1 1 1 1 1 1 1 1 1 1 1 1 1 1 1 1 1 1 1 1 1 1 1 1 1 1 1 1 1 1 1 1 1 1 1 1 1 1 1 1 1 1 1 1 1 1 1 1 1 1 1 1 1 1 1 1 1 1 1 1 1 1 1 1 1 1 1 1 1 1 1 1 1 1 1 1 1 1 1 1 1 1 1 1 1 1 1 1 1 100 1 1 16 15 10 12 15 10 12 15 10 12 15 10 12 15 10 100 12 1 1 1 1 1 100 1 100 1 1 1 1 100 1 1 1 1 1 1 100 1 1 100 1 1 100 1 1 1 100 1 100 1 1
staticfield java/util/Arrays $assertionsDisabled Z 1
ciMethod java/lang/StringLatin1 equals ([B[B)Z 292 554 6264 0 -1
ciMethod java/lang/StringLatin1 charAt ([BI)C 856 0 237555 0 0
ciInstanceKlass java/lang/StringUTF16 1 1 650 100 1 7 1 10 100 12 1 1 1 10 7 12 1 1 1 100 1 10 3 100 1 100 1 10 8 1 10 12 1 1 10 12 1 8 1 10 12 1 1 10 12 1 9 12 1 1 10 12 1 1 100 1 8 1 10 12 1 9 12 1 1 9 12 1 10 10 12 1 1 10 12 1 1 10 7 12 1 1 1 10 12 1 10 12 1 1 10 12 1 1 10 12 1 1 10 12 1 1 10 12 1 10 12 1 1 10 12 1 1 10 12 1 1 10 12 1 1 10 12 1 1 10 12 1 10 100 12 1 1 1 10 12 1 1 10 100 12 1 1 1 10 12 1 1 10 12 1 10 12 1 1 10 12 1 1 10 12 1 1 10 12 1 10 12 1 100 1 10 12 1 10 10 12 1 10 12 1 1 10 12 1 10 100 12 1 1 1 10 12 1 1 10 12 10 12 1 1 10 12 1 10 12 1 1 10 12 1 10 12 1 10 12 1 10 12 1 10 12 1 3 10 100 12 1 1 1 10 12 1 1 5 0 5 0 10 12 1 10 7 12 1 1 1 3 10 12 1 10 12 1 10 12 1 10 12 1 10 12 1 10 12 1 1 9 12 1 10 12 1 10 12 10 12 1 1 10 12 1 10 12 1 10 12 1 10 10 12 10 12 10 10 12 1 1 10 12 1 10 12 1 10 12 1 100 1 8 1 8 1 10 12 1 1 100 1 10 10 100 12 1 1 1 10 100 12 1 1 8 1 8 1 8 1 10 12 1 1 10 12 1 1 10 12 10 100 12 1 1 10 12 1 1 10 12 1 1 10 12 1 10 12 10 12 10 12 1 10 12 10 12 1 10 12 1 10 12 1 10 12 1 10 100 12 1 1 1 10 100 12 1 1 1 10 7 12 1 1 1 9 12 1 1 9 12 1 10 12 1 1 11 100 12 1 1 10 12 1 1 10 12 1 10 12 10 12 10 7 12 1 1 1 8 1 9 12 1 9 12 1 8 1 10 12 1 1 1 1 1 1 1 1 1 1 1 1 1 1 1 1 1 1 1 1 1 1 1 1 1 1 1 1 1 1 100 1 1 1 1 1 1 1 1 1 1 1 1 1 1 1 1 1 1 1 1 1 1 1 1 1 1 1 1 1 1 1 1 1 1 1 1 1 1 1 1 1 1 1 1 1 1 1 1 1 1 1 1 1 1 1 1 1 1 1 1 1 1 1 1 1 1 1 1 1 1 1 1 1 1 1 1 1 1 1 1 1 1 1 1 1 1 1 1 1 1 1 1 1 1 1 1 1 1 100 1 1 1 1 1 1 1 1 1 1 1 1 1 1 1 1 1 100 1 1 1 1 1 1 1 1 1 1 1 1 1 1 1 1 1 1 1 1 1 1 1 1 1 1 1 1 1 1 1 1 1 1 1 1 1 1 1 1 1 1 1 1 1 1 1 1 1 100 1 100 1 1 1 1 1
staticfield java/lang/StringUTF16 HI_BYTE_SHIFT I 0
staticfield java/lang/StringUTF16 LO_BYTE_SHIFT I 8
staticfield java/lang/StringUTF16 $assertionsDisabled Z 1
ciInstanceKlass jdk/internal/misc/Unsafe 1 1 1272 10 7 12 1 1 1 10 7 12 1 1 9 12 1 1 9 12 1 1 10 12 1 1 10 7 12 1 1 1 10 12 1 1 10 12 1 1 10 12 1 1 10 12 1 1 10 12 1 1 10 12 1 1 10 12 1 1 10 12 1 1 10 12 1 1 10 12 1 1 10 12 1 1 10 12 1 1 10 12 1 1 10 12 1 10 12 1 100 1 10 10 12 1 1 10 12 1 1 5 0 10 12 1 1 10 12 1 1 10 7 12 1 1 1 10 12 1 1 10 12 1 10 12 1 10 12 1 1 10 12 1 1 10 12 1 10 12 1 100 1 100 1 10 8 1 10 12 1 1 10 12 1 8 1 10 12 1 1 10 12 1 10 12 1 10 12 1 1 10 12 1 10 12 1 1 10 12 1 1 10 12 1 10 12 1 10 12 1 10 12 1 1 10 12 1 10 12 1 10 12 1 1 10 12 1 5 0 5 0 5 0 10 12 1 10 12 1 10 12 1 10 12 1 10 12 1 10 12 1 10 12 1 10 12 1 10 12 1 1 10 12 1 10 12 1 100 1 8 1 10 100 1 10 10 12 1 1 10 12 1 1 8 1 8 1 8 1 100 1 8 1 10 12 1 10 100 12 1 1 1 10 10 12 1 10 12 1 1 10 12 1 1 10 12 1 10 12 1 1 10 12 1 9 7 12 1 1 9 12 1 100 1 10 10 12 1 1 8 1 10 8 1 8 1 10 12 1 1 9 7 12 1 1 1 9 100 1 9 7 1 9 7 1 9 9 100 1 9 7 1 9 100 1 10 12 1 1 10 12 1 1 10 12 1 1 10 12 1 1 5 0 5 0 9 12 1 1 10 12 1 10 12 1 10 12 1 1 10 12 1 1 10 12 1 8 1 3 10 12 1 1 10 12 1 1 10 12 1 10 12 1 1 10 12 1 1 10 12 1 10 12 1 10 12 1 10 12 1 10 12 1 10 12 1 1 10 12 1 1 10 12 1 10 12 1 10 12 1 10 12 1 10 12 1 10 12 1 1 10 12 1 1 10 12 1 10 12 1 10 12 1 10 12 1 10 12 1 10 12 1 1 10 12 1 1 10 12 1 1 10 12 1 1 10 12 1 10 12 1 10 12 1 10 12 1 10 12 1 10 12 1 10 12 1 1 10 12 1 1 10 12 1 10 12 1 10 12 1 10 12 1 10 12 1 10 12 1 10 12 1 1 10 12 1 1 10 12 1 10 12 1 10 12 1 10 12 1 10 12 1 10 12 1 10 12 1 10 12 1 1 10 12 1 10 12 1 10 12 1 10 12 1 10 12 1 1 10 12 1 10 12 1 10 12 1 10 12 1 10 12 1 10 12 1 10 12 1 10 12 1 1 10 12 1 10 12 1 10 12 1 10 12 1 10 12 1 10 12 1 1 10 12 1 10 12 1 10 12 1 1 10 12 1 10 12 1 10 12 1 10 12 1 10 12 1 10 12 1 10 12 1 10 12 1 10 12 1 10 12 1 10 12 1 10 12 1 10 12 1 10 12 1 10 12 1 10 12 1 10 12 1 10 12 1 10 12 1 10 12 1 10 12 1 10 12 1 10 12 1 100 1 10 100 1 10 9 12 1 5 0 10 12 1 1 5 0 10 12 1 5 0 10 12 1 10 12 1 10 12 1 1 10 12 1 1 10 12 1 10 12 1 10 12 1 10 12 1 1 10 12 1 10 12 1 10 12 1 10 12 1 10 12 1 1 10 12 1 10 12 1 10 12 1 10 12 1 1 10 12 1 10 12 1 10 12 1 1 10 12 1 10 12 1 10 12 1 10 12 1 1 10 12 1 10 10 12 1 1 10 12 1 10 12 1 1 10 12 1 10 12 5 0 5 0 5 0 10 12 1 1 10 12 1 10 12 1 10 12 10 100 12 1 1 8 1 100 1 11 12 1 1 8 1 11 12 1 1 11 100 12 1 1 10 12 1 10 7 1 10 12 1 1 9 12 1 1 7 1 9 12 1 7 1 9 12 1 7 1 9 12 1 7 1 9 12 1 7 1 9 12 1 7 1 9 12 1 7 1 9 12 1 7 1 9 12 1 10 12 1 9 12 1 9 12 1 9 12 1 9 12 1 9 12 1 9 12 1 9 12 1 9 12 1 9 12 1 9 12 1 1 1 5 0 1 1 1 1 1 1 1 1 1 1 1 1 1 1 1 1 1 1 1 1 1 1 1 1 1 1 1 1 1 1 1 1 1 1 1 1 1 1 1 1 1 1 1 1 1 1 1 1 1 1 1 1 1 1 1 1 1 1 1 1 1 1 1 1 1 1 1 1 1 1 1 1 1 1 1 1 1 1 1 1 1 1 1 1 1 1 1 1 1 1 1 1 1 100 1 1 1 1 1 1 1 1 1 1 1 1 1 1 1 1 1 1 1 1 1 1 1 1 1 1 1 1 1 1 1 1 1 1 1 1 1 1 1 1 1 1 1 1 1 1 1 1 1 1 1 1 1 1 1 1 1 1 1 1 1 1 1 1 1 1 1 1 1 1 1 1 1 1 1 1 1 1 1 1 1 1 1 1 1 1 1 1 1 1 1 1 1 1 1 1 1 1 1 1 1 1 1 1 1 1 1 1 1 1 1 1 1 1 1 1 1 1 1 1 1 1 1 1 1 1 1 1 1 1 1 1 1 1 1 1 1 1 1 1 1 1 1 1 1 1 1 1 1 1 1 1 1 1 1 1 1 1 1 1 1 1 1 1 1 1 1 1 1 1 1 1 1 1 1 1 1 1 1 1 1 1 1 1 1 1 1 1 1 1 1 1 1 1 1 1 1 1 1 1 1 1 1 1 1 1 1 1 1 1 1 1 1 1
staticfield jdk/internal/misc/Unsafe theUnsafe Ljdk/internal/misc/Unsafe; jdk/internal/misc/Unsafe
staticfield jdk/internal/misc/Unsafe ARRAY_BOOLEAN_BASE_OFFSET J 16
staticfield jdk/internal/misc/Unsafe ARRAY_BYTE_BASE_OFFSET J 16
staticfield jdk/internal/misc/Unsafe ARRAY_SHORT_BASE_OFFSET J 16
staticfield jdk/internal/misc/Unsafe ARRAY_CHAR_BASE_OFFSET J 16
staticfield jdk/internal/misc/Unsafe ARRAY_INT_BASE_OFFSET J 16
staticfield jdk/internal/misc/Unsafe ARRAY_LONG_BASE_OFFSET J 16
staticfield jdk/internal/misc/Unsafe ARRAY_FLOAT_BASE_OFFSET J 16
staticfield jdk/internal/misc/Unsafe ARRAY_DOUBLE_BASE_OFFSET J 16
staticfield jdk/internal/misc/Unsafe ARRAY_OBJECT_BASE_OFFSET J 16
staticfield jdk/internal/misc/Unsafe ARRAY_BOOLEAN_INDEX_SCALE I 1
staticfield jdk/internal/misc/Unsafe ARRAY_BYTE_INDEX_SCALE I 1
staticfield jdk/internal/misc/Unsafe ARRAY_SHORT_INDEX_SCALE I 2
staticfield jdk/internal/misc/Unsafe ARRAY_CHAR_INDEX_SCALE I 2
staticfield jdk/internal/misc/Unsafe ARRAY_INT_INDEX_SCALE I 4
staticfield jdk/internal/misc/Unsafe ARRAY_LONG_INDEX_SCALE I 8
staticfield jdk/internal/misc/Unsafe ARRAY_FLOAT_INDEX_SCALE I 4
staticfield jdk/internal/misc/Unsafe ARRAY_DOUBLE_INDEX_SCALE I 8
staticfield jdk/internal/misc/Unsafe ARRAY_OBJECT_INDEX_SCALE I 4
staticfield jdk/internal/misc/Unsafe ADDRESS_SIZE I 8
ciMethod java/lang/StringUTF16 checkIndex (I[B)V 0 0 6 0 -1
ciMethod java/lang/StringUTF16 compress ([BII)[B 0 0 1 0 -1
ciMethod java/lang/StringUTF16 getChar ([BI)C 514 0 11515 0 -1
ciMethod java/lang/StringUTF16 coderFromArrayLen ([BI)B 212 0 8342 0 -1
ciMethod java/lang/StringUTF16 newBytesFor (I)[B 0 0 1 0 -1
ciMethod java/lang/StringUTF16 charAt ([BI)C 0 0 6 0 0
ciInstanceKlass java/lang/Thread$FieldHolder 1 1 55 10 7 12 1 1 1 9 7 12 1 1 1 9 12 1 1 9 12 1 1 9 12 1 1 9 12 1 1 1 1 1 1 1 1 1 1 1 1 100 1 100 1 1 1 1 100 1 1 1 100 1 100 1 1
ciInstanceKlass java/lang/Thread$Constants 1 1 47 7 1 10 100 12 1 1 1 10 12 1 1 10 12 1 1 10 7 12 1 1 8 1 10 12 1 9 7 12 1 1 1 1 1 1 1 1 1 1 1 1 1 1 1 1 1
staticfield java/lang/Thread$Constants VTHREAD_GROUP Ljava/lang/ThreadGroup; java/lang/ThreadGroup
ciInstanceKlass java/lang/ThreadGroup 1 1 380 10 7 12 1 1 1 9 7 12 1 1 1 8 1 9 12 1 1 100 1 9 12 1 1 9 12 1 1 10 7 12 1 1 1 10 12 1 1 10 12 1 10 12 1 1 10 12 1 1 10 12 1 10 12 1 10 12 1 10 100 12 1 1 1 10 12 1 1 18 12 1 1 11 100 12 1 1 1 10 12 1 1 10 12 1 1 10 12 1 1 10 100 12 1 1 1 10 12 1 11 12 1 1 11 100 12 1 1 11 12 1 1 10 12 1 1 10 12 1 10 12 1 11 12 1 11 12 1 1 10 12 1 100 1 10 18 12 1 1 11 100 12 1 1 1 11 12 1 1 9 100 12 1 1 1 10 12 1 1 8 1 10 100 12 1 1 1 10 100 12 1 1 1 10 12 1 1 11 12 10 12 1 1 10 12 1 1 11 100 1 9 12 1 100 1 10 8 1 10 12 1 1 10 12 1 1 8 1 10 12 1 10 100 12 1 1 1 10 12 1 1 10 7 1 8 1 10 8 1 10 12 1 10 12 1 8 1 9 12 1 1 9 12 1 10 7 12 1 1 1 100 9 12 1 1 7 1 9 12 1 10 12 10 12 1 1 7 10 12 9 12 1 10 12 1 100 1 10 100 1 10 10 12 1 10 12 1 1 1 1 1 1 1 1 1 1 1 1 1 1 1 1 3 1 1 1 1 1 1 1 1 1 1 1 100 1 1 1 1 1 1 1 1 1 1 1 1 1 1 1 1 1 1 1 1 1 1 1 1 1 1 1 1 1 1 1 1 1 1 1 1 1 1 1 1 16 15 10 12 16 16 15 10 12 16 15 10 100 12 1 1 1 1 1 100 1 100 1 1
staticfield java/lang/ThreadGroup $assertionsDisabled Z 1
ciInstanceKlass java/lang/Thread$UncaughtExceptionHandler 1 0 16 100 1 100 1 1 1 1 1 1 1 1 100 1 1 1
instanceKlass java/lang/ThreadBuilders$BoundVirtualThread
instanceKlass java/lang/VirtualThread
ciInstanceKlass java/lang/BaseVirtualThread 1 1 36 10 7 12 1 1 1 100 1 1 1 1 1 1 1 1 1 1 1 1 1 1 1 1 1 1 1 1 100 1 100 1 1 100 1 1
ciInstanceKlass java/lang/VirtualThread 1 1 942 9 7 12 1 1 1 9 12 1 1 10 7 12 1 1 1 10 7 12 1 1 1 10 7 12 1 1 1 9 12 1 1 7 1 10 12 1 9 12 1 1 18 12 1 1 9 12 1 1 10 12 1 1 100 1 10 12 1 10 12 1 1 10 12 1 1 10 12 1 10 12 1 1 9 12 1 1 10 12 1 10 7 12 1 10 12 1 10 12 1 10 12 1 10 12 1 9 12 1 1 11 100 12 1 1 1 7 1 10 7 12 1 1 1 10 12 1 1 11 100 12 1 1 1 10 10 12 1 10 12 1 10 12 1 100 1 10 12 1 1 100 1 9 12 1 1 5 0 10 7 12 1 1 1 9 12 1 7 1 100 1 10 10 12 1 10 12 1 1 10 12 1 10 12 1 1 10 12 1 10 12 10 12 1 100 1 10 10 12 1 10 12 1 1 9 12 1 1 10 12 1 1 9 12 1 1 10 12 1 9 12 1 10 7 12 1 1 10 9 10 10 12 1 1 10 12 1 1 10 100 12 1 1 10 100 1 10 9 10 100 1 10 12 1 1 10 12 1 10 10 12 1 1 9 12 1 10 12 1 10 12 1 9 12 1 1 10 12 1 10 12 1 10 12 1 1 9 12 1 1 10 12 1 10 12 1 1 10 12 1 10 12 1 1 9 12 1 18 9 7 12 1 1 1 10 12 1 1 9 12 1 10 12 1 10 12 1 1 9 12 1 9 12 1 10 12 1 9 12 1 1 18 12 1 9 12 1 10 12 9 12 1 1 10 100 12 1 1 10 12 1 10 12 1 1 10 7 12 1 1 10 12 1 100 1 8 1 10 12 1 10 12 1 1 10 12 1 10 12 1 10 12 1 10 7 12 1 1 10 12 1 10 12 1 10 12 1 10 12 1 10 7 12 1 1 8 1 10 12 1 10 12 1 10 12 1 10 12 1 1 10 12 1 10 12 10 12 10 12 1 100 1 10 10 12 1 10 12 1 1 10 12 1 1 10 12 1 10 12 1 10 12 1 1 10 12 1 1 11 100 12 1 1 11 12 1 10 12 9 100 12 1 1 1 9 12 1 10 12 1 1 9 12 1 9 12 1 9 12 1 9 12 1 100 1 10 10 12 1 1 10 12 1 100 1 100 1 10 8 1 10 12 1 1 10 12 1 10 12 1 10 10 12 1 8 1 10 10 12 1 10 12 1 10 100 12 1 1 8 1 8 1 10 12 1 1 10 10 9 100 12 1 1 1 10 12 1 1 10 12 1 10 10 12 9 12 1 10 12 1 1 10 12 1 9 12 1 10 12 1 1 9 12 1 10 12 1 1 9 12 1 10 12 1 1 18 12 1 1 8 1 10 12 1 1 8 1 8 1 10 7 12 1 1 1 10 7 12 1 1 1 10 12 1 10 12 1 1 10 12 1 18 12 1 1 18 12 1 1 5 0 9 12 1 10 12 1 10 12 1 10 100 1 10 12 1 1 9 12 1 9 12 1 1 10 12 1 1 10 12 1 10 12 10 12 1 1 10 7 12 1 1 10 12 1 1 7 1 8 1 10 10 12 1 8 10 12 1 1 8 8 9 12 1 8 8 10 12 1 10 12 1 1 8 1 18 12 1 10 7 12 1 1 10 12 1 10 12 1 3 1 3 1 3 1 3 1 3 1 3 1 3 1 3 1 3 1 3 1 3 1 3 1 3 3 1 3 3 1 3 3 1 3 3 1 3 1 1 1 1 1 1 1 1 1 1 1 1 1 1 1 1 1 100 1 1 1 1 1 1 1 1 1 1 1 1 1 1 1 1 1 1 1 1 1 100 1 1 1 1 1 1 1 1 1 1 1 1 1 1 1 1 1 1 1 1 1 1 1 1 1 1 1 1 1 1 1 1 1 1 1 100 1 1 1 1 1 1 1 1 1 1 1 1 1 1 1 1 1 1 1 1 1 1 1 1 1 1 1 100 1 1 1 1 1 1 1 1 1 1 1 1 1 1 1 1 1 1 1 1 1 1 100 1 1 16 15 10 12 15 10 12 15 10 12 16 15 10 12 16 15 10 12 16 15 10 12 16 15 10 12 15 10 7 12 1 1 1 1 1 1 1 100 1 1 1 100 1 100 1 1
staticfield java/lang/VirtualThread U Ljdk/internal/misc/Unsafe; jdk/internal/misc/Unsafe
staticfield java/lang/VirtualThread VTHREAD_SCOPE Ljdk/internal/vm/ContinuationScope; jdk/internal/vm/ContinuationScope
staticfield java/lang/VirtualThread DEFAULT_SCHEDULER Ljava/util/concurrent/ForkJoinPool; java/util/concurrent/ForkJoinPool
staticfield java/lang/VirtualThread STATE J 140
staticfield java/lang/VirtualThread PARK_PERMIT J 160
staticfield java/lang/VirtualThread CARRIER_THREAD J 132
staticfield java/lang/VirtualThread TERMINATION J 136
staticfield java/lang/VirtualThread ON_WAITING_LIST J 162
staticfield java/lang/VirtualThread $assertionsDisabled Z 1
ciInstanceKlass java/lang/ThreadBuilders$BoundVirtualThread 0 0 132 10 100 12 1 1 1 9 100 12 1 1 1 10 100 12 1 1 1 9 12 1 1 10 12 1 1 10 12 1 1 9 12 1 1 10 100 12 1 1 1 10 12 1 1 100 1 8 1 10 12 1 10 12 1 1 10 12 1 1 10 12 1 1 10 100 12 1 1 1 8 1 10 12 1 8 1 10 12 1 1 10 100 12 1 1 9 100 12 1 1 1 10 12 1 1 10 10 12 1 1 1 1 1 1 1 1 1 1 1 1 1 1 1 1 1 1 1 1 1 1 1 1 1 1 1 1 100 1 1 1 1
instanceKlass java/lang/Exception
instanceKlass java/lang/Error
ciInstanceKlass java/lang/Throwable 1 1 415 10 7 12 1 1 1 9 7 12 1 1 1 9 12 1 1 9 12 1 9 12 1 1 9 12 1 10 12 1 1 9 12 1 1 10 12 1 1 10 100 12 1 1 1 9 12 1 1 10 12 1 1 10 12 1 100 1 100 1 10 8 1 10 12 1 1 8 1 10 100 12 1 1 10 10 12 1 100 1 8 1 10 10 100 12 1 1 10 12 1 8 1 9 100 12 1 1 1 10 12 1 1 100 1 10 12 10 12 1 100 1 10 10 100 12 1 1 1 11 100 12 1 1 1 10 100 12 1 1 1 10 12 1 1 10 12 1 1 8 1 10 12 1 10 12 1 1 8 1 8 1 10 12 1 1 10 12 1 8 1 8 1 9 12 1 10 100 12 1 1 100 1 10 11 12 1 8 1 8 1 10 7 12 1 1 8 1 10 12 1 8 1 100 1 10 12 1 9 12 1 1 10 12 1 10 7 12 1 9 12 1 1 10 12 1 1 100 1 8 1 10 12 1 10 100 12 1 1 10 12 1 1 100 1 10 100 12 1 1 1 10 12 1 11 100 12 1 1 1 11 100 12 1 1 1 11 12 1 8 1 10 12 1 1 8 1 10 10 9 100 12 1 1 1 8 1 10 12 1 1 11 10 100 1 8 1 10 11 12 1 1 8 1 9 12 1 10 100 12 1 1 11 9 12 1 1 11 12 1 1 100 10 12 1 10 12 1 1 100 1 1 1 1 5 0 1 1 1 1 1 1 1 1 1 1 1 1 100 1 1 1 1 1 1 1 1 1 1 1 1 1 1 1 1 1 1 1 1 1 1 1 1 1 1 1 1 1 1 1 1 1 1 1 1 1 1 1 1 1 1 1 100 1 100 1 1 1 1 1 1 1 1 1 1 1 1 1 1 1 1 1 1 1 7 1 12 10 1 12 10 1 1 12 10
staticfield java/lang/Throwable UNASSIGNED_STACK [Ljava/lang/StackTraceElement; 0 [Ljava/lang/StackTraceElement;
staticfield java/lang/Throwable SUPPRESSED_SENTINEL Ljava/util/List; java/util/Collections$EmptyList
staticfield java/lang/Throwable EMPTY_THROWABLE_ARRAY [Ljava/lang/Throwable; 0 [Ljava/lang/Throwable;
staticfield java/lang/Throwable $assertionsDisabled Z 1
ciInstanceKlass jdk/internal/vm/ContinuationScope 1 1 50 10 7 12 1 1 1 10 7 12 1 1 1 7 1 9 7 12 1 1 1 10 12 1 1 10 100 12 1 1 1 10 12 1 1 10 12 1 1 1 1 1 1 1 1 1 1 1 1 1
ciInstanceKlass jdk/internal/vm/StackChunk 1 1 32 10 100 12 1 1 1 9 100 12 1 1 1 9 12 1 1 9 12 1 1 1 1 1 1 1 1 1 1 1 1 1
ciInstanceKlass java/lang/Boolean 1 1 146 10 7 12 1 1 1 9 7 12 1 1 1 10 12 1 1 10 12 1 8 1 10 7 12 1 1 9 12 1 1 9 12 1 10 12 1 1 10 12 1 1 10 12 1 1 10 12 1 10 7 12 1 1 1 10 12 1 1 9 100 12 1 1 9 12 10 100 12 1 1 1 10 12 1 1 8 1 10 7 12 1 1 1 9 12 1 1 100 1 100 1 100 1 1 1 1 1 1 5 0 1 1 1 1 1 1 1 1 1 1 1 1 1 1 1 1 1 1 1 1 1 1 1 1 1 1 1 1 1 1 1 1 1 1 1 100 1 1 1 1 1 1 1 1 1
staticfield java/lang/Boolean TRUE Ljava/lang/Boolean; java/lang/Boolean
staticfield java/lang/Boolean FALSE Ljava/lang/Boolean; java/lang/Boolean
staticfield java/lang/Boolean TYPE Ljava/lang/Class; java/lang/Class
ciInstanceKlass java/lang/Character 1 1 603 7 1 100 1 100 1 9 12 1 1 8 1 9 12 1 1 100 1 9 12 1 1 10 100 12 1 1 1 10 100 12 1 1 1 10 100 12 1 1 1 10 7 12 1 1 1 9 7 12 1 1 1 10 12 1 10 12 1 1 10 12 1 1 10 100 12 1 1 10 12 1 1 3 3 3 3 3 10 12 1 1 10 12 1 3 11 7 12 1 1 1 11 12 1 1 10 12 1 1 10 12 1 1 100 1 10 10 12 1 3 10 12 1 1 10 12 1 10 12 1 1 100 1 8 1 10 12 1 1 10 12 1 10 12 1 10 12 1 10 100 12 1 1 1 10 12 1 10 12 1 10 12 1 1 10 12 1 10 7 12 1 1 10 10 12 1 10 10 12 1 10 12 1 1 10 12 1 10 10 12 1 10 12 1 10 12 1 10 12 1 10 12 1 10 12 1 10 12 1 10 12 10 10 12 10 10 12 1 10 10 12 1 10 10 12 1 10 10 12 1 10 12 1 10 12 1 10 12 1 10 12 1 10 12 1 10 12 1 10 10 12 1 10 10 12 1 10 10 12 1 1 10 10 12 1 10 5 0 10 12 1 10 12 1 10 10 12 1 10 10 12 1 1 10 10 12 1 10 10 12 1 9 12 1 1 100 1 10 10 12 1 10 12 1 1 3 10 100 12 1 1 1 10 12 1 10 100 12 1 1 100 1 10 10 12 1 1 10 12 1 1 10 12 1 1 8 1 10 12 1 9 100 12 1 1 1 10 12 1 10 10 12 1 10 12 1 1 10 12 1 10 10 12 1 1 10 10 12 1 1 100 1 8 1 10 12 1 1 10 7 12 1 1 1 8 1 10 12 1 1 9 12 1 1 100 1 100 1 100 1 1 1 1 3 1 3 1 3 1 3 1 1 1 1 1 3 1 1 3 1 3 1 3 1 3 1 3 1 3 1 3 1 3 1 3 1 3 1 3 1 3 1 3 1 3 1 3 1 3 1 3 1 3 1 3 1 3 1 3 1 3 1 3 1 3 1 3 1 3 1 3 1 3 1 1 1 1 1 1 1 1 1 1 1 1 1 1 1 1 1 1 1 3 1 1 1 1 1 1 1 3 1 1 3 1 1 1 1 1 3 1 1 5 0 1 1 1 1 1 1 1 1 1 1 1 1 1 1 1 1 1 1 1 1 1 1 1 1 1 1 1 1 1 1 1 1 1 1 1 1 1 1 1 1 1 1 1 1 1 1 1 1 1 1 1 1 1 1 1 1 1 1 1 1 1 1 1 1 1 1 1 1 1 1 1 1 1 1 1 1 1 1 1 1 1 1 1 1 1 1 1 1 1 100 1 100 1 1 1 1 1 1
staticfield java/lang/Character TYPE Ljava/lang/Class; java/lang/Class
staticfield java/lang/Character $assertionsDisabled Z 1
ciInstanceKlass java/lang/Float 1 1 277 7 1 100 1 10 100 12 1 1 1 10 100 12 1 1 1 4 100 1 10 12 1 1 10 12 1 1 8 1 8 1 10 100 12 1 1 1 10 12 1 1 10 12 1 1 10 100 1 4 10 7 12 1 1 9 12 1 1 10 12 1 1 10 12 1 10 10 12 1 1 10 12 1 10 12 1 3 3 100 1 4 4 4 3 10 12 1 1 9 12 1 1 100 1 10 3 3 4 4 10 12 1 3 3 3 10 12 1 1 10 12 1 1 10 12 1 10 100 12 1 1 1 10 12 1 1 10 12 1 1 10 7 12 1 1 1 8 1 10 12 1 1 9 12 1 1 100 1 100 1 100 1 1 1 1 4 1 4 1 1 1 4 1 1 3 1 3 1 3 1 3 1 3 1 1 1 1 5 0 1 1 1 1 1 1 1 1 1 1 100 1 1 1 1 1 1 1 1 1 1 1 1 1 1 1 1 1 1 1 1 1 1 1 1 1 1 1 1 1 1 1 1 1 1 1 1 1 1 1 1 1 1 1 1 1 1 1 1 1 1 1 1 1 1 1 1 1 1 1 1 1 1 1 1 1 1 1 1 1 1 1 1 1 100 1 1 1 1 1 1 1 100 1 100 1 1
staticfield java/lang/Float TYPE Ljava/lang/Class; java/lang/Class
staticfield java/lang/Float $assertionsDisabled Z 1
instanceKlass java/math/BigInteger
instanceKlass java/math/BigDecimal
instanceKlass java/util/concurrent/atomic/Striped64
instanceKlass java/util/concurrent/atomic/AtomicLong
instanceKlass java/util/concurrent/atomic/AtomicInteger
instanceKlass java/lang/Long
instanceKlass java/lang/Integer
instanceKlass java/lang/Short
instanceKlass java/lang/Byte
instanceKlass java/lang/Double
instanceKlass java/lang/Float
ciInstanceKlass java/lang/Number 1 1 37 10 7 12 1 1 1 10 100 12 1 1 1 100 1 1 1 1 5 0 1 1 1 1 1 1 1 1 1 1 1 1 1 1 1 1 1
ciInstanceKlass java/lang/Double 1 1 268 7 1 100 1 10 100 12 1 1 1 10 12 1 1 10 10 12 1 1 8 1 8 1 10 100 12 1 1 1 6 0 100 1 5 0 5 0 10 100 12 1 1 1 10 12 1 1 10 100 12 1 1 1 9 100 12 1 1 1 10 12 1 1 10 100 12 1 1 1 10 12 1 1 10 12 1 1 10 7 1 6 0 10 7 12 1 1 9 12 1 1 10 12 1 10 12 1 10 12 1 10 12 10 12 1 5 0 10 12 1 1 10 12 1 1 10 12 1 10 100 12 1 1 1 10 12 1 1 10 12 1 1 8 1 10 7 12 1 1 1 9 12 1 1 100 1 100 1 100 1 1 1 6 0 1 6 0 1 6 0 1 1 1 6 0 1 1 3 1 3 1 3 1 3 1 3 1 1 1 1 5 0 1 1 1 1 1 1 1 1 1 1 1 1 1 1 1 1 1 100 1 1 1 1 1 7 1 1 1 1 1 1 1 1 1 1 1 1 1 1 1 1 1 1 1 1 1 1 1 1 1 1 1 1 1 1 1 1 1 1 1 1 1 1 1 1 1 1 1 1 1 1 1 1 7 1 1 1 1 1 1 1 100 1 100 1 1
staticfield java/lang/Double TYPE Ljava/lang/Class; java/lang/Class
ciInstanceKlass java/lang/Byte 1 1 212 7 1 100 1 10 100 12 1 1 1 9 12 1 1 8 1 9 12 1 1 100 1 10 12 1 1 10 12 1 1 10 100 12 1 1 1 10 100 12 1 1 1 9 7 12 1 1 1 10 12 1 1 100 1 100 1 10 12 1 1 8 1 10 12 1 1 8 1 10 12 1 10 12 1 10 12 1 10 12 1 1 10 12 1 10 12 1 10 12 1 1 10 8 1 8 1 10 7 1 9 12 1 1 10 12 1 1 10 12 1 1 10 12 1 1 10 12 1 5 0 10 12 1 1 8 1 10 7 12 1 1 1 9 12 1 1 100 1 100 1 1 1 3 1 3 1 1 1 1 3 1 3 1 1 5 0 1 1 1 1 1 1 1 1 1 1 1 1 1 1 1 1 1 1 1 1 1 1 1 1 1 1 1 1 1 1 1 1 1 1 1 1 1 1 1 1 1 1 1 1 1 1 1 1 1 1 1 1 1 1 1
staticfield java/lang/Byte TYPE Ljava/lang/Class; java/lang/Class
ciInstanceKlass java/lang/Short 1 1 220 7 1 100 1 100 1 10 100 12 1 1 1 10 12 1 1 100 1 100 1 10 12 1 1 8 1 10 12 1 1 8 1 10 12 1 10 12 1 10 12 1 10 12 1 1 10 12 1 1 10 12 1 9 12 1 1 8 1 9 12 1 1 100 1 10 12 1 1 10 12 1 10 100 12 1 1 1 10 100 12 1 1 1 9 100 12 1 1 1 10 12 1 10 12 1 1 10 8 1 8 1 10 7 1 9 12 1 1 10 12 1 1 10 12 1 1 10 12 1 1 10 12 1 3 3 5 0 10 12 1 1 8 1 10 7 12 1 1 1 9 12 1 1 100 1 100 1 1 1 3 1 3 1 1 1 1 3 1 3 1 1 5 0 1 1 1 1 1 1 1 1 1 1 1 1 1 1 1 1 1 1 1 1 1 1 1 1 1 1 1 1 1 1 1 1 1 1 1 1 1 1 1 1 1 1 1 1 1 1 1 1 1 1 1 1 1 1 1 1
staticfield java/lang/Short TYPE Ljava/lang/Class; java/lang/Class
ciInstanceKlass java/lang/Integer 1 1 431 7 1 100 1 7 1 10 12 1 1 9 7 12 1 1 1 9 12 1 1 10 100 12 1 1 1 10 12 1 1 10 100 12 1 1 1 10 10 12 1 1 10 100 12 1 1 1 10 12 1 10 12 1 1 10 7 12 1 1 1 10 12 1 1 10 12 1 1 10 7 12 1 1 10 12 1 1 10 12 1 100 1 8 1 10 12 1 1 8 1 100 1 10 12 1 1 10 12 1 1 8 1 10 12 1 1 8 1 10 12 1 1 10 12 1 1 10 12 1 1 3 3 10 7 12 1 1 1 11 7 1 10 12 1 1 11 10 12 1 1 10 12 1 1 8 1 10 12 1 10 12 1 8 1 100 1 10 12 1 8 1 10 12 1 1 10 12 1 8 1 10 12 1 10 12 1 7 1 9 12 1 1 9 12 1 1 10 12 1 10 7 1 9 12 1 10 12 1 10 12 1 10 12 1 1 10 12 1 1 10 7 12 1 1 1 10 12 1 1 8 1 8 1 10 12 1 1 8 1 8 1 8 1 8 1 8 1 8 1 10 12 1 10 12 1 10 12 1 5 0 3 3 3 3 10 12 1 10 12 1 3 10 12 1 10 100 12 1 1 1 10 12 1 1 10 12 1 1 8 1 10 7 12 1 1 1 9 12 1 1 100 1 100 1 100 1 1 1 1 3 1 1 1 1 1 3 1 3 1 1 5 0 1 1 1 1 1 1 1 1 1 100 1 1 1 1 1 1 1 1 1 1 1 1 1 1 1 1 1 1 1 1 1 1 1 1 1 1 1 1 1 1 1 1 1 1 1 1 1 1 1 1 1 1 1 1 1 1 1 1 1 1 1 1 1 1 1 1 1 1 1 1 1 1 1 1 1 1 1 1 1 1 1 1 1 1 1 1 1 1 1 1 1 1 1 1 1 1 1 1 1 1 1 1 1 100 1 1 1 1 1 1 1 1 1 100 1 100 1 1
staticfield java/lang/Integer TYPE Ljava/lang/Class; java/lang/Class
staticfield java/lang/Integer digits [B 36
ciInstanceKlass java/lang/Long 1 1 493 7 1 100 1 7 1 10 12 1 1 9 7 12 1 1 1 9 7 12 1 1 1 10 100 12 1 1 1 10 12 1 1 10 100 12 1 1 1 10 10 12 10 12 1 10 12 1 10 12 1 5 0 5 0 100 1 10 12 1 1 10 12 1 1 10 12 1 10 12 1 10 12 1 10 12 1 1 10 100 12 1 1 10 12 1 10 12 1 1 10 12 1 1 10 12 1 1 10 12 1 1 10 7 12 1 1 1 10 12 1 1 10 12 1 1 10 7 12 1 1 10 12 1 1 10 12 1 7 1 8 1 10 12 1 8 1 100 1 10 12 1 10 12 1 1 8 1 10 12 1 1 8 1 10 12 1 1 10 12 1 1 10 12 1 1 5 0 5 0 10 100 12 1 1 1 11 100 1 10 12 1 1 11 10 12 1 1 10 12 1 1 8 1 5 0 10 12 1 1 10 12 1 1 8 1 8 1 10 12 1 8 1 10 12 1 10 12 1 5 0 5 0 9 7 12 1 1 1 10 12 1 10 12 1 1 8 1 8 1 10 12 1 1 8 1 8 1 8 1 8 1 8 1 8 1 10 12 1 10 12 1 10 7 1 9 12 1 1 10 12 1 10 12 1 1 10 12 1 1 10 7 12 1 1 1 10 12 1 1 10 12 1 10 12 1 10 12 1 5 0 5 0 5 0 10 12 1 1 10 12 1 5 0 5 0 10 12 10 12 1 10 100 12 1 1 1 10 12 1 1 10 12 1 1 8 1 10 7 12 1 1 1 9 12 1 1 100 1 100 1 100 1 1 1 1 5 0 1 1 1 1 3 1 3 1 5 0 1 1 1 1 1 1 1 1 1 100 1 1 1 1 1 1 1 1 1 1 1 1 1 1 1 1 1 1 1 1 1 1 1 1 1 1 1 1 1 1 1 1 1 1 1 1 1 1 1 1 1 1 1 1 1 1 1 1 1 1 1 1 1 1 1 1 1 1 1 1 1 1 1 1 1 1 1 1 1 1 1 1 1 1 1 1 1 1 1 1 1 1 1 1 1 1 1 1 1 1 1 1 1 1 1 1 1 1 1 1 7 1 1 1 1 1 1 1 1 1 100 1 100 1 1
staticfield java/lang/Long TYPE Ljava/lang/Class; java/lang/Class
ciInstanceKlass java/lang/Void 1 1 31 10 100 12 1 1 1 8 1 10 7 12 1 1 1 9 7 12 1 1 1 1 1 1 1 1 1 1 1 1 1
staticfield java/lang/Void TYPE Ljava/lang/Class; java/lang/Class
ciInstanceKlass jdk/internal/vm/vector/VectorSupport 0 0 601 100 1 10 100 12 1 1 1 9 12 1 1 10 100 12 1 1 1 100 1 10 12 1 11 100 12 1 1 1 11 100 12 1 1 1 11 100 12 1 1 1 11 100 12 1 1 11 100 12 1 1 11 100 12 1 1 11 100 12 1 1 11 100 12 1 1 11 100 12 1 1 11 100 12 1 1 11 100 12 1 1 1 11 100 12 1 1 11 100 12 1 1 1 11 100 12 1 1 1 11 100 12 1 1 11 100 12 1 1 1 11 100 12 1 1 100 1 10 12 1 1 11 100 12 1 1 11 100 12 1 1 11 100 12 1 1 11 100 1 11 100 12 1 1 11 100 12 1 1 11 100 12 1 1 9 12 1 1 10 100 12 1 1 11 100 12 1 1 10 100 12 1 1 1 10 100 12 1 1 10 12 1 1 10 12 1 1 1 1 1 3 1 3 1 3 1 3 1 3 1 3 1 3 1 3 1 3 1 3 1 3 1 3 1 3 1 3 1 3 1 3 1 3 1 3 1 3 1 3 1 3 1 3 1 3 1 3 1 3 1 3 1 3 1 3 1 3 1 3 1 3 1 3 1 3 1 3 1 3 1 3 1 3 1 3 1 3 1 3 1 3 1 3 1 3 1 3 1 3 1 3 1 3 1 3 1 3 1 3 1 3 1 3 1 3 1 1 1 3 1 3 1 3 1 3 1 3 1 3 1 1 1 1 1 1 1 1 1 1 1 1 1 1 1 1 1 1 1 1 1 1 1 1 1 1 1 1 1 1 1 1 1 1 1 1 1 1 1 1 1 1 1 1 1 1 1 1 1 1 1 1 1 1 1 1 1 1 1 1 1 1 1 1 1 1 1 1 1 1 1 1 1 1 1 1 1 1 1 1 1 1 1 1 1 1 1 1 1 1 1 1 1 1 1 1 1 1 1 1 1 1 1 1 1 1 1 1 1 1 1 1 1 1 1 1 1 1 1 1 1 1 1 1 1 1 1 1 1 1 1 1 1 1 1 1 1 1 1 1 1 1 1 1 1 1 1 1 1 1 1 1 1 1 1 1 1 1 1 1 1 1 1 1 1 1 1 1 1 1 1 1 1 1 1 1 1 1 1 1 1 1 1 1 1 1 1 1 1 1 1 1 1 1 1 1 1 1 1 1 1 1 1 1 1 1 1 1 1 1 1 1 1 1 1 1 1 1 1 1 1 1 1 1 1 1 1 1 1 1 1 1 1 1 1 1 1 1 1 1 1 1 1 1 1 1 1 1 1 1 1 100 1 100 1 100 1 100 1 100 1 1 1 1 1 1 1 1 1 1 1 1 1 1 1 1 1 1 1 1 1 1 1 1 1 1 1 1 1 1 1
instanceKlass jdk/internal/vm/vector/VectorSupport$VectorShuffle
instanceKlass jdk/internal/vm/vector/VectorSupport$VectorMask
instanceKlass jdk/internal/vm/vector/VectorSupport$Vector
ciInstanceKlass jdk/internal/vm/vector/VectorSupport$VectorPayload 0 0 32 10 100 12 1 1 1 9 100 12 1 1 1 10 100 12 1 1 1 1 1 1 1 1 1 1 1 1 1 1 1 1
ciInstanceKlass jdk/internal/vm/vector/VectorSupport$Vector 0 0 28 10 100 12 1 1 1 100 1 1 1 1 1 1 1 1 1 1 1 1 1 1 1 100 1 1 1 1
ciInstanceKlass jdk/internal/vm/vector/VectorSupport$VectorMask 0 0 28 10 100 12 1 1 1 100 1 1 1 1 1 1 1 1 1 1 1 1 1 1 1 100 1 1 1 1
ciInstanceKlass jdk/internal/vm/vector/VectorSupport$VectorShuffle 0 0 28 10 100 12 1 1 1 100 1 1 1 1 1 1 1 1 1 1 1 1 1 1 1 100 1 1 1 1
ciInstanceKlass jdk/internal/vm/FillerObject 0 0 16 10 100 12 1 1 1 100 1 1 1 1 1 1 1 1
instanceKlass java/lang/ref/PhantomReference
instanceKlass java/lang/ref/FinalReference
instanceKlass java/lang/ref/WeakReference
instanceKlass java/lang/ref/SoftReference
ciInstanceKlass java/lang/ref/Reference 1 1 194 9 7 12 1 1 1 9 7 12 1 1 10 12 1 1 10 12 1 1 9 12 1 1 10 12 1 1 9 12 1 1 9 12 1 1 10 12 1 10 7 12 1 1 10 12 1 1 10 12 1 7 1 8 1 10 12 1 1 7 1 10 12 1 1 10 12 1 1 10 12 1 10 12 1 1 10 12 1 1 10 12 1 10 12 1 10 12 1 9 12 1 100 1 100 1 10 12 9 12 1 9 12 1 9 12 1 100 1 10 10 12 1 10 10 7 12 1 1 7 1 10 10 7 12 1 1 1 1 1 1 1 1 1 1 1 1 1 1 1 1 1 1 1 100 1 1 1 100 1 1 1 1 1 1 1 1 1 1 1 1 1 1 1 1 1 1 1 1 1 1 1 1 1 1 1 1 1 1 1 1 1 1 1 1 1 100 1 100 1 100 1 1 1
staticfield java/lang/ref/Reference processPendingLock Ljava/lang/Object; java/lang/Object
staticfield java/lang/ref/Reference $assertionsDisabled Z 1
instanceKlass java/util/ResourceBundle$BundleReference
instanceKlass sun/security/util/MemoryCache$SoftCacheEntry
instanceKlass sun/util/locale/provider/LocaleResources$ResourceReference
instanceKlass sun/util/resources/Bundles$BundleReference
instanceKlass java/io/ClassCache$CacheRef
instanceKlass jdk/internal/util/SoftReferenceKey
instanceKlass java/lang/invoke/LambdaFormEditor$Transform
ciInstanceKlass java/lang/ref/SoftReference 1 1 50 10 7 12 1 1 1 9 7 12 1 1 1 9 12 1 10 12 1 10 12 1 1 1 1 1 1 1 1 1 1 1 1 1 1 1 1 1 1 1 1 1 1 100 1 1 1 1 1 1
instanceKlass java/util/ResourceBundle$KeyElementReference
instanceKlass javax/crypto/JceSecurity$WeakIdentityWrapper
instanceKlass sun/rmi/transport/WeakRef
instanceKlass java/util/logging/LogManager$LoggerWeakRef
instanceKlass com/sun/jmx/mbeanserver/WeakIdentityHashMap$IdentityWeakReference
instanceKlass java/util/logging/Level$KnownLevel
instanceKlass com/intellij/rt/debugger/agent/CaptureStorage$ConcurrentIdentityWeakHashMap$WeakKey
instanceKlass java/lang/WeakPairMap$WeakRefPeer
instanceKlass java/lang/ThreadLocal$ThreadLocalMap$Entry
instanceKlass jdk/internal/util/WeakReferenceKey
instanceKlass java/util/WeakHashMap$Entry
ciInstanceKlass java/lang/ref/WeakReference 1 1 34 10 7 12 1 1 1 10 12 1 100 1 1 1 1 1 1 1 1 1 1 1 1 1 1 1 1 1 1 1 1 1 1 1
instanceKlass java/lang/ref/Finalizer
ciInstanceKlass java/lang/ref/FinalReference 1 1 50 10 100 12 1 1 1 10 100 12 1 1 1 10 12 1 1 100 1 8 1 10 12 1 1 1 1 1 1 1 1 1 1 1 1 1 1 1 1 1 1 1 1 1 1 1 1 1 100 1
instanceKlass jdk/internal/ref/PhantomCleanable
ciInstanceKlass java/lang/ref/PhantomReference 1 1 47 10 7 12 1 1 1 10 12 1 1 10 7 12 1 1 1 1 1 1 1 1 1 1 1 1 1 1 1 1 1 1 1 1 1 1 1 1 1 1 1 1 1 1 1 1 1
ciInstanceKlass java/lang/ref/Finalizer 1 1 177 9 7 12 1 1 1 10 100 12 1 1 1 9 12 1 1 9 12 1 1 9 12 1 9 12 1 9 12 1 1 10 12 1 100 1 8 1 10 12 1 10 12 1 1 9 12 1 100 1 10 12 1 100 1 11 100 12 1 1 10 12 1 100 1 10 12 1 10 7 12 1 1 1 10 12 1 1 10 100 12 1 1 8 1 10 12 1 10 12 1 10 12 1 100 1 10 12 1 10 100 12 1 1 1 100 1 10 10 12 1 1 7 1 10 12 1 10 12 1 1 10 12 1 1 10 7 12 1 1 1 7 1 10 7 1 10 10 12 1 1 1 1 1 1 1 1 1 1 1 1 1 1 1 1 1 1 1 1 1 1 1 1 1 1 100 1 1 1 1 1 1 1 1 1 1 1
staticfield java/lang/ref/Finalizer lock Ljava/lang/Object; java/lang/Object
staticfield java/lang/ref/Finalizer ENABLED Z 1
staticfield java/lang/ref/Finalizer $assertionsDisabled Z 1
instanceKlass java/lang/reflect/Executable
instanceKlass java/lang/reflect/Field
ciInstanceKlass java/lang/reflect/AccessibleObject 1 1 374 10 7 12 1 1 1 10 100 12 1 1 1 10 7 12 1 1 1 10 12 1 1 9 12 1 1 7 1 10 7 12 1 1 1 11 12 1 100 1 10 12 1 7 1 100 1 10 12 1 1 10 12 1 1 10 12 1 1 10 12 1 1 10 12 1 1 7 1 10 7 12 1 1 1 10 12 1 1 11 10 7 12 1 1 1 10 12 1 1 10 12 1 10 12 1 10 12 1 1 10 12 1 8 1 100 1 100 1 10 10 12 1 1 8 1 10 12 1 10 12 1 8 1 8 1 8 1 8 1 8 1 8 1 8 1 8 1 8 1 100 1 10 12 1 10 12 1 9 100 12 1 1 1 10 12 1 1 10 12 1 10 100 1 100 1 8 1 10 8 1 10 12 1 8 1 10 12 1 10 12 1 1 10 100 1 8 1 10 11 7 12 1 1 1 10 12 1 1 10 12 1 1 10 12 1 1 9 12 1 1 100 1 10 12 1 7 1 10 12 1 10 12 1 1 10 100 1 10 12 1 10 12 10 12 1 10 12 1 10 12 1 1 10 12 1 9 12 1 10 100 12 1 1 8 1 10 12 1 1 8 1 10 100 12 1 1 1 9 12 1 100 1 10 7 1 10 10 7 12 1 1 1 10 7 12 1 1 1 9 12 1 1 1 1 1 1 1 1 1 1 1 1 1 1 1 1 1 1 1 1 1 1 1 1 1 1 1 1 1 1 1 1 1 1 1 1 1 1 1 1 1 1 1 1 1 1 1 1 1 1 1 1 1 1 1 1 1 1 1 1 1 1 1 1 1 1 1 1 1 1 1 1 1 1 1 1 1 1 1 1 1 1 1
staticfield java/lang/reflect/AccessibleObject reflectionFactory Ljdk/internal/reflect/ReflectionFactory; jdk/internal/reflect/ReflectionFactory
ciInstanceKlass java/lang/reflect/Method 1 1 468 9 7 12 1 1 1 10 7 12 1 1 1 10 7 12 1 1 9 12 1 1 9 12 1 1 10 12 1 1 10 12 1 1 10 12 1 1 10 7 12 1 1 10 7 12 1 1 1 9 12 1 1 9 12 1 9 12 1 1 9 12 1 9 12 1 9 12 1 1 9 12 1 9 12 1 1 9 12 1 9 12 1 100 1 8 1 10 12 1 10 12 1 9 12 1 1 10 7 12 1 1 1 10 12 1 1 10 12 1 1 10 12 1 10 12 1 1 9 100 12 1 1 1 10 12 1 1 10 12 10 7 12 1 1 10 12 1 1 10 12 1 10 12 1 10 12 1 10 7 12 1 1 1 10 12 1 1 9 12 1 10 7 1 10 7 12 1 1 1 10 7 12 1 1 10 12 1 1 10 12 1 1 10 12 1 10 7 12 1 1 1 10 12 1 10 8 1 10 12 1 10 12 1 7 1 8 1 8 1 8 1 10 12 1 10 12 1 1 10 12 1 1 10 10 12 1 1 10 12 1 11 100 1 10 12 1 9 12 1 1 10 12 1 1 10 12 1 10 12 1 1 10 12 1 1 11 7 12 1 1 1 11 12 1 9 12 1 1 10 12 1 10 12 1 10 12 1 10 12 1 10 12 1 10 12 1 9 12 1 1 10 7 12 1 1 1 10 7 12 1 1 10 12 1 1 10 7 12 1 1 1 10 7 12 1 1 1 10 7 12 1 1 1 11 7 12 1 1 1 10 7 12 1 1 1 7 1 100 1 100 1 10 12 1 10 12 1 1 10 12 1 100 1 8 1 10 12 1 10 10 12 1 1 10 12 1 1 10 12 1 1 10 12 1 1 8 1 10 12 1 1 1 1 1 1 1 1 1 1 1 1 1 1 1 1 1 1 1 1 1 1 1 1 1 1 1 1 1 1 1 1 1 1 1 1 1 1 1 1 1 1 1 1 1 1 1 1 1 1 1 1 1 100 1 100 1 100 1 1 1 1 1 1 1 1 1 1 1 1 1 1 1 1 1 1 1 1 1 1 1 1 1 1 1 1 1 1
ciInstanceKlass java/lang/reflect/Member 1 1 37 100 1 10 12 1 1 100 1 100 1 1 1 1 3 1 3 1 1 1 1 1 1 1 1 1 1 1 1 1 1 1 1 1 1 1 1
instanceKlass java/lang/reflect/Constructor
instanceKlass java/lang/reflect/Method
ciInstanceKlass java/lang/reflect/Executable 1 1 582 10 7 12 1 1 1 10 7 12 1 1 1 10 7 12 1 1 1 11 7 12 1 1 1 10 7 12 1 1 1 10 12 1 1 10 7 12 1 1 1 10 100 12 1 1 1 10 12 1 8 1 10 10 12 1 1 10 12 1 1 10 100 12 1 1 1 18 12 1 1 11 100 12 1 1 1 8 1 8 1 8 1 10 100 12 1 1 1 11 12 1 1 100 1 8 1 8 1 10 12 1 100 1 8 1 10 12 1 8 1 11 100 12 1 1 1 100 1 11 100 12 1 1 1 11 12 1 8 1 18 8 1 10 12 1 10 12 1 1 18 8 1 10 12 1 100 1 10 12 1 10 12 1 11 12 1 10 12 1 1 8 1 8 1 10 12 1 1 10 12 1 1 10 10 12 1 9 12 1 1 9 100 12 1 1 1 10 100 12 1 1 1 10 12 1 10 12 1 1 10 7 12 1 1 10 12 1 10 12 1 10 12 1 10 7 12 1 1 100 1 10 100 12 1 1 1 10 12 1 1 10 7 12 1 1 10 12 1 10 12 1 1 9 7 12 1 1 1 10 7 10 12 1 10 12 1 3 100 1 8 1 10 12 1 10 12 1 10 10 12 1 10 12 1 1 8 1 8 1 8 1 9 12 1 1 9 12 1 10 12 1 100 1 8 1 10 12 1 10 12 1 10 12 1 1 10 12 1 1 10 12 1 10 12 10 12 1 7 1 10 12 1 10 12 1 1 100 1 10 100 12 1 1 1 7 1 10 7 12 1 1 1 10 12 1 1 11 7 12 1 1 10 12 1 10 100 12 1 1 1 10 12 1 1 9 12 1 10 12 1 1 10 12 1 10 12 1 1 9 100 12 1 1 1 10 100 12 1 1 1 10 12 1 10 12 1 1 9 12 1 10 10 10 10 100 12 1 1 1 10 12 1 9 12 1 10 12 1 1 9 12 1 100 1 100 1 1 1 1 1 1 1 1 1 1 1 1 1 1 1 1 1 1 1 1 1 1 1 1 1 1 1 1 1 1 1 1 1 1 1 1 100 1 1 1 1 1 1 1 1 1 1 1 1 1 1 1 1 1 1 1 100 1 1 1 1 1 1 1 1 1 1 1 1 1 1 1 1 1 1 1 1 1 1 1 1 1 1 1 1 1 1 1 1 1 1 1 1 1 1 1 1 1 1 1 100 1 1 1 1 1 1 1 1 1 1 1 1 1 1 1 1 1 1 1 1 1 1 100 1 1 16 15 16 1 16 1 15 10 12 16 15 10 100 12 1 1 1 1 100 1 1 1 100 1 1 100 1 100 1 1
ciInstanceKlass java/lang/reflect/Constructor 1 1 437 10 100 12 1 1 1 10 100 12 1 1 9 7 12 1 1 1 9 12 1 1 10 12 1 1 10 12 1 1 10 12 1 1 10 100 12 1 1 10 7 12 1 1 1 9 12 1 1 9 12 1 1 9 12 1 9 12 1 1 9 12 1 9 12 1 1 9 12 1 1 9 12 1 100 1 8 1 10 12 1 10 12 1 9 12 1 1 10 7 12 1 1 1 10 12 1 1 10 12 1 1 10 12 1 7 1 100 1 8 1 10 10 12 1 10 12 1 10 12 1 1 9 100 12 1 1 1 10 7 12 1 1 10 12 1 1 10 12 1 10 12 1 1 10 100 12 1 1 1 10 100 12 1 1 10 12 1 1 10 12 1 10 100 12 1 1 1 8 1 10 10 12 1 100 1 8 1 10 12 1 10 12 1 1 10 12 1 1 10 12 1 10 12 1 10 12 1 1 10 12 1 1 9 12 1 1 10 12 1 1 10 12 1 1 10 12 1 1 11 7 12 1 1 1 10 12 1 1 10 12 1 10 12 1 10 12 1 8 1 9 12 1 1 10 7 12 1 1 1 10 7 12 1 1 10 12 1 1 10 12 1 1 10 12 1 1 10 12 1 1 10 12 1 9 100 12 1 1 10 12 1 10 12 1 10 12 1 100 1 8 1 10 10 12 1 1 10 12 1 10 10 12 1 1 10 12 1 1 10 100 12 1 1 1 11 100 12 1 1 1 10 12 1 1 9 100 12 1 1 1 10 100 12 1 1 1 10 12 1 1 1 1 1 1 1 1 1 1 1 1 1 1 1 1 1 1 1 1 1 1 1 1 1 1 1 1 1 1 1 1 1 1 1 1 1 1 1 1 1 1 1 1 1 1 1 1 1 1 1 1 1 1 1 1 100 1 100 1 100 1 100 1 1 1 1 1 1 1 1 1 1 1 1 1 1 1 1 1 1 1 1 1 1 1 1 1 1 1 1 1 1 1 1 100 1 1
ciInstanceKlass java/lang/reflect/Field 1 1 829 9 7 12 1 1 1 10 12 1 1 10 100 12 1 1 1 10 100 12 1 1 9 12 1 1 9 12 1 1 10 12 1 1 10 12 1 1 10 12 1 1 10 100 12 1 1 10 7 12 1 1 1 9 12 1 1 9 12 1 9 12 1 9 12 1 1 9 12 1 1 9 12 1 9 12 1 1 100 1 8 1 10 12 1 10 12 1 9 12 1 1 9 12 1 10 7 12 1 1 10 12 1 1 10 12 1 1 10 12 1 9 12 1 1 10 12 1 1 9 100 12 1 1 1 10 7 12 1 1 1 7 1 10 12 1 1 10 12 1 1 10 12 1 10 12 1 10 7 1 10 100 12 1 1 100 1 10 8 1 10 12 1 1 10 12 1 1 8 1 10 12 10 12 1 8 1 8 1 10 11 100 1 9 12 1 10 12 1 1 10 12 1 1 11 7 12 1 1 1 10 12 1 11 12 1 1 11 12 1 1 11 12 1 1 11 12 1 1 11 12 1 1 11 12 1 1 11 12 1 1 11 12 1 1 11 12 1 1 10 12 1 18 12 1 1 10 12 1 1 11 12 1 1 18 12 1 11 12 1 1 18 12 1 11 12 1 1 18 12 1 11 12 1 1 18 12 1 11 12 1 1 18 12 1 11 12 1 1 18 12 1 11 12 1 1 18 12 1 11 12 1 1 18 12 1 10 12 1 10 100 12 1 1 10 12 1 10 12 1 10 12 1 10 12 1 1 10 12 1 1 10 12 1 10 7 12 1 1 10 12 1 1 11 7 1 10 12 1 100 1 10 100 12 1 1 1 10 7 12 1 1 1 9 12 1 10 7 12 1 1 1 11 7 12 1 1 1 10 12 1 1 10 12 1 1 9 100 12 1 1 10 100 12 1 1 1 10 12 1 1 10 12 1 1 11 100 12 1 10 12 1 10 12 1 10 12 1 9 12 1 100 1 10 10 12 1 1 100 1 10 12 1 1 10 10 12 1 1 10 12 1 1 10 100 12 1 1 1 9 100 12 1 1 1 10 12 1 1 10 100 12 1 1 1 10 12 1 9 12 1 10 12 1 10 12 1 10 100 12 1 1 10 8 1 10 100 12 1 1 1 8 1 10 100 12 1 1 1 9 12 1 10 9 100 12 1 1 1 10 100 12 1 1 1 18 12 1 1 10 12 1 1 10 12 1 1 10 100 12 1 1 1 10 12 1 1 10 12 1 10 12 1 10 10 12 1 1 10 12 1 10 100 12 1 1 1 10 100 12 1 1 10 12 1 8 1 10 12 1 1 10 100 12 1 1 1 10 100 12 1 1 1 8 1 8 1 8 1 8 1 8 1 8 1 10 12 1 1 8 1 8 1 8 1 10 12 1 8 1 8 1 10 12 1 8 1 8 1 8 1 8 1 8 1 10 12 1 1 10 100 12 1 1 8 1 10 12 1 100 1 1 1 1 1 1 1 1 1 1 1 1 1 1 1 1 1 1 1 1 1 1 1 1 1 1 1 1 1 1 1 1 1 1 1 1 1 1 1 1 1 1 1 1 1 1 1 1 1 1 1 1 1 1 1 1 1 1 1 1 1 1 1 1 1 1 1 1 1 1 100 1 1 1 1 1 1 1 1 1 1 1 1 1 1 1 1 1 1 1 1 1 1 1 1 1 1 100 1 1 1 1 1 1 1 1 1 1 1 1 1 1 1 1 1 1 1 1 1 1 1 1 1 1 1 1 1 1 1 1 16 15 10 12 15 10 12 15 10 12 15 10 12 15 10 12 15 10 12 15 10 12 15 10 12 15 10 12 16 15 10 12 16 1 15 10 100 12 1 1 1 1 100 1 1 1 100 1 1 1 1 100 1 1 100 1 100 1 1
staticfield java/lang/reflect/Field $assertionsDisabled Z 1
ciInstanceKlass java/lang/reflect/Parameter 0 0 253 10 100 12 1 1 1 9 100 12 1 1 1 9 12 1 1 9 12 1 1 9 12 1 10 12 1 1 10 12 1 1 100 1 10 10 12 1 1 11 100 12 1 1 1 10 12 1 10 100 12 1 1 1 10 12 1 1 10 12 1 10 12 1 1 8 1 8 1 10 100 12 1 1 1 10 12 1 10 12 9 100 12 1 1 1 9 100 12 1 1 1 10 12 1 1 10 100 12 1 1 1 10 100 12 1 1 1 10 12 1 8 1 10 12 1 9 12 1 1 10 12 1 1 9 12 1 1 10 12 1 1 10 12 1 1 10 12 1 1 10 12 1 10 10 12 1 10 100 12 1 1 1 10 12 1 1 11 100 12 1 1 10 100 12 1 1 100 1 10 100 12 1 1 1 10 12 1 1 10 12 1 1 10 12 1 1 10 12 1 1 9 12 1 100 1 10 11 12 1 11 12 1 1 100 1 1 1 1 1 1 1 1 1 1 1 1 1 1 1 1 1 1 1 1 1 1 1 1 1 1 1 1 1 1 1 1 1 1 1 1 1 1 1 100 1 1 1 1 1 100 1 1
ciInstanceKlass java/lang/reflect/RecordComponent 0 0 196 10 100 12 1 1 1 9 100 12 1 1 1 9 12 1 1 9 12 1 10 12 1 1 10 12 1 1 10 100 12 1 1 1 10 12 1 1 9 12 1 1 10 12 1 1 10 12 1 1 10 12 1 10 100 12 1 1 10 100 12 1 1 9 12 1 1 10 100 12 1 1 1 11 100 12 1 1 1 10 9 100 12 1 1 1 10 100 12 1 1 1 9 12 1 1 10 100 12 1 1 1 10 12 1 1 11 100 12 1 1 10 100 12 1 1 100 1 9 12 1 9 12 1 1 9 12 1 10 100 12 1 1 1 10 12 1 1 10 12 1 1 100 1 10 10 12 1 10 12 1 1 8 1 10 12 1 10 12 1 9 12 1 100 1 1 1 1 1 1 1 1 1 1 1 1 1 1 1 1 1 1 1 1 1 1 100 1 1 1 1 1 1 100 1 1
ciInstanceKlass java/lang/StringBuffer 1 1 487 10 7 12 1 1 1 10 12 1 10 12 1 10 12 1 1 9 7 12 1 1 1 10 12 1 1 10 12 1 10 12 1 1 9 12 1 1 10 12 1 10 12 1 1 10 12 1 1 10 12 1 10 12 1 1 10 12 1 10 12 1 1 10 12 1 1 10 7 12 1 1 1 10 12 1 1 10 12 1 10 12 1 10 12 1 10 12 1 10 12 1 10 12 1 10 12 1 10 12 1 10 12 1 10 12 1 10 12 1 10 12 1 10 12 1 10 12 1 1 10 12 1 10 12 1 1 10 12 1 1 10 10 12 1 1 10 12 1 10 12 1 10 12 1 10 12 1 10 12 1 10 12 1 10 12 10 12 1 10 12 1 10 12 1 10 12 1 1 10 12 1 10 12 1 10 10 12 1 1 10 12 1 10 12 1 10 12 1 8 1 10 12 1 10 10 100 12 1 1 1 10 10 12 1 1 9 12 1 1 10 100 12 1 1 10 100 1 8 10 100 12 1 1 1 8 10 12 1 8 1 10 12 1 10 12 1 10 100 12 1 1 1 10 100 12 1 1 1 7 1 10 12 100 1 8 1 10 10 12 1 1 10 12 1 1 10 12 1 10 12 1 10 12 1 1 10 12 1 10 12 1 10 12 1 10 12 1 10 12 1 10 12 10 12 1 10 12 1 10 12 1 10 12 1 10 12 1 10 12 1 10 12 1 10 12 1 10 12 1 10 12 1 10 12 10 12 10 12 1 10 12 1 10 12 1 10 12 10 12 1 10 12 1 10 12 1 10 12 1 10 12 1 10 12 1 10 12 1 10 12 1 10 12 1 10 12 1 10 12 1 7 1 10 12 1 9 7 12 1 1 1 9 7 1 9 12 1 1 100 1 100 1 100 1 100 1 1 1 1 5 0 1 1 1 1 1 1 1 1 1 1 1 1 1 1 1 1 1 1 1 1 1 1 1 1 1 1 1 1 1 1 1 1 1 1 1 1 1 1 1 1 1 1 1 1 1 1 1 1 1 1 1 1 1 1 1 1 1 1 1 1 100 1 1 1 1 1 100 1 1 1 1 1 1 1 1 1 1 1 1 1 1 1 1 1 1
staticfield java/lang/StringBuffer serialPersistentFields [Ljava/io/ObjectStreamField; 3 [Ljava/io/ObjectStreamField;
instanceKlass java/lang/StringBuilder
instanceKlass java/lang/StringBuffer
ciInstanceKlass java/lang/AbstractStringBuilder 1 1 653 7 1 10 7 12 1 1 1 9 7 12 1 1 1 9 12 1 9 12 1 1 9 12 1 1 10 7 12 1 1 1 10 12 1 1 100 1 3 3 10 12 1 10 12 1 1 10 12 1 1 11 7 1 100 1 100 1 10 8 1 10 12 1 10 12 1 10 12 1 1 10 12 1 10 12 1 9 12 1 10 12 1 9 12 1 1 10 7 12 1 1 1 10 10 12 1 10 12 1 10 12 1 1 9 12 1 100 1 8 1 10 12 1 10 12 1 1 8 1 10 7 12 1 1 1 10 12 1 1 8 1 10 7 12 1 1 1 100 1 8 1 10 100 1 10 12 1 10 12 1 1 10 7 12 1 1 1 10 12 1 1 10 12 1 1 10 12 1 1 10 12 1 1 10 7 12 1 1 1 10 12 1 100 1 10 10 7 12 1 1 1 9 12 1 1 9 12 1 10 12 1 1 10 10 12 1 1 10 12 1 1 10 12 1 1 10 12 1 1 10 12 1 1 10 12 1 1 10 12 1 1 10 12 1 10 10 10 12 1 10 12 1 1 10 8 1 10 12 1 1 10 12 1 10 12 1 10 12 1 10 10 7 12 1 1 1 10 12 1 1 10 12 1 10 12 1 10 12 1 10 12 100 1 9 12 1 1 9 12 1 10 12 1 1 100 1 9 12 1 9 12 10 12 1 10 12 1 1 10 12 1 1 10 12 1 10 12 1 1 10 12 1 10 12 1 1 10 12 1 1 10 10 7 12 1 1 1 10 12 1 10 12 1 10 12 1 1 10 12 1 10 12 1 1 10 12 1 10 12 1 10 12 1 10 12 1 10 12 1 10 12 1 10 12 1 10 12 1 1 10 12 1 10 12 1 10 12 10 12 1 1 18 12 1 1 100 1 10 100 12 1 1 1 18 10 12 1 1 10 12 1 1 10 12 1 10 12 1 10 12 1 1 10 12 1 10 12 1 1 11 12 1 1 10 12 1 10 12 1 1 10 12 1 10 12 1 10 12 1 10 100 1 8 1 10 10 12 1 1 10 100 12 1 1 1 10 12 1 10 12 1 1 100 1 10 12 100 1 10 100 1 10 10 7 12 1 1 100 1 1 1 1 1 1 1 1 1 1 1 100 1 1 1 1 1 1 1 1 1 1 1 1 1 1 1 1 1 1 1 1 1 1 1 1 1 1 1 1 1 1 1 1 1 1 1 1 1 1 1 1 1 1 1 1 1 1 1 1 1 1 1 1 100 1 1 1 1 1 1 1 1 1 1 1 1 1 1 1 1 1 1 1 1 1 1 1 1 1 1 1 1 1 1 1 1 1 1 1 1 1 1 1 1 1 1 1 1 1 1 1 1 1 1 1 1 1 1 1 1 1 100 1 1 1 1 1 1 100 1 1 1 1 1 1 100 1 1 16 1 15 10 12 16 15 10 12 15 10 100 12 1 1 1 1 1 1 1 100 1 100 1 1
staticfield java/lang/AbstractStringBuilder EMPTYVALUE [B 0
staticfield java/lang/AbstractStringBuilder $assertionsDisabled Z 1
ciMethod java/lang/AbstractStringBuilder length ()I 256 0 128 0 -1
ciMethod java/lang/AbstractStringBuilder append (Ljava/lang/String;)Ljava/lang/AbstractStringBuilder; 648 0 6612 0 -1
ciMethod java/lang/AbstractStringBuilder <init> (I)V 332 0 5294 0 357
ciMethod java/lang/AbstractStringBuilder isLatin1 ()Z 512 0 6403 0 -1
ciMethod java/lang/AbstractStringBuilder getValue ()[B 320 0 160 0 -1
ciInstanceKlass java/lang/StringBuilder 1 1 425 10 7 12 1 1 1 10 12 1 10 12 1 10 12 1 1 10 7 12 1 1 1 10 7 12 1 1 1 10 12 1 10 12 1 10 12 1 10 12 1 10 12 1 10 12 1 10 12 1 10 12 1 10 12 1 10 12 1 10 12 1 10 12 1 10 12 1 10 12 1 1 10 12 1 10 12 1 1 10 12 1 1 10 12 1 10 12 1 10 12 1 10 12 1 10 12 1 10 12 1 10 12 1 10 12 10 12 1 10 12 1 10 12 1 10 12 1 1 10 12 1 10 12 1 10 12 10 12 1 1 10 12 1 10 12 1 10 12 1 1 8 1 10 12 1 10 100 12 1 1 1 9 12 1 1 10 12 1 10 12 1 10 12 1 1 9 12 1 1 10 100 12 1 1 1 10 100 1 10 12 1 1 10 100 12 1 1 10 12 1 10 12 1 1 100 1 100 1 8 1 10 10 12 1 1 10 12 1 10 12 1 10 12 1 1 10 12 1 10 12 1 10 12 1 10 12 1 10 12 1 10 12 10 12 1 10 12 1 10 12 1 10 12 1 10 12 1 10 12 1 10 12 1 10 12 1 10 12 1 1 10 12 1 1 10 12 1 10 12 1 10 12 1 10 12 10 12 10 12 1 10 12 1 10 12 1 10 12 10 12 1 10 12 1 10 12 1 10 12 1 10 12 1 10 12 1 10 12 1 10 12 1 10 12 1 1 10 12 1 10 12 1 1 10 12 1 10 12 1 1 10 12 1 10 12 1 1 10 12 1 10 12 1 10 12 1 10 10 10 12 1 100 1 100 1 100 1 100 1 1 1 1 5 0 1 1 1 1 1 1 1 1 1 1 1 1 1 1 1 1 1 1 1 1 1 1 1 1 1 1 1 1 1 1 1 1 1 1 1 1 1 1 1 1 1 1 1 1 100 1 1 1 100 1 1 1 1 1 1 1 1 1 1 1
ciMethod java/lang/StringBuilder toString ()Ljava/lang/String; 332 0 11622 0 1179
ciMethod java/lang/StringBuilder length ()I 664 0 18756 0 -1
ciMethod java/lang/StringBuilder charAt (I)C 0 0 1 0 -1
ciMethod java/lang/StringBuilder <init> (I)V 272 0 2675 0 -1
ciMethod java/lang/StringBuilder <init> ()V 324 0 7039 0 229
ciMethod java/lang/StringBuilder append (Ljava/lang/CharSequence;II)Ljava/lang/StringBuilder; 0 0 78 0 -1
ciMethod java/lang/StringBuilder append (Ljava/lang/String;)Ljava/lang/StringBuilder; 648 0 16084 0 1979
ciMethod java/lang/StringBuilder append (C)Ljava/lang/StringBuilder; 624 0 33664 0 -1
ciInstanceKlass java/security/CodeSource 1 1 396 10 7 12 1 1 1 9 7 12 1 1 1 9 12 1 1 9 12 1 1 9 12 1 1 10 7 12 1 1 1 9 12 1 1 10 100 12 1 1 10 100 10 100 12 1 1 1 10 12 1 1 10 12 1 1 100 1 10 10 100 12 1 1 1 10 100 12 1 1 1 10 12 1 1 100 1 10 12 1 1 10 12 1 1 10 12 1 1 10 12 1 10 10 100 1 10 12 1 1 10 100 12 1 1 1 10 12 1 1 10 12 1 10 12 1 8 1 10 12 1 10 12 1 10 12 1 1 10 12 1 8 1 10 12 1 1 10 100 1 10 10 12 1 1 8 1 10 12 1 10 12 1 10 12 1 8 1 8 1 9 12 1 1 100 1 8 1 10 12 1 10 12 1 1 8 1 10 12 1 8 1 8 1 8 1 10 100 12 1 1 10 12 1 1 10 12 1 10 12 1 1 10 12 1 1 10 12 1 1 100 1 100 1 10 12 1 10 12 10 12 1 1 10 100 12 1 1 10 12 1 100 1 10 12 10 100 12 1 1 1 10 8 1 10 12 1 10 12 1 1 100 1 10 12 1 1 100 1 100 1 8 1 8 1 10 10 12 1 1 10 100 12 1 1 1 100 1 10 12 10 12 1 1 11 100 12 1 1 10 10 12 1 11 10 12 1 8 1 100 1 10 12 1 10 12 1 1 10 12 1 11 12 1 1 100 1 1 1 1 5 0 1 1 1 1 1 1 1 1 1 1 1 1 1 1 1 1 1 1 1 1 1 1 1 1 1 1 1 1 1 1 1 1 1 1 1 1 1 1 1 1 1 1 1 1 1 1 1 1 1 1 1 1 1 1 1 1 1 1 1 1 1 1 1 1 1 1 100 1 1 1 1 1 1 1
ciInstanceKlass java/security/ProtectionDomain 1 1 141 10 7 12 1 1 1 9 7 12 1 1 1 9 12 1 1 9 12 1 1 10 7 12 1 1 7 1 9 12 1 9 12 1 1 7 1 9 12 1 1 9 12 1 10 100 12 1 1 10 100 12 1 1 1 10 12 1 1 10 12 1 8 1 100 1 8 1 10 12 1 10 11 12 1 1 10 100 12 1 1 1 10 12 1 1 8 1 11 8 1 10 12 1 8 1 8 1 8 1 10 12 1 8 1 8 1 1 1 1 1 1 1 1 100 1 1 100 1 1 1 1 1 1 1 1 1 1 1 1 1 1 1 1 1 1 1 100 1 1 1
instanceKlass sun/reflect/misc/MethodUtil
instanceKlass jdk/internal/loader/BuiltinClassLoader
ciInstanceKlass java/security/SecureClassLoader 1 1 171 10 7 12 1 1 1 7 1 10 12 1 9 7 12 1 1 1 10 12 1 10 12 1 10 12 1 1 10 12 1 1 10 12 1 7 1 10 7 1 10 12 1 7 1 10 12 1 11 7 12 1 1 1 7 1 10 100 12 1 1 1 11 12 1 1 11 100 12 1 1 1 11 100 12 1 1 11 12 1 1 9 12 1 1 10 100 12 1 1 1 11 12 1 1 8 1 10 100 12 1 1 1 9 12 1 1 100 1 10 8 1 10 12 1 1 10 12 1 8 1 10 12 1 1 10 100 12 1 1 1 11 12 1 10 12 1 1 1 1 1 1 1 1 1 1 1 1 1 1 1 1 1 1 1 1 1 1 1 1 1 1 1 1 1 1 1 1 1 1 1
ciInstanceKlass java/net/URL 1 1 772 10 7 12 1 1 1 10 12 1 10 7 12 1 1 9 12 1 1 9 12 1 10 12 1 1 9 12 1 1 10 7 12 1 1 1 8 1 10 12 1 1 100 1 10 10 12 1 1 8 1 10 12 1 1 9 12 1 100 1 8 1 10 12 1 10 12 1 8 1 9 12 1 10 12 1 1 9 12 1 10 12 1 10 12 1 9 12 1 9 12 1 8 1 9 12 1 10 12 1 1 8 1 9 12 1 1 10 12 1 1 10 7 12 1 1 1 8 1 10 12 1 7 1 10 12 1 10 12 1 10 12 1 10 12 1 1 10 12 1 1 8 1 10 12 1 1 10 12 1 8 1 9 12 1 8 1 10 12 1 10 7 12 1 1 1 100 1 10 12 1 10 12 1 1 10 7 12 1 1 1 100 1 8 1 10 10 12 1 8 1 10 12 1 1 10 12 1 10 12 1 10 12 1 10 12 1 10 12 1 10 12 1 8 1 10 12 1 8 1 10 10 100 1 10 10 12 1 8 1 10 7 12 1 1 1 10 12 1 9 12 1 1 10 12 1 10 100 12 1 1 1 100 1 10 12 1 10 12 1 10 12 1 10 12 1 10 12 1 10 12 10 10 12 1 8 1 100 1 10 100 12 1 1 1 10 12 1 1 10 12 1 10 12 1 1 8 1 9 100 12 1 1 1 10 100 12 1 1 1 10 12 1 10 12 1 10 7 12 1 1 1 10 12 1 1 10 12 1 9 12 1 1 9 12 1 1 100 1 8 1 10 9 12 1 1 10 7 12 1 1 8 1 10 7 12 1 1 8 1 10 12 1 1 10 12 1 8 1 8 1 10 7 12 1 1 1 100 1 10 7 12 1 1 1 10 12 1 10 12 1 9 12 1 1 10 7 12 1 1 8 1 10 7 12 1 1 1 10 12 1 1 18 12 1 1 10 7 12 1 1 8 9 7 12 1 1 1 10 12 1 1 10 12 1 10 12 1 1 10 7 12 1 1 11 7 12 1 1 10 12 1 10 12 1 9 12 1 10 12 1 1 10 100 12 1 1 10 100 12 1 1 1 8 10 100 12 1 1 100 1 10 8 8 10 12 1 8 8 8 100 1 10 12 1 9 12 1 1 10 12 1 10 12 1 1 10 12 1 10 12 10 12 1 1 10 12 1 1 10 10 10 12 1 10 12 1 10 12 1 10 12 1 10 12 1 10 10 12 1 100 1 8 1 10 10 10 12 1 1 10 12 1 10 12 1 1 8 1 7 1 10 7 12 1 1 1 10 12 1 1 11 7 12 1 1 11 12 1 10 7 1 10 10 12 1 10 7 1 10 12 1 9 7 12 1 1 1 9 12 1 1 7 1 10 10 7 12 1 1 1 100 1 1 1 1 1 5 0 1 1 1 1 1 1 1 1 1 1 1 1 1 1 1 1 1 1 1 1 1 1 1 1 1 1 1 1 1 1 1 1 1 1 1 1 1 1 1 1 1 1 1 1 1 1 1 100 1 1 1 1 1 1 1 1 1 1 1 1 1 1 1 1 1 1 1 1 1 1 1 1 1 1 1 1 1 1 1 1 1 1 1 1 100 1 1 1 1 1 1 1 1 1 1 1 1 1 100 1 1 1 1 1 1 1 1 1 1 1 1 1 1 1 1 1 1 1 1 100 1 1 1 1 1 1 1 16 15 10 12 16 1 15 10 7 12 1 1 1 1 1 1 100 1 1 1 1 100 1 100 1 1
staticfield java/net/URL defaultFactory Ljava/net/URLStreamHandlerFactory; java/net/URL$DefaultFactory
staticfield java/net/URL IN_LOOKUP Ljava/lang/ScopedValue; java/lang/ScopedValue
staticfield java/net/URL handlers Ljava/util/Hashtable; java/util/Hashtable
staticfield java/net/URL streamHandlerLock Ljava/lang/Object; java/lang/Object
staticfield java/net/URL serialPersistentFields [Ljava/io/ObjectStreamField; 7 [Ljava/io/ObjectStreamField;
ciInstanceKlass java/util/jar/Manifest 1 1 320 10 7 12 1 1 1 7 1 10 9 7 12 1 1 1 7 1 10 9 12 1 1 9 12 1 1 10 12 1 10 12 1 1 10 12 1 1 10 12 1 1 10 12 1 1 11 7 1 11 12 1 1 10 12 1 1 10 100 12 1 1 1 100 1 100 1 10 8 1 10 12 1 1 10 12 1 1 10 12 1 10 12 1 11 100 1 10 12 1 10 12 1 1 11 12 1 1 10 12 1 11 12 1 1 11 100 12 1 1 1 11 100 12 1 1 11 12 1 1 100 1 10 12 1 8 1 11 12 1 7 1 10 12 1 1 11 12 1 10 12 1 10 12 1 10 9 7 12 1 1 1 10 12 1 1 10 100 12 1 10 12 1 10 12 1 9 100 12 1 1 1 8 1 10 12 1 8 1 8 1 7 1 10 12 1 10 12 1 10 12 1 1 100 1 8 1 10 12 1 1 8 1 10 10 12 1 1 8 1 10 12 1 1 10 100 12 1 1 1 10 12 1 10 11 12 1 1 10 12 1 1 10 7 12 1 1 1 10 12 1 1 10 12 1 10 12 1 1 11 10 12 1 11 10 12 1 100 1 1 1 1 1 1 1 1 1 1 1 1 1 1 1 1 1 1 1 1 1 1 1 1 1 1 1 1 1 1 1 1 1 1 1 100 1 1 1 1 1 1 1 1 1 1 1 1 1 1 100 1 1 1 1 1 1 1 1 1 1 1
ciInstanceKlass java/io/ByteArrayInputStream 1 1 135 10 7 12 1 1 1 9 7 12 1 1 1 9 12 1 1 9 12 1 9 12 1 10 100 12 1 1 1 10 7 12 1 1 1 10 7 12 1 1 1 10 7 12 1 1 1 10 12 1 1 10 7 12 1 1 1 7 1 100 1 100 1 3 10 7 1 10 7 12 1 1 1 9 12 1 1 100 1 10 10 7 12 1 1 1 1 1 1 1 1 1 1 1 1 1 1 1 1 1 1 1 1 1 1 1 1 1 1 1 1 1 1 1 1 1 1 1 100 1 100 1 1 1 1 1 1 1 1 1 1 1 1 1 1
staticfield java/io/ByteArrayInputStream $assertionsDisabled Z 1
instanceKlass java/nio/DoubleBuffer
instanceKlass java/nio/FloatBuffer
instanceKlass java/nio/LongBuffer
instanceKlass java/nio/ShortBuffer
instanceKlass java/nio/CharBuffer
instanceKlass java/nio/IntBuffer
instanceKlass java/nio/ByteBuffer
ciInstanceKlass java/nio/Buffer 1 1 259 100 1 10 7 12 1 1 1 9 7 12 1 1 1 9 12 1 9 12 1 1 9 12 1 9 12 1 1 10 12 1 1 10 12 1 1 10 12 100 1 100 1 10 8 1 10 12 1 1 10 12 1 8 1 8 1 10 12 1 1 10 12 1 8 1 9 12 1 1 100 1 8 1 10 12 1 8 1 8 1 9 12 10 12 1 8 1 8 1 8 1 10 12 1 8 1 8 1 8 1 100 1 10 100 1 10 100 1 10 9 12 1 1 10 7 12 1 1 1 100 1 10 12 1 1 10 12 1 10 100 12 1 1 10 7 12 1 1 1 10 7 12 1 1 1 9 12 1 1 10 7 12 1 1 1 9 12 1 1 7 1 10 10 12 1 1 7 1 10 10 7 12 1 1 1 1 1 3 1 1 1 1 1 1 1 1 1 1 1 1 1 1 100 1 1 1 1 1 1 1 100 1 1 1 1 1 1 1 1 1 1 1 1 1 1 1 1 1 1 1 1 1 1 1 1 1 1 1 1 1 1 1 1 1 1 1 1 1 1 1 1 1 1 100 1 100 1 100 1 100 1 100 1 100 1 100 1 1
staticfield java/nio/Buffer UNSAFE Ljdk/internal/misc/Unsafe; jdk/internal/misc/Unsafe
staticfield java/nio/Buffer SCOPED_MEMORY_ACCESS Ljdk/internal/misc/ScopedMemoryAccess; jdk/internal/misc/ScopedMemoryAccess
staticfield java/nio/Buffer IOOBE_FORMATTER Ljava/util/function/BiFunction; jdk/internal/util/Preconditions$4
staticfield java/nio/Buffer $assertionsDisabled Z 1
ciInstanceKlass jdk/internal/util/Preconditions 1 1 194 10 100 12 1 1 1 11 100 12 1 1 1 11 100 12 1 1 1 100 1 100 1 10 7 12 1 1 1 10 12 1 8 1 100 1 10 100 12 1 1 1 10 12 1 1 8 1 8 1 10 100 12 1 1 7 1 10 12 1 8 1 10 100 12 1 1 1 8 1 10 12 1 1 10 12 1 1 11 12 1 8 1 8 1 11 12 1 1 8 1 8 1 8 1 10 12 1 1 10 12 1 1 10 12 1 10 12 1 10 12 1 10 12 7 1 10 10 12 1 1 9 12 1 1 7 1 10 9 12 1 7 1 10 9 12 1 1 1 1 1 1 1 1 1 1 1 1 1 1 1 1 1 1 1 1 1 1 1 1 1 1 1 1 1 1 1 1 1 1 1 1 1 1 1 1 1 1 1 1 1 1 1 1 1 1 1 1 1 1 1 1 1 1
staticfield jdk/internal/util/Preconditions SIOOBE_FORMATTER Ljava/util/function/BiFunction; jdk/internal/util/Preconditions$4
staticfield jdk/internal/util/Preconditions AIOOBE_FORMATTER Ljava/util/function/BiFunction; jdk/internal/util/Preconditions$4
staticfield jdk/internal/util/Preconditions IOOBE_FORMATTER Ljava/util/function/BiFunction; jdk/internal/util/Preconditions$4
ciInstanceKlass jdk/internal/util/Preconditions$4 1 1 61 9 7 12 1 1 1 10 7 12 1 1 1 10 100 12 1 1 1 11 100 12 1 1 1 100 1 100 1 100 1 10 12 1 100 1 1 1 1 1 1 1 1 1 1 1 1 1 1 1 1 1 1 1 1 1 12 1 1 1 1
ciInstanceKlass java/util/function/BiFunction 1 1 65 10 100 12 1 1 1 18 12 1 1 11 100 12 1 1 11 100 12 1 100 1 1 1 1 1 1 1 1 1 1 1 1 1 1 1 1 1 1 1 1 1 1 1 1 1 1 1 16 15 11 12 15 10 100 12 1 1 1 1 100 1 100 1 1
ciMethod jdk/internal/util/Preconditions checkIndex (IILjava/util/function/BiFunction;)I 1024 0 6028 0 -1
ciInstanceKlass java/lang/AssertionStatusDirectives 0 0 24 10 100 12 1 1 1 100 1 1 1 1 1 1 1 1 1 1 1 1 1 1 1 1
instanceKlass jdk/internal/net/http/Origin
instanceKlass java/net/http/HttpRequestOptionImpl
instanceKlass jdk/internal/misc/ThreadTracker$ThreadRef
instanceKlass jdk/internal/classfile/impl/AbstractInstruction$SwitchCaseImpl
instanceKlass jdk/internal/net/http/common/DebugLogger$LoggerConfig
instanceKlass java/lang/reflect/Executable$ParameterData
instanceKlass sun/util/locale/LanguageTag
instanceKlass jdk/jfr/internal/jfc/model/Constraint
instanceKlass jdk/jfr/internal/query/ViewFile$ViewConfiguration
instanceKlass jdk/jfr/internal/dcmd/Argument
instanceKlass java/lang/invoke/StringConcatFactory$InlineHiddenClassStrategy$MethodHandlePair
instanceKlass jdk/internal/classfile/impl/StackCounter$Target
instanceKlass jdk/internal/classfile/impl/StackMapDecoder$StackMapFrameImpl
instanceKlass jdk/internal/classfile/impl/StackMapDecoder$ObjectVerificationTypeInfoImpl
instanceKlass java/lang/reflect/Proxy$ProxyBuilder$ProxyClassContext
instanceKlass java/lang/ClassValue$Version
instanceKlass jdk/internal/util/ImmutableBitSetPredicate$SmallImmutableBitSetPredicate
instanceKlass java/util/Formatter$FixedString
instanceKlass jdk/net/UnixDomainPrincipal
instanceKlass java/security/SecureClassLoader$CodeSourceKey
instanceKlass java/util/zip/ZipFile$EntryPos
instanceKlass sun/nio/fs/WindowsPathParser$Result
instanceKlass jdk/internal/module/ModuleReferenceImpl$CachedHash
instanceKlass java/util/stream/Collectors$CollectorImpl
instanceKlass java/lang/invoke/MethodHandles$Lookup$ClassDefiner
instanceKlass jdk/internal/classfile/impl/ClassHierarchyImpl$ClassHierarchyInfoImpl
instanceKlass java/lang/classfile/ClassHierarchyResolver$1Factory
instanceKlass jdk/internal/classfile/impl/RawBytecodeHelper$CodeRange
instanceKlass jdk/internal/classfile/impl/StackMapGenerator$Type
instanceKlass jdk/internal/classfile/impl/Util$1WithCodeMethodHandler
instanceKlass jdk/internal/classfile/impl/DirectCodeBuilder$DeferredLabel
instanceKlass java/lang/invoke/InvokerBytecodeGenerator$ClassData
instanceKlass jdk/internal/classfile/impl/AnnotationImpl
instanceKlass jdk/internal/reflect/ReflectionFactory$Config
instanceKlass jdk/internal/foreign/abi/UpcallLinker$CallRegs
instanceKlass jdk/internal/foreign/abi/VMStorage
ciInstanceKlass java/lang/Record 1 1 22 10 7 12 1 1 1 100 1 1 1 1 1 1 1 1 1 1 1 1 1 1
ciInstanceKlass java/util/concurrent/ConcurrentHashMap 1 1 1225 100 1 7 1 10 7 12 1 1 1 10 12 1 1 9 12 1 1 3 10 7 12 1 1 1 3 100 1 10 7 12 1 1 1 100 1 10 100 12 1 1 1 100 1 11 12 1 1 11 12 1 11 12 1 1 9 12 1 1 9 12 1 9 12 1 1 10 7 12 1 1 1 7 1 10 12 1 1 10 12 1 1 10 7 12 1 1 1 4 10 12 1 11 7 12 1 1 10 12 1 10 12 1 1 100 1 10 5 0 10 12 1 9 12 1 10 12 1 1 5 0 10 12 1 10 12 1 9 12 1 1 10 12 1 1 9 12 1 9 12 1 1 10 12 1 1 9 12 1 10 12 1 1 9 12 1 1 10 12 1 1 100 1 10 100 1 10 12 1 10 12 1 1 10 12 1 1 10 12 1 1 10 12 1 10 12 1 1 10 12 1 1 100 1 10 12 1 1 7 1 100 1 8 1 10 12 1 10 12 1 1 10 12 1 1 10 10 12 1 11 12 1 1 11 7 12 1 1 1 11 7 12 1 1 1 11 12 1 7 1 11 12 1 11 12 1 10 12 1 1 10 12 1 1 9 12 1 1 10 100 12 1 1 1 9 10 12 1 1 9 12 1 10 12 1 1 5 0 9 12 1 1 7 1 10 12 1 9 12 1 1 7 1 10 12 1 9 12 1 7 1 10 100 1 10 10 12 1 1 8 1 10 12 1 10 12 1 1 11 100 1 100 1 10 12 1 10 100 12 1 1 1 8 1 10 100 12 1 1 1 8 1 10 12 1 8 1 10 12 1 10 12 1 1 10 100 12 1 1 10 12 1 10 12 1 10 12 1 9 12 1 9 10 12 1 9 12 1 11 100 12 1 1 1 11 7 12 1 1 1 100 1 10 12 11 100 12 1 1 10 11 7 12 1 10 12 1 100 1 10 12 1 100 1 10 10 9 7 12 1 1 1 3 10 100 12 1 1 9 12 1 10 12 1 1 9 12 1 1 9 12 1 10 12 1 1 10 100 12 1 1 9 12 1 9 7 12 1 1 10 12 1 1 10 12 1 3 9 12 1 9 12 1 10 12 1 1 7 1 9 3 100 1 10 12 1 9 12 1 10 12 1 9 12 1 10 12 1 9 12 1 10 100 12 1 1 1 100 10 12 1 100 1 5 0 10 100 12 1 1 100 1 10 12 1 1 10 12 1 10 12 1 100 1 10 12 1 10 100 1 100 1 10 10 12 1 10 100 1 10 12 1 10 100 1 10 12 1 10 100 1 10 12 1 1 100 1 10 12 1 10 10 12 1 100 1 10 12 1 10 10 12 1 100 1 10 12 1 10 100 1 10 12 1 10 100 1 10 12 1 10 100 1 10 12 1 10 100 1 10 12 1 10 100 1 10 12 1 10 100 1 10 12 1 10 100 1 10 12 1 10 100 1 10 10 100 1 10 10 100 1 10 10 100 1 10 12 1 10 100 1 10 12 1 10 100 1 10 12 1 10 100 1 10 12 1 10 100 1 10 12 1 10 100 1 10 10 100 1 10 10 100 1 10 10 100 1 10 12 1 10 100 1 10 12 1 10 100 1 10 12 1 10 100 1 10 12 1 10 100 1 10 12 1 10 10 12 1 10 12 1 7 1 7 1 10 12 1 9 12 1 1 9 12 1 1 10 12 1 1 8 10 12 1 1 8 8 8 8 7 10 12 1 1 10 12 1 1 100 1 8 1 10 7 1 100 1 100 1 1 1 5 0 1 1 3 1 3 1 1 1 1 3 1 3 1 3 1 1 1 1 1 3 1 3 1 3 1 1 1 1 1 1 1 1 1 1 1 1 1 1 1 1 1 1 1 1 1 1 1 1 1 1 1 1 100 1 1 1 1 1 1 1 1 1 1 1 1 1 1 1 1 1 1 1 1 1 1 1 1 1 1 1 1 1 1 1 1 1 1 1 1 1 1 1 1 1 1 1 1 1 1 1 1 1 1 1 1 1 1 1 1 1 1 1 1 1 1 1 1 1 1 1 1 1 1 1 1 1 1 1 100 1 1 1 1 1 1 1 1 1 1 100 1 1 1 1 1 1 1 1 1 1 1 100 1 1 1 1 1 1 1 1 1 1 1 1 1 1 1 1 1 1 1 1 1 1 1 1 1 1 1 1 1 1 1 1 1 1 1 1 1 1 1 1 1 1 1 1 1 1 1 1 1 1 1 1 1 1 1 1 1 1 1 1 1 1 1 1 1 1 1 1 1 1 1 1 1 1 1 1 1 1 1 1 1 1 1 1 1 1 1 1 1 1 1 1 1 1 1 1 1 1 1 1 1 1 1 1 1 1 1 1 1 1 1 1 1 1 1 1 1 1 1 1 1 1 1 1 1 1 1 1 1 1 1 1 1 1 1 1 1 1 1 1 1 1 1 1 1 1 1 1 1 1 1 1 1 1 1 1 1 1 1 1 1 1 1 1 1 1 1 1 1 1 1 1 1 1 1 1 1 1 1 1 1 1 1 1 1 1 1 1 1 1 1 1 1 1 1 1 1 1 1 1 1 1 1 1 1 1 1 1 1 1 1 1 1 1 1 1 1 1 1 1 1 1 1 1 100 1 100 1 100 1 100 1 100 1 100 1 100 1 100 1 100 1 1 1 1 1 1 1 1 1 1 1 1 1 1 1 1 1 1 1 1 1 1 1 1 1 1 1 1 1 1 1 1 1 1 1 1 1 1 1 1 1 1 1 1 1 1 1 1 1 1 1 1 1 1 1 1 1 1
staticfield java/util/concurrent/ConcurrentHashMap serialPersistentFields [Ljava/io/ObjectStreamField; 3 [Ljava/io/ObjectStreamField;
staticfield java/util/concurrent/ConcurrentHashMap U Ljdk/internal/misc/Unsafe; jdk/internal/misc/Unsafe
staticfield java/util/concurrent/ConcurrentHashMap SIZECTL J 44
staticfield java/util/concurrent/ConcurrentHashMap TRANSFERINDEX J 56
staticfield java/util/concurrent/ConcurrentHashMap BASECOUNT J 48
staticfield java/util/concurrent/ConcurrentHashMap CELLSBUSY J 60
staticfield java/util/concurrent/ConcurrentHashMap CELLVALUE J 144
staticfield java/util/concurrent/ConcurrentHashMap ABASE J 16
staticfield java/util/concurrent/ConcurrentHashMap ASHIFT I 2
instanceKlass java/util/Collections$SingletonMap
instanceKlass java/util/TreeMap
instanceKlass java/util/concurrent/ConcurrentSkipListMap
instanceKlass java/util/IdentityHashMap
instanceKlass java/util/EnumMap
instanceKlass java/util/WeakHashMap
instanceKlass java/util/Collections$EmptyMap
instanceKlass sun/util/PreHashedMap
instanceKlass java/util/HashMap
instanceKlass java/util/ImmutableCollections$AbstractImmutableMap
instanceKlass java/util/concurrent/ConcurrentHashMap
ciInstanceKlass java/util/AbstractMap 1 1 200 10 7 12 1 1 1 10 7 12 1 1 1 11 7 12 1 1 1 10 11 12 1 1 11 7 12 1 1 1 11 12 1 1 7 1 11 12 1 10 12 1 1 11 12 1 100 1 10 11 12 1 11 7 1 10 12 1 1 11 12 1 9 12 1 1 7 1 10 12 1 9 12 1 1 100 1 10 11 11 12 1 1 11 12 1 100 1 100 1 11 12 1 8 1 7 1 10 10 12 1 1 8 1 10 12 1 10 12 1 1 10 12 1 1 1 1 1 1 1 1 1 1 1 1 1 1 1 1 1 1 1 1 1 1 1 1 1 1 1 1 1 1 1 1 1 1 1 1 1 1 1 1 100 1 1 1 1 1 1 1 100 1 1 1 1 1 1 1 1 1 7 1 1 1 1 1 1 1 1 1 1 1 100 1 100 1 100 1 100 1 100 1 1 1 1 1 1 1 1
ciInstanceKlass java/util/concurrent/ConcurrentMap 1 1 201 11 100 12 1 1 1 10 100 12 1 1 11 12 1 1 11 100 12 1 1 1 11 100 12 1 1 1 11 12 1 1 100 1 11 12 1 11 12 1 100 1 11 100 12 1 1 1 18 12 1 11 12 1 1 11 100 12 1 1 11 12 1 1 11 100 12 1 11 12 1 1 11 12 1 1 100 1 100 1 1 1 1 1 1 1 1 1 1 1 1 1 1 1 1 1 1 1 1 1 1 1 1 1 1 1 1 1 1 1 1 1 1 1 1 1 1 1 1 1 1 1 1 1 1 1 1 1 1 1 1 1 1 1 1 1 1 1 1 16 15 11 12 15 10 100 12 1 1 1 1 1 100 1 100 1 1 1 100 1 8 1 1 12 10 1 8 1 1 1 8 1 1 8 1 1 1 8 1 1 1 8 1 1 8 1 8 1 8 1 1 1 8 1 1 8 1 1 1 8 1
ciInstanceKlass java/util/Collection 1 1 115 11 7 12 1 1 1 7 1 11 7 12 1 1 1 10 7 12 1 1 1 11 12 1 1 11 7 12 1 1 1 11 12 1 1 11 100 12 1 1 1 11 12 1 1 10 100 12 1 1 1 11 12 1 10 7 12 1 1 1 100 1 100 1 1 1 1 1 1 1 1 1 1 1 1 1 1 1 1 1 1 1 1 1 1 1 1 1 1 1 1 1 1 1 1 1 1 1 1 1 1 1 1 1 1 1 1 1 1 1 1 1 1 1 1
instanceKlass jdk/internal/loader/ClassLoaders$BootClassLoader
instanceKlass jdk/internal/loader/ClassLoaders$PlatformClassLoader
instanceKlass jdk/internal/loader/ClassLoaders$AppClassLoader
ciInstanceKlass jdk/internal/loader/BuiltinClassLoader 1 1 652 9 7 12 1 1 1 10 7 12 1 1 1 10 7 12 1 1 1 9 12 1 1 9 12 1 1 7 1 10 12 1 9 12 1 10 12 1 9 12 1 10 7 12 1 1 1 10 7 12 1 1 1 10 7 12 1 1 1 11 7 12 1 1 1 100 1 100 1 10 10 12 1 1 8 1 10 12 1 10 12 7 1 10 12 1 10 12 1 1 11 7 12 1 1 1 11 7 12 1 1 1 11 12 1 1 7 1 8 1 8 1 10 9 12 1 1 10 7 12 1 1 11 12 1 1 10 12 1 1 10 12 1 1 10 12 1 1 11 7 12 1 1 1 10 7 12 1 1 7 1 10 100 12 1 1 1 10 7 12 1 1 1 10 12 1 10 12 1 100 1 8 1 10 12 1 1 10 8 1 10 12 1 1 10 12 1 1 10 12 1 1 11 7 12 1 1 11 12 1 7 1 10 11 12 1 1 11 10 12 1 1 7 1 10 12 1 10 7 12 1 10 12 1 11 12 1 1 11 7 1 11 12 1 100 1 10 12 1 1 100 1 100 1 11 12 1 1 10 12 1 10 12 10 12 1 10 7 12 1 1 1 7 1 10 10 12 1 1 10 12 1 1 10 12 1 1 10 12 1 9 12 1 1 100 1 10 10 12 1 1 10 12 1 1 10 12 1 10 12 10 12 1 1 10 12 1 1 10 12 1 1 10 12 1 10 12 1 1 10 12 1 1 10 12 1 10 12 1 1 10 12 1 7 1 10 12 10 7 12 1 1 1 10 12 1 11 12 1 7 1 10 12 1 7 1 100 1 10 12 1 10 12 1 11 12 1 1 10 12 1 1 10 12 1 1 10 12 1 1 10 12 1 1 10 12 1 10 12 1 10 12 1 10 12 1 8 1 10 12 1 1 10 7 12 1 1 10 12 1 100 1 8 1 8 1 10 10 12 1 8 1 8 1 10 7 12 1 1 1 11 7 12 1 1 1 9 7 12 1 1 1 10 7 12 1 1 1 9 12 1 9 12 1 9 12 1 9 12 1 9 12 1 9 12 1 10 7 12 1 1 1 8 1 10 12 1 7 1 10 11 12 1 1 10 12 10 12 1 10 12 1 100 1 10 12 1 10 12 1 11 11 12 1 10 7 12 1 1 10 7 12 1 1 8 1 10 7 12 1 1 10 12 1 1 1 1 1 1 1 1 1 1 1 1 1 1 1 1 1 1 1 1 1 1 1 1 1 1 1 1 1 1 1 1 1 1 1 1 1 1 1 1 1 1 1 1 1 1 1 1 1 1 1 1 1 1 1 100 1 1 1 1 1 1 1 1 1 1 1 1 1 100 1 100 1 1 1 1 1 1 1 1 1 1 1 1 1 1 1 1 1 1 1 1 1 1 1 1 1 1 1 1 1 1 1 1 1 1 1 1 1 1 1 1 1 1 1 1 1 1 1 100 1 1 1 100 1 1 1 1 1
staticfield jdk/internal/loader/BuiltinClassLoader packageToModule Ljava/util/Map; java/util/concurrent/ConcurrentHashMap
staticfield jdk/internal/loader/BuiltinClassLoader $assertionsDisabled Z 1
ciInstanceKlass jdk/internal/loader/ClassLoaders$AppClassLoader 1 1 57 8 1 10 7 12 1 1 1 10 7 12 1 1 1 10 12 1 1 10 7 12 1 1 1 100 1 10 12 1 1 1 1 1 1 1 1 1 1 1 1 1 1 1 1 1 1 1 1 1 1 1 1 100 1 1 1
ciInstanceKlass jdk/internal/loader/ClassLoaders$PlatformClassLoader 1 1 42 8 1 10 7 12 1 1 1 10 7 12 1 1 1 100 1 10 12 1 100 1 1 1 1 1 1 1 1 1 1 1 1 1 1 100 1 1 1 100 1 1
ciInstanceKlass java/lang/ArithmeticException 1 1 26 10 100 12 1 1 1 10 12 1 100 1 1 1 1 5 0 1 1 1 1 1 1 1 1 1
instanceKlass jdk/internal/net/quic/QuicKeyUnavailableException
instanceKlass jdk/internal/net/quic/QuicTransportException
instanceKlass sun/security/pkcs11/wrapper/PKCS11Exception
instanceKlass javax/security/auth/DestroyFailedException
instanceKlass javax/security/auth/callback/UnsupportedCallbackException
instanceKlass sun/security/ec/ECOperations$IntermediateValueException
instanceKlass org/openqa/selenium/net/UrlChecker$TimeoutException
instanceKlass java/rmi/AlreadyBoundException
instanceKlass java/rmi/NotBoundException
instanceKlass java/rmi/server/ServerNotActiveException
instanceKlass javax/naming/NamingException
instanceKlass jdk/internal/org/xml/sax/SAXException
instanceKlass sun/nio/fs/WindowsException
instanceKlass jdk/jfr/internal/query/QueryResolver$QueryException
instanceKlass java/text/ParseException
instanceKlass jdk/jfr/internal/jfc/model/JFCModelException
instanceKlass jdk/jfr/internal/util/UserSyntaxException
instanceKlass jdk/jfr/internal/util/UserDataException
instanceKlass jdk/jfr/internal/dcmd/DCmdException
instanceKlass javax/management/JMException
instanceKlass java/net/URISyntaxException
instanceKlass java/lang/invoke/StringConcatException
instanceKlass java/lang/instrument/UnmodifiableClassException
instanceKlass java/util/concurrent/ExecutionException
instanceKlass java/util/concurrent/TimeoutException
instanceKlass java/security/GeneralSecurityException
instanceKlass sun/util/locale/LocaleSyntaxException
instanceKlass java/lang/CloneNotSupportedException
instanceKlass java/lang/InterruptedException
instanceKlass java/security/PrivilegedActionException
instanceKlass java/io/IOException
instanceKlass java/lang/ReflectiveOperationException
instanceKlass java/lang/RuntimeException
ciInstanceKlass java/lang/Exception 1 1 40 10 7 12 1 1 1 10 12 1 10 12 1 10 12 1 10 12 1 100 1 1 1 1 5 0 1 1 1 1 1 1 1 1 1 1 1 1 1 1
instanceKlass jdk/internal/net/http/websocket/FailWebSocketException
instanceKlass jdk/internal/net/http/websocket/CheckFailedException
instanceKlass java/lang/NegativeArraySizeException
instanceKlass java/util/concurrent/StructureViolationException
instanceKlass org/openqa/selenium/WebDriverException
instanceKlass org/opentest4j/IncompleteExecutionException
instanceKlass java/util/concurrent/CompletionException
instanceKlass java/security/ProviderException
instanceKlass java/lang/annotation/IncompleteAnnotationException
instanceKlass java/lang/reflect/MalformedParameterizedTypeException
instanceKlass java/lang/reflect/UndeclaredThrowableException
instanceKlass java/util/ConcurrentModificationException
instanceKlass javax/management/JMRuntimeException
instanceKlass java/time/DateTimeException
instanceKlass org/junit/platform/commons/JUnitException
instanceKlass java/lang/invoke/WrongMethodTypeException
instanceKlass com/intellij/rt/debugger/agent/InstrumentationBpExceptionWrapper
instanceKlass java/util/concurrent/RejectedExecutionException
instanceKlass java/util/MissingResourceException
instanceKlass java/lang/MatchException
instanceKlass java/util/IllformedLocaleException
instanceKlass java/io/UncheckedIOException
instanceKlass java/lang/TypeNotPresentException
instanceKlass java/nio/BufferUnderflowException
instanceKlass java/nio/BufferOverflowException
instanceKlass java/util/NoSuchElementException
instanceKlass java/lang/UnsupportedOperationException
instanceKlass java/lang/SecurityException
instanceKlass java/lang/IllegalStateException
instanceKlass java/lang/IllegalArgumentException
instanceKlass java/lang/IndexOutOfBoundsException
instanceKlass java/lang/ArithmeticException
instanceKlass java/lang/NullPointerException
instanceKlass jdk/internal/vm/PreemptedException
instanceKlass java/lang/IllegalCallerException
instanceKlass java/lang/IllegalMonitorStateException
instanceKlass java/lang/ArrayStoreException
instanceKlass java/lang/ClassCastException
ciInstanceKlass java/lang/RuntimeException 1 1 40 10 7 12 1 1 1 10 12 1 10 12 1 10 12 1 10 12 1 100 1 1 1 1 5 0 1 1 1 1 1 1 1 1 1 1 1 1 1 1
ciInstanceKlass java/lang/ArrayIndexOutOfBoundsException 1 1 45 10 100 12 1 1 1 10 12 1 100 1 10 8 1 10 12 1 1 10 12 1 10 12 1 1 100 1 1 1 1 5 0 1 1 1 1 1 1 1 1 1 1 1 1
ciInstanceKlass java/lang/ArrayStoreException 1 1 26 10 100 12 1 1 1 10 12 1 100 1 1 1 1 5 0 1 1 1 1 1 1 1 1 1
ciInstanceKlass java/lang/ClassCastException 1 1 26 10 100 12 1 1 1 10 12 1 100 1 1 1 1 5 0 1 1 1 1 1 1 1 1 1
ciInstanceKlass java/lang/ClassNotFoundException 1 1 96 7 1 10 7 12 1 1 1 10 12 1 10 12 1 1 10 100 12 1 1 1 8 1 10 100 12 1 1 1 10 7 12 1 1 10 100 12 1 1 1 10 100 12 1 1 1 10 12 1 1 7 1 10 12 1 9 12 1 1 1 1 1 5 0 1 1 1 1 1 1 1 1 1 1 1 1 1 1 1 1 1 1 100 1 1 1 1 1 1 1 1 1 1 1 1
staticfield java/lang/ClassNotFoundException serialPersistentFields [Ljava/io/ObjectStreamField; 1 [Ljava/io/ObjectStreamField;
instanceKlass java/lang/reflect/Proxy$InvocationException
instanceKlass java/lang/InstantiationException
instanceKlass java/lang/IllegalAccessException
instanceKlass java/lang/reflect/InvocationTargetException
instanceKlass java/lang/NoSuchFieldException
instanceKlass java/lang/NoSuchMethodException
instanceKlass java/lang/ClassNotFoundException
ciInstanceKlass java/lang/ReflectiveOperationException 1 1 34 10 7 12 1 1 1 10 12 1 10 12 1 10 12 1 100 1 1 1 1 5 0 1 1 1 1 1 1 1 1 1 1 1
ciInstanceKlass java/lang/IllegalCallerException 0 0 35 10 100 12 1 1 1 10 12 1 10 12 1 10 12 1 100 1 1 1 1 5 0 1 1 1 1 1 1 1 1 1 1 1 1
ciInstanceKlass java/lang/IllegalMonitorStateException 1 1 26 10 100 12 1 1 1 10 12 1 100 1 1 1 1 5 0 1 1 1 1 1 1 1 1 1
ciInstanceKlass java/lang/BootstrapMethodError 0 0 45 10 100 12 1 1 1 10 12 1 10 12 1 10 100 12 1 1 1 10 100 12 1 1 1 1 1 1 5 0 1 1 1 1 1 1 1 1 1 1 1 100 1 1 1
instanceKlass java/io/IOError
instanceKlass java/util/ServiceConfigurationError
instanceKlass java/lang/annotation/AnnotationFormatError
instanceKlass java/nio/charset/CoderMalfunctionError
instanceKlass java/lang/AssertionError
instanceKlass java/lang/VirtualMachineError
instanceKlass java/lang/LinkageError
ciInstanceKlass java/lang/Error 1 1 58 10 7 12 1 1 1 9 12 1 1 10 100 12 1 1 1 10 100 12 1 1 1 10 12 1 10 12 1 10 12 1 10 12 1 100 1 1 1 1 5 0 1 1 1 1 1 1 1 1 100 1 1 1 1 1 1 1
instanceKlass java/lang/ClassFormatError
instanceKlass java/lang/ExceptionInInitializerError
instanceKlass java/lang/IncompatibleClassChangeError
instanceKlass java/lang/BootstrapMethodError
instanceKlass java/lang/NoClassDefFoundError
ciInstanceKlass java/lang/LinkageError 1 1 31 10 7 12 1 1 1 10 12 1 10 12 1 100 1 1 1 1 5 0 1 1 1 1 1 1 1 1 1 1 1
ciInstanceKlass java/lang/NullPointerException 1 1 52 10 100 12 1 1 1 10 12 1 9 100 12 1 1 1 10 12 1 1 9 12 1 1 10 12 1 1 10 12 1 1 1 1 5 0 1 1 1 1 1 1 1 1 100 1 100 1 100 1 1 1
ciInstanceKlass jdk/internal/vm/PreemptedException 1 1 21 10 100 12 1 1 1 100 1 1 1 1 5 0 1 1 1 1 1 1 1
ciInstanceKlass java/lang/InternalError 1 1 34 10 7 12 1 1 1 10 12 1 10 12 1 10 12 1 100 1 1 1 1 5 0 1 1 1 1 1 1 1 1 1 1 1
instanceKlass java/lang/StackOverflowError
instanceKlass java/lang/OutOfMemoryError
instanceKlass java/lang/InternalError
ciInstanceKlass java/lang/VirtualMachineError 1 1 34 10 7 12 1 1 1 10 12 1 10 12 1 10 12 1 100 1 1 1 1 5 0 1 1 1 1 1 1 1 1 1 1 1
ciInstanceKlass java/lang/NoClassDefFoundError 0 0 26 10 100 12 1 1 1 10 12 1 100 1 1 1 1 5 0 1 1 1 1 1 1 1 1 1
ciInstanceKlass java/lang/OutOfMemoryError 1 1 26 10 100 12 1 1 1 10 12 1 100 1 1 1 1 5 0 1 1 1 1 1 1 1 1 1
ciInstanceKlass java/lang/StackOverflowError 1 1 26 10 100 12 1 1 1 10 12 1 100 1 1 1 1 5 0 1 1 1 1 1 1 1 1 1
ciInstanceKlass java/lang/StackTraceElement 1 1 235 10 7 12 1 1 1 10 7 12 1 1 9 12 1 1 9 12 1 1 9 12 1 9 12 1 8 1 10 7 12 1 1 1 7 1 9 12 1 8 1 9 12 1 9 12 1 9 12 1 1 10 12 1 1 10 12 1 8 1 10 100 12 1 1 1 100 1 10 12 1 10 12 1 1 10 12 1 10 12 1 1 10 12 1 10 12 1 10 10 12 1 8 1 10 12 1 10 12 1 1 10 12 1 1 10 12 1 10 12 1 10 12 1 9 12 1 1 10 7 12 1 1 1 10 12 1 1 7 1 10 12 1 1 10 7 12 1 1 10 7 12 1 1 1 10 7 12 1 1 10 7 12 1 1 10 10 12 1 1 10 12 1 1 10 12 1 1 10 12 1 100 1 1 1 1 1 1 1 3 1 3 1 1 5 0 1 1 1 1 1 1 1 1 1 1 1 1 1 1 1 1 1 1 1 1 1 1 1 1 1 1 1 1 1 100 1 100 1 1 1 1 1 1 1 100 1 1 1 1 1 1 1 1 1
instanceKlass java/util/concurrent/locks/AbstractQueuedLongSynchronizer
instanceKlass java/util/concurrent/locks/AbstractQueuedSynchronizer
ciInstanceKlass java/util/concurrent/locks/AbstractOwnableSynchronizer 1 1 32 10 7 12 1 1 1 9 7 12 1 1 1 100 1 1 1 1 5 0 1 1 1 1 1 1 1 1 1 1 1 1
instanceKlass java/lang/VirtualThread$VThreadContinuation
ciInstanceKlass jdk/internal/vm/Continuation 1 1 548 9 7 12 1 1 1 9 12 1 9 12 1 100 1 100 1 10 12 1 1 8 1 10 12 1 1 10 12 1 10 12 1 1 10 12 1 9 7 12 1 1 1 11 7 12 1 1 1 10 7 1 9 12 1 1 9 12 1 1 10 8 1 10 12 1 9 12 1 1 10 11 12 1 1 100 1 10 100 12 1 1 1 10 12 1 1 10 12 1 10 12 1 1 11 12 1 1 9 12 1 1 10 12 1 1 18 12 1 1 10 100 12 1 1 1 100 1 10 12 1 11 100 12 1 1 1 10 12 1 9 12 1 10 12 1 1 100 1 8 1 10 12 1 10 12 1 1 9 12 1 1 11 12 1 1 9 12 1 1 8 1 10 11 12 1 1 11 12 1 1 10 12 1 1 10 12 1 1 9 12 1 10 12 1 10 10 12 1 8 1 10 12 1 8 1 8 1 10 7 12 1 1 1 10 100 12 1 1 1 10 12 1 9 12 1 11 12 1 100 1 10 12 1 10 12 1 1 9 12 1 1 100 1 10 12 1 1 9 12 1 1 10 12 1 10 12 1 11 7 12 1 1 10 7 1 10 12 1 8 1 10 12 1 1 9 12 1 1 10 7 12 1 1 8 1 8 1 8 1 8 1 10 12 1 1 10 12 1 10 12 1 10 12 1 10 12 1 1 10 12 1 1 8 1 9 12 1 10 12 1 1 9 12 1 1 10 12 1 1 9 12 1 8 1 10 100 12 1 1 1 10 12 1 8 1 100 1 8 1 10 9 12 1 1 8 1 10 100 12 1 1 10 100 12 1 1 8 1 8 1 10 12 10 12 1 1 10 100 1 10 100 12 1 1 1 18 11 100 12 1 1 1 18 12 1 11 12 1 1 100 1 10 7 12 1 1 10 12 1 1 8 10 12 1 1 10 7 12 1 1 1 10 7 12 1 1 10 12 1 8 1 10 12 1 100 1 100 1 10 12 1 1 1 1 1 1 1 1 1 1 1 1 1 1 1 1 1 1 1 1 1 1 1 1 1 1 1 1 1 1 1 1 1 1 1 1 1 1 1 1 1 1 1 1 1 1 1 1 1 1 1 1 1 1 1 1 1 1 1 1 1 1 1 1 1 1 1 1 1 1 1 1 1 1 1 1 100 1 1 16 1 15 10 12 16 15 11 100 12 1 1 1 16 1 16 1 15 10 12 16 15 10 100 12 1 1 1 1 1 1 1 1 100 1 100 1 1
staticfield jdk/internal/vm/Continuation U Ljdk/internal/misc/Unsafe; jdk/internal/misc/Unsafe
staticfield jdk/internal/vm/Continuation MOUNTED_OFFSET J 13
staticfield jdk/internal/vm/Continuation PRESERVE_SCOPED_VALUE_CACHE Z 1
staticfield jdk/internal/vm/Continuation JLA Ljdk/internal/access/JavaLangAccess; java/lang/System$1
staticfield jdk/internal/vm/Continuation $assertionsDisabled Z 1
ciInstanceKlass jdk/internal/misc/UnsafeConstants 1 1 34 10 100 12 1 1 1 9 7 12 1 1 1 9 12 1 9 12 1 1 9 12 1 9 12 1 1 1 1 1 1 1 1 1
staticfield jdk/internal/misc/UnsafeConstants ADDRESS_SIZE0 I 8
staticfield jdk/internal/misc/UnsafeConstants PAGE_SIZE I 4096
staticfield jdk/internal/misc/UnsafeConstants BIG_ENDIAN Z 0
staticfield jdk/internal/misc/UnsafeConstants UNALIGNED_ACCESS Z 1
staticfield jdk/internal/misc/UnsafeConstants DATA_CACHE_LINE_FLUSH_SIZE I 0
ciInstanceKlass java/lang/invoke/MethodHandleImpl 1 1 1422 10 7 12 1 1 1 7 1 10 100 12 1 1 1 10 7 12 1 1 1 100 1 10 8 1 10 12 1 1 10 12 1 10 12 1 1 10 7 12 1 1 1 9 100 12 1 1 1 10 100 12 1 1 1 100 1 10 12 1 1 10 12 1 1 10 12 1 1 10 7 12 1 1 1 9 7 12 1 1 1 10 7 12 1 1 1 100 1 10 9 12 1 1 9 12 1 10 12 1 1 10 12 1 10 12 1 1 10 12 1 1 10 12 1 1 8 1 8 1 10 12 1 1 10 12 1 1 10 12 1 1 10 12 1 1 10 12 1 10 12 1 1 10 7 12 1 1 1 10 12 1 7 1 10 7 12 1 1 1 10 12 1 1 10 12 1 1 11 7 12 1 1 1 11 7 12 1 1 11 12 1 1 7 1 11 12 1 10 12 1 1 10 12 1 1 11 12 1 10 7 12 1 1 10 12 1 1 10 7 12 1 1 10 12 1 10 12 1 1 10 7 12 1 1 1 10 7 12 1 1 1 10 12 1 1 10 12 1 1 9 7 12 1 1 1 10 10 12 1 1 10 12 1 1 10 10 12 1 1 10 12 1 1 10 7 12 1 1 1 10 12 1 1 10 12 1 10 12 1 10 7 12 1 1 1 10 7 12 1 1 1 10 12 1 1 10 12 1 10 12 1 10 12 1 10 12 1 1 10 12 1 10 12 1 1 10 12 1 10 12 1 8 1 100 1 10 12 1 10 12 1 1 10 12 1 10 12 1 1 10 12 1 1 7 1 10 12 1 100 1 8 1 10 12 1 10 100 12 1 1 1 8 1 10 12 1 10 7 12 1 1 1 100 1 9 7 1 10 12 1 1 10 12 1 1 9 12 1 10 12 1 1 10 7 12 1 1 10 12 1 1 10 12 1 1 10 12 1 10 12 1 7 1 10 12 1 1 9 12 1 1 10 12 1 9 7 12 1 1 1 11 7 12 1 1 7 1 9 12 1 7 1 10 12 1 10 12 1 1 7 1 10 12 1 1 10 12 1 1 10 7 12 1 1 1 10 12 1 1 10 12 1 10 12 1 1 10 12 1 10 12 1 1 10 12 1 7 1 9 7 12 1 1 1 10 12 1 10 12 1 9 7 12 1 1 1 10 12 1 1 10 12 1 1 10 12 1 10 100 12 1 1 10 100 12 1 1 1 9 12 1 10 12 1 9 12 10 12 1 10 12 1 10 12 1 10 12 1 1 10 12 1 10 12 1 1 10 12 1 10 12 1 1 10 12 1 1 10 12 1 1 10 12 1 10 12 1 10 12 1 1 10 12 1 10 100 12 1 1 10 12 1 10 100 12 1 1 8 1 10 8 1 100 1 10 9 12 1 100 1 10 12 1 8 1 10 10 12 1 10 10 12 1 1 10 12 1 1 10 12 1 10 12 1 100 1 8 1 10 12 1 10 100 12 1 1 1 10 12 1 1 10 12 1 10 12 1 100 1 10 12 1 10 12 1 10 12 1 1 7 1 10 12 1 10 7 12 1 1 10 12 1 9 12 1 10 12 1 1 10 12 1 1 100 1 10 10 12 1 8 1 8 1 9 12 1 8 1 8 1 8 1 9 12 1 10 12 1 1 9 12 1 1 10 12 1 8 1 9 7 1 10 12 1 1 10 12 1 8 1 8 1 8 1 100 1 100 1 8 8 1 8 1 100 1 8 1 100 1 10 12 1 10 12 1 10 12 10 12 1 10 12 1 11 100 12 1 1 1 18 12 1 11 100 12 1 1 1 18 18 12 1 11 12 1 1 10 12 1 1 10 12 1 10 12 1 11 12 1 9 12 1 9 12 10 10 12 1 1 9 12 1 1 11 12 1 1 18 12 1 1 11 12 1 1 11 12 1 1 10 12 1 11 100 1 10 12 1 10 12 1 10 12 1 9 12 1 9 12 10 12 1 10 100 12 1 1 1 10 12 1 10 12 1 1 10 12 1 10 12 9 12 1 1 10 12 1 10 12 1 1 9 12 1 9 12 1 10 12 1 10 12 1 1 10 12 1 100 1 10 12 1 9 12 1 1 11 100 1 9 12 1 9 12 11 12 1 9 12 1 10 12 10 12 1 1 10 12 1 1 9 7 12 1 1 10 12 1 10 12 1 10 12 1 1 100 1 10 12 1 10 12 1 1 100 1 10 12 1 1 10 12 1 1 100 1 10 12 1 1 10 12 1 1 10 12 1 10 12 1 10 12 1 9 12 1 10 12 1 10 12 1 1 9 7 12 1 1 1 8 10 12 1 1 8 1 10 12 1 8 1 8 1 8 1 8 1 8 1 8 1 100 1 8 1 8 1 10 12 1 9 12 1 7 1 10 10 7 12 1 1 1 1 1 1 1 3 1 1 3 1 3 1 3 1 3 1 3 1 3 1 3 1 3 1 1 1 1 1 1 1 1 1 3 1 3 1 1 1 1 1 1 1 1 1 1 1 1 1 1 1 1 1 1 1 1 1 1 1 1 1 1 1 1 1 1 1 1 1 1 1 1 1 1 1 1 1 1 1 1 1 1 1 1 1 1 1 1 1 1 1 1 1 1 1 1 1 1 1 1 1 1 1 1 1 1 1 1 1 1 1 1 1 1 1 1 1 1 1 1 1 1 1 1 1 1 1 1 1 1 1 1 1 1 1 1 1 1 1 100 1 1 1 1 1 1 1 1 1 1 1 1 1 1 1 1 1 1 1 1 1 1 1 1 1 1 1 1 1 1 1 1 1 1 1 1 1 1 1 1 1 1 1 1 1 1 1 1 1 1 1 1 1 1 1 1 1 1 1 1 1 1 1 1 1 1 1 1 1 1 1 1 1 1 1 1 1 1 1 1 1 1 1 1 1 1 1 1 1 1 1 1 1 1 1 1 1 1 1 1 1 1 1 1 1 1 1 1 1 1 1 1 1 1 1 1 1 1 1 1 1 1 1 1 1 1 1 1 1 1 1 1 1 1 1 1 1 1 1 1 1 1 1 1 1 1 1 1 1 1 1 1 1 1 1 1 1 1 1 1 1 1 1 1 1 1 1 1 1 1 100 1 100 1 100 1 100 1 100 1 100 1 100 1 1 16 15 10 12 16 15 16 16 1 15 10 12 16 16 15 10 12 16 15 10 100 12 1 1 1 1 1 1 1 1 1 1 1 1 1 1 1 1 1 1 1 1 1 1 1 1
staticfield java/lang/invoke/MethodHandleImpl ARRAYS [Ljava/lang/invoke/MethodHandle; 256 [Ljava/lang/invoke/MethodHandle;
staticfield java/lang/invoke/MethodHandleImpl NFS [Ljava/lang/invoke/LambdaForm$NamedFunction; 7 [Ljava/lang/invoke/LambdaForm$NamedFunction;
staticfield java/lang/invoke/MethodHandleImpl HANDLES [Ljava/lang/invoke/MethodHandle; 9 [Ljava/lang/invoke/MethodHandle;
staticfield java/lang/invoke/MethodHandleImpl $assertionsDisabled Z 1
instanceKlass java/lang/invoke/DelegatingMethodHandle
instanceKlass java/lang/invoke/BoundMethodHandle
instanceKlass java/lang/invoke/DirectMethodHandle
ciInstanceKlass java/lang/invoke/MethodHandle 1 1 735 100 1 9 7 12 1 1 1 10 7 12 1 1 1 10 7 12 1 1 1 7 1 7 1 10 12 1 1 9 12 1 1 10 12 1 10 12 1 1 10 12 1 1 10 100 12 1 1 1 10 12 1 1 10 12 1 1 11 100 12 1 1 1 10 12 1 1 10 12 1 10 12 1 9 12 1 1 9 12 1 1 10 100 12 1 1 1 10 12 1 10 12 1 1 10 12 1 10 12 1 100 1 100 1 10 8 1 10 12 1 1 10 12 1 8 1 10 12 1 1 10 12 1 10 7 12 1 1 1 10 12 1 1 10 12 1 1 10 12 1 1 10 7 12 1 1 1 10 12 1 1 10 12 1 1 10 12 1 10 12 1 1 10 100 12 1 1 10 7 12 1 1 10 12 1 10 12 1 10 12 1 1 10 12 1 1 10 12 1 1 10 12 1 1 10 7 12 1 1 1 10 100 12 1 1 1 10 12 1 1 10 12 1 1 10 12 1 1 8 1 10 7 12 1 1 1 8 1 10 12 1 10 12 1 1 10 12 1 1 10 12 1 8 1 10 12 1 1 8 1 10 12 1 8 1 10 100 12 1 1 1 9 12 1 1 100 1 10 9 100 12 1 1 1 9 100 1 8 1 10 12 1 1 10 12 1 10 12 1 1 10 12 1 10 12 1 1 10 12 1 10 12 1 1 10 12 1 10 12 1 1 10 12 1 1 8 1 10 12 1 1 8 1 10 12 1 10 12 1 1 10 12 1 10 12 1 10 12 1 1 9 100 12 1 1 1 10 12 1 1 11 12 1 10 12 1 10 12 1 1 10 100 12 1 1 100 1 11 12 1 10 100 1 11 12 1 100 1 10 12 1 11 12 1 9 100 12 1 1 1 11 12 1 1 11 100 12 1 1 1 10 12 1 1 9 12 1 11 12 1 9 12 1 9 12 1 9 12 1 11 12 1 1 9 12 1 9 12 1 9 12 1 9 12 1 9 12 1 9 12 1 9 12 1 8 1 10 12 1 10 12 1 8 1 10 12 1 10 12 1 10 12 1 1 10 10 10 7 12 1 1 10 12 1 1 100 1 100 1 8 1 8 1 10 10 12 1 1 10 12 1 10 12 1 100 1 10 100 12 1 1 1 10 9 7 12 1 1 1 10 12 1 1 10 12 1 1 8 1 8 1 10 100 12 1 1 9 12 1 9 12 1 1 9 12 1 1 10 12 1 7 1 10 12 1 10 12 1 1 9 12 1 1 9 12 1 1 10 7 12 1 1 1 11 7 12 1 1 9 12 1 10 12 1 1 9 12 1 10 12 1 8 10 12 1 1 8 1 1 1 1 1 1 1 1 100 1 1 1 1 1 1 1 1 1 1 1 1 1 1 1 1 1 1 1 1 1 1 1 1 1 1 1 1 1 1 1 1 100 1 1 1 1 1 1 1 1 1 1 1 1 1 1 1 1 1 1 1 1 1 1 1 1 1 1 1 1 1 1 1 1 1 1 1 1 1 1 1 1 1 1 1 1 1 1 1 1 1 1 1 1 1 1 1 1 1 1 1 1 1 1 1 1 1 1 1 1 1 1 1 1 1 1 1 1 1 1 1 1 1 1 1 1 1 1 1 100 1 1 100 1 100 1 100 1 1 100 1 1 100 1 1 1 1
staticfield java/lang/invoke/MethodHandle FORM_OFFSET J 20
staticfield java/lang/invoke/MethodHandle UPDATE_OFFSET J 13
staticfield java/lang/invoke/MethodHandle $assertionsDisabled Z 1
ciInstanceKlass java/lang/invoke/MethodType 1 1 714 7 1 10 7 12 1 1 1 9 12 1 1 9 12 1 1 9 12 1 1 10 7 12 1 1 1 9 7 12 1 1 8 1 10 100 12 1 1 1 9 7 1 9 7 1 10 12 1 1 100 1 10 8 1 10 12 1 1 10 12 1 10 12 1 1 100 1 8 1 10 12 1 100 1 10 10 12 1 10 12 1 1 10 12 1 1 11 7 12 1 1 1 9 12 1 11 12 1 1 7 10 12 1 1 10 12 1 1 7 1 7 1 10 7 12 1 1 1 10 12 1 10 12 1 9 12 1 1 10 7 12 1 1 10 12 1 1 10 7 12 1 1 1 10 7 12 1 1 1 10 12 1 9 12 1 1 10 12 1 1 10 12 1 1 10 12 1 1 10 12 1 1 10 12 1 1 10 12 1 10 12 1 10 12 1 1 10 12 1 8 1 8 1 10 12 1 1 9 12 1 1 100 1 10 10 12 1 1 10 12 1 10 12 1 1 10 12 1 1 10 12 1 10 12 1 10 12 1 8 1 10 12 1 1 10 100 12 1 1 1 10 12 1 10 12 1 1 10 12 1 10 12 1 10 12 1 1 10 12 1 10 12 1 9 12 1 10 12 1 10 10 12 1 1 10 12 1 9 12 1 1 10 12 1 1 11 12 1 1 10 12 1 1 10 12 1 10 12 1 100 1 8 1 8 1 8 1 10 12 1 10 12 1 10 12 1 1 10 10 12 1 11 12 1 1 11 12 1 10 100 12 1 1 1 9 12 1 10 12 1 10 12 1 1 10 12 1 1 10 12 1 10 12 1 10 100 12 1 1 1 10 12 1 1 10 12 1 10 12 1 10 12 1 10 9 12 1 1 7 1 10 12 1 10 100 12 1 1 1 10 12 1 1 10 7 12 1 1 1 11 12 1 1 9 12 1 1 10 12 1 1 10 12 1 10 12 1 1 10 12 1 1 10 100 12 1 1 10 12 1 10 12 100 1 11 100 12 1 1 10 12 1 11 12 1 10 100 12 1 1 10 12 1 1 10 12 1 1 9 12 1 1 9 100 12 1 1 1 10 100 12 1 1 1 9 12 1 10 100 12 1 1 10 12 1 100 10 12 1 10 12 1 1 10 12 1 7 1 10 10 12 1 1 7 1 7 1 9 12 1 1 100 1 100 1 100 1 1 1 5 0 1 1 1 1 1 1 1 3 1 3 1 3 1 1 1 1 1 1 1 1 1 1 1 1 1 1 1 1 1 1 1 1 1 1 1 1 1 1 1 1 1 1 1 1 1 1 1 1 1 1 1 1 1 1 1 1 1 1 1 1 1 1 1 1 1 1 1 1 1 1 1 1 1 1 1 1 1 1 1 1 1 1 1 1 1 1 1 1 1 1 1 1 1 1 1 1 1 1 1 1 1 1 1 1 1 1 1 1 1 1 1 1 1 1 1 1 1 1 1 1 1 1 1 1 1 1 1 1 1 1 1 1 1 1 1 1 1 1 1 100 1 1 100 1 100 1 1 1 1 1 1 1 1 1 1 1 1 1 100 1 1 1 1 100 1 1 1 100 1 1 1 1 1 1 1 1 1 1 1 1 1 1 1 1 1 1 100 1 1 100 1 1
staticfield java/lang/invoke/MethodType internTable Ljdk/internal/util/ReferencedKeySet; jdk/internal/util/ReferencedKeySet
staticfield java/lang/invoke/MethodType NO_PTYPES [Ljava/lang/Class; 0 [Ljava/lang/Class;
staticfield java/lang/invoke/MethodType objectOnlyTypes [Ljava/lang/invoke/MethodType; 20 [Ljava/lang/invoke/MethodType;
staticfield java/lang/invoke/MethodType METHOD_HANDLE_ARRAY [Ljava/lang/Class; 1 [Ljava/lang/Class;
staticfield java/lang/invoke/MethodType serialPersistentFields [Ljava/io/ObjectStreamField; 0 [Ljava/io/ObjectStreamField;
staticfield java/lang/invoke/MethodType $assertionsDisabled Z 1
ciInstanceKlass java/lang/invoke/TypeDescriptor$OfMethod 1 0 43 100 1 100 1 100 1 1 1 1 1 1 1 1 1 1 1 1 1 1 1 1 1 1 1 1 1 1 1 1 1 1 1 1 1 1 1 1 1 1 100 1 1
instanceKlass java/lang/StackStreamFactory$WalkerState
instanceKlass java/lang/StackWalker$ExtendedOption
instanceKlass jdk/internal/net/http/websocket/TransportImpl$ChannelState
instanceKlass jdk/internal/net/http/websocket/WebSocketImpl$State
instanceKlass org/openqa/selenium/Proxy$ProxyType
instanceKlass jdk/internal/icu/util/CodePointTrie$Type
instanceKlass jdk/internal/icu/util/CodePointTrie$ValueWidth
instanceKlass java/net/Authenticator$RequestorType
instanceKlass jdk/internal/net/http/Http1HeaderParser$State
instanceKlass jdk/internal/net/http/Http1Response$State
instanceKlass jdk/internal/net/http/Http1Exchange$State
instanceKlass java/net/http/HttpOption$Http3DiscoveryMode
instanceKlass org/openqa/selenium/remote/http/HttpHeader
instanceKlass org/openqa/selenium/remote/Dialect
instanceKlass org/openqa/selenium/logging/profiler/EventType
instanceKlass sun/net/www/protocol/http/HttpURLConnection$TunnelState
instanceKlass org/openqa/selenium/remote/service/DriverService$StartOrDie
instanceKlass org/openqa/selenium/remote/RemoteWebDriver$When
instanceKlass org/openqa/selenium/remote/ElementLocation$ElementFinder
instanceKlass jdk/internal/net/http/quic/packets/QuicPacket$PacketType
instanceKlass jdk/internal/net/quic/QuicTLSEngine$HandshakeState
instanceKlass jdk/internal/net/quic/QuicTLSEngine$KeySpace
instanceKlass jdk/internal/net/http/quic/QuicTransportParameters$ParameterId
instanceKlass jdk/internal/net/http/http3/Http3Error
instanceKlass jdk/internal/net/quic/QuicVersion
instanceKlass sun/security/ssl/SignatureScheme$SigAlgParamSpec
instanceKlass sun/security/ssl/SignatureScheme
instanceKlass sun/security/ssl/ClientAuthType
instanceKlass sun/security/ssl/SSLHandshake
instanceKlass java/lang/invoke/MethodHandles$Lookup$ClassOption
instanceKlass sun/security/rsa/RSAUtil$KeyType
instanceKlass sun/security/ssl/NamedGroup
instanceKlass sun/security/ssl/NamedGroup$NamedGroupSpec
instanceKlass sun/security/ssl/CipherSuite$KeyExchange
instanceKlass sun/security/ssl/CipherSuite$MacAlg
instanceKlass sun/security/ssl/CipherSuite$HashAlg
instanceKlass sun/security/ssl/CipherType
instanceKlass sun/security/ssl/SSLCipher
instanceKlass sun/security/ssl/CipherSuite
instanceKlass sun/security/ssl/SSLScope
instanceKlass sun/security/util/DisabledAlgorithmConstraints$Constraint$Operator
instanceKlass sun/security/ssl/ProtocolVersion
instanceKlass java/security/CryptoPrimitive
instanceKlass java/net/http/HttpClient$Version
instanceKlass java/lang/invoke/MethodHandleImpl$ArrayAccess
instanceKlass jdk/internal/net/http/common/Utils$UseVTForSelector
instanceKlass java/net/http/HttpClient$Redirect
instanceKlass org/openqa/selenium/remote/http/HttpMethod
instanceKlass java/math/RoundingMode
instanceKlass org/openqa/selenium/json/JsonInput$Container
instanceKlass org/openqa/selenium/json/JsonType
instanceKlass org/openqa/selenium/json/PropertySetting
instanceKlass java/nio/file/AccessMode
instanceKlass org/openqa/selenium/Platform
instanceKlass org/junit/jupiter/api/Timeout$ThreadMode
instanceKlass org/junit/platform/commons/util/ClassNamePatternFilterUtils$FilterType
instanceKlass org/junit/jupiter/engine/extension/TempDirectory$Scope
instanceKlass org/junit/jupiter/api/parallel/ResourceLockTarget
instanceKlass org/junit/platform/engine/support/hierarchical/ExclusiveResource$LockMode
instanceKlass com/intellij/junit5/report/AbstractTestReporter$ReportedField
instanceKlass org/junit/platform/launcher/core/IterationOrder
instanceKlass org/junit/platform/engine/DiscoveryIssue$Severity
instanceKlass org/junit/platform/launcher/EngineDiscoveryResult$Status
instanceKlass org/junit/platform/engine/support/hierarchical/Node$ExecutionMode
instanceKlass org/junit/platform/commons/util/ReflectionUtils$CycleErrorHandling
instanceKlass org/junit/platform/engine/SelectorResolutionResult$Status
instanceKlass org/junit/platform/commons/support/HierarchyTraversalMode
instanceKlass org/junit/platform/commons/util/ReflectionUtils$HierarchyTraversalMode
instanceKlass java/time/temporal/ChronoUnit
instanceKlass java/time/temporal/ChronoField
instanceKlass org/apiguardian/api/API$Status
instanceKlass sun/util/locale/provider/LocaleProviderAdapter$Type
instanceKlass org/junit/platform/engine/support/discovery/SelectorResolver$Match$Type
instanceKlass java/util/Comparators$NaturalOrderComparator
instanceKlass java/security/DrbgParameters$Capability
instanceKlass sun/security/util/KnownOIDs
instanceKlass java/lang/StackWalker$Option
instanceKlass java/io/ObjectInputFilter$Status
instanceKlass com/sun/management/VMOption$Origin
instanceKlass com/sun/management/HotSpotDiagnosticMXBean$ThreadDumpFormat
instanceKlass org/junit/jupiter/api/extension/TestInstantiationAwareExtension$ExtensionContextScope
instanceKlass org/junit/jupiter/api/parallel/ExecutionMode
instanceKlass org/junit/jupiter/api/io/CleanupMode
instanceKlass org/junit/jupiter/api/TestInstance$Lifecycle
instanceKlass org/junit/platform/launcher/core/LauncherPhase
instanceKlass java/lang/management/MemoryType
instanceKlass org/junit/platform/launcher/listeners/discovery/LauncherDiscoveryListeners$LauncherDiscoveryListenerType
instanceKlass java/lang/annotation/RetentionPolicy
instanceKlass java/util/stream/MatchOps$MatchKind
instanceKlass java/lang/annotation/ElementType
instanceKlass java/lang/classfile/attribute/StackMapFrameInfo$SimpleVerificationTypeInfo
instanceKlass java/lang/reflect/ProxyGenerator$PrimitiveTypeInfo
instanceKlass java/lang/classfile/ClassFile$StackMapsOption
instanceKlass sun/util/logging/PlatformLogger$Level
instanceKlass java/lang/System$Logger$Level
instanceKlass org/junit/platform/engine/TestDescriptor$Type
instanceKlass java/util/regex/Pattern$Qtype
instanceKlass java/net/Proxy$Type
instanceKlass java/net/StandardProtocolFamily
instanceKlass java/util/Locale$Category
instanceKlass jdk/internal/util/OperatingSystem
instanceKlass java/security/Security$SecPropLoader$LoadingMode
instanceKlass com/intellij/rt/junit/JUnitStarter$JUnitRunner
instanceKlass jdk/internal/logger/BootstrapLogger$LoggingBackend
instanceKlass java/nio/file/LinkOption
instanceKlass sun/nio/fs/WindowsPathType
instanceKlass java/nio/file/StandardOpenOption
instanceKlass java/util/concurrent/TimeUnit
instanceKlass jdk/internal/vm/Continuation$Pinned
instanceKlass java/util/stream/Collector$Characteristics
instanceKlass java/util/stream/StreamShape
instanceKlass java/lang/classfile/Opcode$Kind
instanceKlass java/lang/classfile/Opcode
instanceKlass java/lang/invoke/VarHandle$AccessType
instanceKlass java/lang/invoke/VarHandle$AccessMode
instanceKlass java/lang/invoke/MethodHandleImpl$Intrinsic
instanceKlass java/lang/classfile/AttributeMapper$AttributeStability
instanceKlass jdk/internal/classfile/impl/AbstractPoolEntry$Utf8EntryImpl$State
instanceKlass java/lang/classfile/TypeKind
instanceKlass java/lang/invoke/LambdaForm$BasicType
instanceKlass java/lang/invoke/LambdaForm$Kind
instanceKlass java/lang/constant/DirectMethodHandleDesc$Kind
instanceKlass sun/invoke/util/Wrapper
instanceKlass java/util/stream/StreamOpFlag$Type
instanceKlass java/util/stream/StreamOpFlag
instanceKlass java/lang/reflect/AccessFlag$Location
instanceKlass java/lang/reflect/AccessFlag
instanceKlass java/lang/module/ModuleDescriptor$Modifier
instanceKlass java/io/File$PathStatus
instanceKlass jdk/internal/module/ModuleBootstrap$IllegalFinalFieldMutation
instanceKlass jdk/internal/module/ModuleBootstrap$IllegalNativeAccess
instanceKlass java/lang/reflect/ClassFileFormatVersion
instanceKlass java/lang/Thread$State
instanceKlass java/nio/ByteOrder
instanceKlass java/lang/module/ModuleDescriptor$Requires$Modifier
ciInstanceKlass java/lang/Enum 1 1 204 9 7 12 1 1 1 9 12 1 1 10 7 12 1 1 1 9 12 1 10 7 12 1 1 1 100 1 10 10 12 1 1 10 12 1 100 1 10 10 7 12 1 1 10 12 1 1 18 12 1 1 10 100 12 1 1 1 10 12 1 1 11 7 12 1 1 1 100 1 8 1 10 12 1 100 1 100 1 10 8 1 10 12 1 1 10 12 1 1 8 1 10 12 1 10 100 1 8 1 10 10 12 1 1 10 100 12 1 1 1 100 1 100 1 100 1 1 1 1 1 1 1 1 1 1 1 1 1 1 1 1 1 1 1 1 1 1 1 1 1 1 1 1 1 1 1 1 1 1 1 1 1 1 1 1 1 1 1 1 1 1 1 3 1 1 1 1 100 1 100 1 1 100 1 1 1 1 1 1 1 1 1 1 1 16 15 10 12 16 15 10 100 12 1 1 1 1 1 100 1 100 1 1
ciInstanceKlass java/lang/invoke/LambdaForm 1 1 1031 7 1 100 1 10 7 12 1 1 1 9 12 1 1 9 12 1 9 12 1 9 12 1 1 9 12 1 1 9 12 1 1 9 12 1 1 9 12 1 1 9 12 1 10 7 12 1 1 9 12 1 10 12 1 1 100 1 10 10 12 1 1 10 12 1 10 12 1 10 12 1 1 10 12 1 9 12 1 9 12 1 10 12 1 1 9 7 12 1 1 1 9 7 12 1 1 9 12 1 1 10 12 1 9 12 1 10 100 12 1 1 1 10 12 1 1 100 1 10 12 1 1 9 7 12 1 1 1 10 100 12 1 1 1 10 12 1 10 12 1 1 7 1 10 12 1 10 12 1 10 12 1 1 10 12 1 1 10 12 1 10 12 1 10 12 1 10 12 1 10 12 1 1 8 1 10 12 1 10 12 1 10 10 12 1 8 1 8 1 9 12 1 9 12 1 1 10 12 1 1 9 12 1 1 10 7 12 1 1 1 10 12 1 1 10 12 1 10 12 1 1 10 12 1 7 1 10 12 1 10 100 12 1 1 1 9 12 1 10 12 1 8 1 8 1 8 1 8 1 8 1 8 1 8 1 8 1 10 12 1 9 12 1 7 1 10 12 1 1 9 12 1 1 10 12 1 1 10 12 1 1 10 12 10 12 1 10 12 1 1 10 12 1 1 10 12 1 1 10 10 12 1 1 10 12 1 1 7 1 8 1 10 12 1 1 10 12 1 10 12 1 1 10 8 1 10 12 1 1 8 1 8 1 8 1 10 12 1 10 12 1 10 12 1 1 10 100 12 1 1 1 10 7 12 1 1 1 10 12 1 1 9 12 1 1 8 1 10 100 12 1 1 1 10 7 12 1 1 10 12 1 10 12 1 1 10 12 1 1 9 12 1 8 10 12 1 1 100 1 10 12 1 1 10 12 1 9 7 12 1 1 9 100 12 1 1 1 8 1 10 100 12 1 1 10 12 1 1 100 1 100 1 10 10 12 1 1 10 12 1 1 8 1 8 1 100 1 8 1 10 12 10 12 1 10 12 1 10 12 1 10 12 1 1 9 100 12 1 1 10 12 1 8 1 8 1 10 12 1 10 12 1 1 8 1 8 1 8 1 100 1 8 1 100 1 8 1 100 1 8 1 10 12 1 8 1 9 10 100 12 1 1 1 10 12 1 9 12 1 1 10 12 1 10 10 12 1 10 12 1 10 12 1 10 12 1 1 10 12 1 10 12 1 1 10 12 1 1 10 12 1 1 10 12 1 1 8 1 100 10 12 1 10 12 1 9 12 1 1 10 7 12 1 1 8 1 8 1 100 1 8 1 8 1 8 1 8 1 8 1 8 1 8 1 8 1 10 12 1 1 10 12 1 1 10 12 1 10 12 1 10 12 1 10 12 1 8 1 8 1 8 1 10 12 1 8 1 10 12 1 8 1 8 1 8 1 8 1 8 1 10 12 1 10 12 1 10 12 1 1 10 7 12 1 1 1 10 12 1 10 12 1 10 12 1 10 12 1 10 12 1 9 12 1 1 8 1 10 12 1 1 9 12 1 9 12 1 1 10 12 1 1 9 12 1 1 9 12 1 10 12 1 1 9 12 1 1 7 1 10 7 12 1 1 1 9 7 12 1 1 1 10 7 12 1 1 1 10 12 1 1 10 12 1 1 10 12 1 9 12 1 10 12 1 9 12 1 10 12 1 10 12 1 8 1 10 12 1 9 12 1 1 7 1 10 7 12 1 1 1 100 1 10 12 1 9 12 1 10 12 1 10 12 1 10 12 1 1 10 12 1 9 7 12 1 1 10 12 1 1 10 12 1 10 12 1 9 12 1 9 9 12 1 7 9 12 1 1 10 12 1 1 9 12 1 10 12 1 10 7 1 9 1 1 1 1 3 1 3 1 1 3 1 3 1 1 1 1 1 1 1 1 1 1 1 1 1 1 1 1 1 1 1 1 1 1 1 1 1 1 1 1 1 1 1 1 1 1 1 1 1 1 1 1 1 1 1 1 1 100 1 1 1 1 1 1 1 1 1 1 1 1 1 1 1 1 1 1 1 1 1 1 1 1 1 1 1 1 1 1 1 1 1 1 1 1 1 1 1 1 1 1 1 1 1 1 1 1 1 1 1 1 1 1 1 1 1 1 1 1 1 1 1 1 1 1 1 100 1 1 1 1 1 1 1 1 1 1 1 1 1 1 1 1 1 1 1 1 1 1 1 1 1 1 1 1 1 1 1 1 1 1 1 1 100 1 1 1 1 1 1 1 1 1 1 1 1 1 1 100 1 1 1 1 100 1 1 100 1 1 1 1 1 1 1 1 1 1 1 1
staticfield java/lang/invoke/LambdaForm DEFAULT_CUSTOMIZED Ljava/lang/invoke/MethodHandle; 
staticfield java/lang/invoke/LambdaForm DEFAULT_KIND Ljava/lang/invoke/LambdaForm$Kind; java/lang/invoke/LambdaForm$Kind
staticfield java/lang/invoke/LambdaForm COMPILE_THRESHOLD I 0
staticfield java/lang/invoke/LambdaForm INTERNED_ARGUMENTS [[Ljava/lang/invoke/LambdaForm$Name; 5 [[Ljava/lang/invoke/LambdaForm$Name;
staticfield java/lang/invoke/LambdaForm IMPL_NAMES Ljava/lang/invoke/MemberName$Factory; java/lang/invoke/MemberName$Factory
staticfield java/lang/invoke/LambdaForm LF_identity [Ljava/lang/invoke/LambdaForm; 6 [Ljava/lang/invoke/LambdaForm;
staticfield java/lang/invoke/LambdaForm NF_identity [Ljava/lang/invoke/LambdaForm$NamedFunction; 6 [Ljava/lang/invoke/LambdaForm$NamedFunction;
staticfield java/lang/invoke/LambdaForm LF_constant [Ljava/lang/invoke/LambdaForm; 5 [Ljava/lang/invoke/LambdaForm;
staticfield java/lang/invoke/LambdaForm createIdentityFormLock Ljava/lang/Object; java/lang/Object
staticfield java/lang/invoke/LambdaForm DEBUG_NAME_COUNTERS Ljava/util/HashMap; 
staticfield java/lang/invoke/LambdaForm DEBUG_NAMES Ljava/util/HashMap; 
staticfield java/lang/invoke/LambdaForm TRACE_INTERPRETER Z 0
staticfield java/lang/invoke/LambdaForm $assertionsDisabled Z 1
instanceKlass jdk/internal/reflect/DirectMethodHandleAccessor
ciInstanceKlass jdk/internal/reflect/MethodAccessorImpl 1 1 38 10 7 12 1 1 1 10 100 12 1 1 1 100 1 1 1 1 1 1 1 100 1 100 1 1 1 1 1 1 1 1 1 1 1 1 1 1
ciInstanceKlass jdk/internal/reflect/MethodAccessor 1 0 17 100 1 100 1 1 1 1 100 1 100 1 1 1 1 1 1
ciInstanceKlass jdk/internal/reflect/CallerSensitive 0 0 17 100 1 100 1 100 1 1 1 1 1 1 1 1 1 1 1
ciInstanceKlass jdk/internal/reflect/DirectConstructorHandleAccessor$NativeAccessor 1 1 44 10 7 12 1 1 1 9 7 12 1 1 1 10 12 1 1 1 1 1 1 1 1 1 1 1 1 1 1 1 1 1 100 1 100 1 1 1 1 1 100 1 1 1
ciInstanceKlass jdk/internal/reflect/ConstructorAccessor 1 0 16 100 1 100 1 1 1 1 100 1 100 1 100 1 1 1
instanceKlass jdk/internal/reflect/DirectConstructorHandleAccessor
instanceKlass jdk/internal/reflect/DirectConstructorHandleAccessor$NativeAccessor
ciInstanceKlass jdk/internal/reflect/ConstructorAccessorImpl 1 1 27 10 7 12 1 1 1 100 1 100 1 1 1 1 1 1 1 1 1 100 1 100 1 100 1 1 1
ciInstanceKlass jdk/internal/reflect/ConstantPool 1 1 113 10 100 12 1 1 1 10 7 12 1 1 1 10 12 1 1 10 12 1 10 12 1 1 10 12 1 1 10 12 1 10 12 1 1 10 12 1 10 12 1 1 10 12 1 10 12 1 10 12 1 10 12 1 1 10 12 1 1 10 12 1 1 10 12 1 1 10 12 1 10 12 1 1 10 100 12 1 1 1 1 1 1 1 1 1 1 1 1 1 1 1 1 1 1 1 1 1 1 1 1 1 1 1 1 1 1 1 1 1 1 1 1
instanceKlass java/lang/invoke/VolatileCallSite
instanceKlass java/lang/invoke/MutableCallSite
instanceKlass java/lang/invoke/ConstantCallSite
ciInstanceKlass java/lang/invoke/CallSite 1 1 297 10 7 12 1 1 1 10 7 12 1 1 1 9 12 1 1 10 7 12 1 1 1 10 12 1 100 1 10 12 1 1 10 12 1 1 9 100 12 1 1 1 10 100 12 1 1 10 12 1 1 100 1 100 1 10 10 100 12 1 1 1 10 12 1 1 8 1 10 12 1 10 12 1 1 10 12 1 10 12 1 1 10 12 1 1 10 10 100 12 1 1 10 12 1 1 9 12 1 9 100 12 1 1 1 8 1 10 7 12 1 1 1 10 12 1 1 100 1 10 12 1 1 9 12 1 8 1 100 1 10 12 1 10 12 1 100 1 8 1 10 10 12 1 10 12 1 1 100 1 10 12 1 1 10 12 1 10 12 1 10 12 1 1 10 12 1 1 9 12 1 1 8 10 12 1 1 9 12 1 1 100 1 10 10 12 1 10 100 12 1 1 1 10 12 1 1 10 12 1 1 10 12 1 10 7 12 1 1 1 100 1 8 1 10 10 12 10 12 1 1 100 1 100 1 100 1 8 1 10 12 1 10 7 12 1 1 1 1 1 1 1 1 1 1 1 1 1 1 1 1 1 1 1 1 1 1 1 1 1 1 1 1 1 1 1 1 1 1 1 1 1 1 1 1 1 1 1 1 1 1 1 1 1 1 1 1 1 1 1 1 100 1 100 1 1 1
staticfield java/lang/invoke/CallSite $assertionsDisabled Z 1
ciInstanceKlass java/lang/invoke/ConstantCallSite 1 1 65 10 7 12 1 1 1 9 7 12 1 1 1 9 12 1 1 10 7 12 1 1 1 10 12 1 100 1 10 12 9 12 1 1 100 1 10 10 12 1 1 10 12 1 1 1 1 1 1 1 1 1 1 1 1 1 100 1 1 1 1 1 1 1 1
staticfield java/lang/invoke/ConstantCallSite UNSAFE Ljdk/internal/misc/Unsafe; jdk/internal/misc/Unsafe
instanceKlass java/lang/invoke/DirectMethodHandle$Special
instanceKlass java/lang/invoke/DirectMethodHandle$StaticAccessor
instanceKlass java/lang/invoke/DirectMethodHandle$Interface
instanceKlass java/lang/invoke/DirectMethodHandle$Constructor
instanceKlass java/lang/invoke/DirectMethodHandle$Accessor
ciInstanceKlass java/lang/invoke/DirectMethodHandle 1 1 930 7 1 100 1 7 1 7 1 10 7 12 1 1 1 10 7 12 1 1 1 100 1 10 12 1 10 12 1 1 10 7 12 1 1 10 12 1 1 10 12 1 10 12 1 7 1 10 12 1 1 10 12 1 1 10 12 1 10 12 1 1 10 7 12 1 1 1 10 12 1 9 7 12 1 1 1 100 1 10 9 12 1 1 9 12 1 10 12 1 10 12 1 10 12 1 1 10 12 1 10 12 1 10 12 1 10 7 12 1 1 1 10 12 1 10 12 1 1 8 1 10 12 1 1 7 1 10 12 1 7 1 10 10 12 1 10 12 1 10 12 1 10 7 12 1 1 1 10 12 1 1 7 1 10 12 1 10 12 1 7 1 10 12 1 10 12 1 1 10 12 1 1 10 12 8 10 7 12 1 1 1 10 12 1 10 12 1 10 12 1 1 10 12 1 9 7 12 1 1 1 7 1 10 12 1 10 7 12 1 1 1 10 12 1 10 12 1 1 9 12 1 1 7 1 10 8 1 10 12 1 1 10 12 1 1 8 1 10 12 1 10 12 1 10 10 12 1 10 12 1 10 12 1 10 12 1 10 12 1 1 10 12 1 10 12 1 10 12 1 1 10 10 7 12 1 1 1 10 12 1 10 12 1 1 10 12 1 10 12 1 1 8 1 9 7 12 1 1 1 8 1 9 12 1 9 12 1 8 1 9 12 1 9 12 1 8 1 9 12 1 9 12 1 8 1 10 12 1 10 12 1 1 10 7 12 1 1 1 10 12 1 10 12 1 1 9 12 1 1 7 1 10 12 1 1 100 1 10 7 12 1 1 1 10 12 1 1 10 12 1 1 7 1 10 12 1 1 10 12 1 10 12 1 1 7 1 10 12 1 1 10 12 1 10 12 1 10 12 1 1 10 12 1 9 12 1 1 10 7 1 9 12 1 10 12 1 7 1 7 1 7 1 10 7 12 1 1 1 9 12 1 1 10 7 12 1 1 1 10 7 12 1 1 10 12 10 12 1 7 1 10 12 1 10 12 1 1 8 1 9 12 1 9 12 1 10 12 1 1 9 12 1 1 10 100 12 1 1 1 9 12 1 1 9 12 1 1 10 12 1 10 12 1 10 12 1 10 12 1 1 10 12 1 9 12 1 9 12 1 10 12 1 10 12 1 10 12 1 10 12 1 1 10 12 1 1 9 12 1 1 10 12 1 1 9 7 12 1 1 1 9 12 1 9 12 1 9 12 1 9 12 1 9 12 1 9 12 1 9 12 1 9 12 1 9 12 1 9 12 1 9 12 1 9 12 1 9 12 1 9 12 1 9 12 1 9 12 1 9 12 1 9 12 1 9 12 1 9 12 1 9 12 1 9 12 1 9 12 1 9 12 1 100 1 10 12 1 8 1 8 1 8 1 8 1 8 1 8 1 8 1 8 1 8 1 10 12 1 10 12 1 8 1 8 1 8 1 9 12 1 1 9 12 1 1 10 12 1 10 12 1 1 10 12 1 1 9 7 1 10 12 1 10 12 10 12 1 10 12 1 10 12 1 10 8 1 8 1 8 1 8 1 10 12 1 1 9 12 1 1 10 12 1 10 100 12 1 1 1 8 9 12 1 1 10 12 1 1 8 1 8 8 9 12 1 8 1 8 8 8 8 8 1 8 10 12 1 7 1 10 12 1 8 1 8 1 10 12 1 10 12 1 10 12 1 9 12 1 10 12 1 1 7 1 1 1 1 3 1 3 1 3 1 3 1 3 1 3 1 3 1 3 1 1 1 1 1 1 1 1 1 1 3 1 3 1 3 1 1 3 1 3 1 1 1 1 1 1 1 1 1 1 1 1 1 1 1 1 1 1 1 1 1 1 1 1 1 1 1 1 1 1 1 1 1 1 1 1 1 1 1 1 1 1 1 1 1 1 1 1 1 1 1 1 1 1 1 1 1 1 1 1 1 1 100 1 1 1 1 1 1 1 1 1 100 1 1 1 1 1 1 1 1 1 1 1 1 1 1 1 1 1 1 1 1 1 1 1 1 1 1 1 1 1 1 1 1 1 1 1 1 1 1 1 1 1 1 1 1 1 1 1 1 1 1 1 1 1 1
staticfield java/lang/invoke/DirectMethodHandle IMPL_NAMES Ljava/lang/invoke/MemberName$Factory; java/lang/invoke/MemberName$Factory
staticfield java/lang/invoke/DirectMethodHandle FT_UNCHECKED_REF I 8
staticfield java/lang/invoke/DirectMethodHandle FT_CHECKED_REF I 9
staticfield java/lang/invoke/DirectMethodHandle ACCESSOR_FORMS [Ljava/lang/invoke/LambdaForm; 120 [Ljava/lang/invoke/LambdaForm;
staticfield java/lang/invoke/DirectMethodHandle ALL_WRAPPERS [Lsun/invoke/util/Wrapper; 10 [Lsun/invoke/util/Wrapper;
staticfield java/lang/invoke/DirectMethodHandle NFS [Ljava/lang/invoke/LambdaForm$NamedFunction; 12 [Ljava/lang/invoke/LambdaForm$NamedFunction;
staticfield java/lang/invoke/DirectMethodHandle OBJ_OBJ_TYPE Ljava/lang/invoke/MethodType; java/lang/invoke/MethodType
staticfield java/lang/invoke/DirectMethodHandle LONG_OBJ_TYPE Ljava/lang/invoke/MethodType; java/lang/invoke/MethodType
staticfield java/lang/invoke/DirectMethodHandle $assertionsDisabled Z 1
ciInstanceKlass java/lang/invoke/MutableCallSite 0 0 61 10 100 12 1 1 1 10 12 1 9 100 12 1 1 1 10 12 1 10 12 1 1 9 100 12 1 1 1 10 100 12 1 1 1 10 100 12 1 1 1 1 1 1 1 1 1 1 1 1 1 1 1 1 1 1 1 1 100 1 1
ciInstanceKlass java/lang/invoke/VolatileCallSite 0 0 37 10 100 12 1 1 1 10 12 1 10 100 12 1 1 1 10 12 1 10 12 1 1 1 1 1 1 1 1 1 1 1 1 1 1 1 1
instanceKlass java/lang/invoke/VarHandleBytes$FieldInstanceReadOnly
instanceKlass java/lang/invoke/LazyInitializingVarHandle
instanceKlass java/lang/invoke/VarHandleReferences$FieldStaticReadOnly
instanceKlass java/lang/invoke/VarHandleReferences$Array
instanceKlass java/lang/invoke/VarHandleByteArrayAsDoubles$ByteArrayViewVarHandle
instanceKlass java/lang/invoke/VarHandleByteArrayAsLongs$ByteArrayViewVarHandle
instanceKlass java/lang/invoke/VarHandleByteArrayAsFloats$ByteArrayViewVarHandle
instanceKlass java/lang/invoke/VarHandleByteArrayAsInts$ByteArrayViewVarHandle
instanceKlass java/lang/invoke/VarHandleByteArrayAsChars$ByteArrayViewVarHandle
instanceKlass java/lang/invoke/VarHandleByteArrayAsShorts$ByteArrayViewVarHandle
instanceKlass java/lang/invoke/VarHandleLongs$FieldInstanceReadOnly
instanceKlass java/lang/invoke/VarHandleInts$FieldInstanceReadOnly
instanceKlass java/lang/invoke/VarHandleReferences$FieldInstanceReadOnly
instanceKlass java/lang/invoke/VarHandleBooleans$FieldInstanceReadOnly
ciInstanceKlass java/lang/invoke/VarHandle 1 1 474 10 7 12 1 1 1 10 7 12 1 1 9 12 1 1 9 12 1 1 10 12 1 1 8 1 10 12 1 1 10 7 12 1 1 1 10 12 1 1 10 100 12 1 1 1 9 100 12 1 1 1 10 12 1 1 10 7 12 1 1 1 10 12 1 1 9 12 1 10 12 1 9 12 1 1 10 7 12 1 1 10 12 1 9 7 12 1 1 1 9 12 1 1 10 12 1 1 100 1 100 1 10 8 1 10 12 1 1 10 12 1 8 1 10 12 1 10 12 1 9 12 1 1 9 12 1 10 12 1 10 12 1 1 10 12 1 10 10 100 12 1 1 1 10 12 1 1 10 12 1 1 10 100 12 1 1 1 10 100 12 1 1 1 10 100 12 1 1 1 9 12 1 1 9 10 12 1 10 12 1 1 10 12 1 1 10 12 1 10 100 12 1 1 1 9 12 1 1 10 12 1 1 9 12 1 10 12 1 10 12 1 10 100 12 1 1 100 1 10 9 7 12 1 1 1 9 12 1 1 10 7 12 1 1 1 10 12 1 10 12 1 10 12 1 10 12 1 10 12 1 10 12 1 1 8 10 12 1 1 7 1 10 12 1 1 100 1 1 1 1 1 1 1 1 1 1 1 1 1 1 1 1 1 1 1 1 1 1 1 1 1 1 1 1 1 1 1 1 1 1 1 1 1 1 1 1 1 1 1 1 1 1 1 1 1 1 1 1 1 1 1 1 1 1 1 1 1 1 1 1 1 100 1 1 1 1 1 1 1 1 100 1 1 1 1 1 1 1 1 1 1 1 1 100 1 100 1 1 100 1 100 1 100 1 100 1 100 1 100 1 100 1 100 1 100 1 100 1 100 1 100 1 100 1 100 1 100 1 100 1 100 1 100 1 100 1 100 1 100 1 100 1 100 1 100 1 100 1 100 1 100 1 100 1 100 1 100 1 100 1 100 1 100 1 100 1 100 1 100 1 1 1 1 1 1 100 1 1 1 100 1 1 100 1 100 1 100 1 100 1 100 1 100 1 1 1 1 100 1 100 1 100 1 100 1 100 1 100 1 100 1 100 1
staticfield java/lang/invoke/VarHandle VFORM_OFFSET J 16
staticfield java/lang/invoke/VarHandle $assertionsDisabled Z 1
ciInstanceKlass java/lang/invoke/MemberName 1 1 730 7 1 7 1 100 1 9 12 1 1 10 7 12 1 1 1 9 12 1 1 10 12 1 1 10 12 1 1 10 12 1 1 10 12 1 10 12 1 1 10 7 12 1 1 1 10 12 1 9 7 12 1 1 10 12 1 100 1 100 1 10 12 1 8 1 10 12 1 1 10 12 1 10 12 1 1 10 12 1 9 12 1 1 8 1 10 100 12 1 1 1 7 1 10 10 12 1 1 100 1 100 1 10 12 1 9 12 1 1 100 1 8 1 10 12 1 10 12 1 10 12 1 10 12 1 10 12 1 1 10 12 1 10 12 1 10 12 1 1 8 1 8 1 10 12 1 8 1 9 12 1 1 3 10 12 1 10 12 1 10 12 1 10 10 7 12 1 1 1 10 12 1 10 12 1 10 12 1 10 12 1 7 1 8 10 12 1 1 10 12 1 1 8 1 9 100 1 8 9 100 1 10 12 1 1 10 12 1 10 12 1 8 1 10 12 1 1 10 12 1 10 12 1 10 12 1 10 12 1 1 100 1 10 12 1 1 10 12 1 8 1 10 12 1 10 12 1 8 1 10 12 1 1 10 12 1 1 100 1 10 12 1 1 10 12 8 1 8 1 100 1 10 12 1 10 100 12 1 1 1 100 1 10 12 10 12 1 10 12 1 10 12 1 10 12 1 10 10 12 1 10 12 1 10 12 1 3 10 12 1 3 10 12 1 3 3 3 3 3 3 10 12 1 3 9 12 1 10 12 1 1 3 10 12 1 10 10 7 12 1 1 1 10 12 1 1 10 7 12 1 1 10 10 12 1 10 12 1 1 10 12 1 10 10 12 1 1 10 12 1 10 12 1 10 12 1 100 1 10 10 10 12 100 1 10 10 10 12 1 1 10 12 1 1 10 10 12 1 8 10 7 1 10 12 1 10 7 1 10 12 1 10 12 1 10 12 1 10 10 12 1 10 12 1 1 10 12 1 1 10 12 1 10 12 1 10 12 1 100 1 10 12 1 1 100 1 8 1 10 7 1 10 12 1 10 12 10 12 1 1 10 12 1 10 12 1 8 1 8 1 8 1 8 1 10 12 1 10 12 1 10 7 12 1 1 1 8 1 8 1 10 12 1 8 1 10 10 10 12 1 10 12 1 8 1 8 1 10 10 12 1 8 1 10 100 12 1 1 1 8 1 100 1 10 12 1 10 12 1 1 10 12 1 8 1 8 1 8 1 8 1 100 1 10 8 1 8 1 8 1 8 1 10 12 1 100 1 100 1 100 1 10 100 1 10 100 1 10 100 12 1 1 1 9 7 12 1 1 1 100 1 100 1 1 1 1 1 1 1 3 1 3 1 3 1 3 1 3 1 3 1 1 1 1 1 1 1 1 3 1 3 1 1 1 1 1 1 1 1 1 1 1 1 1 1 1 1 1 1 1 1 1 1 1 1 100 1 1 1 1 1 1 1 1 1 1 1 1 1 1 1 1 1 1 1 1 1 1 1 1 1 1 1 1 1 1 1 1 1 1 1 1 1 1 1 1 1 1 1 1 1 1 1 1 1 1 1 1 1 1 1 1 1 1 1 1 1 1 1 1 1 1 1 1 1 1 1 1 1 1 1 1 100 1 1 1 1 1 1 1 1 1 1 1 1 1 1 1 1
staticfield java/lang/invoke/MemberName $assertionsDisabled Z 1
ciInstanceKlass java/lang/invoke/ResolvedMethodName 1 1 25 10 100 12 1 1 1 9 7 12 1 1 1 1 1 1 1 1 1 1 1 1 1 1 1
ciInstanceKlass java/lang/invoke/MethodHandleNatives 1 1 689 100 1 10 7 12 1 1 1 9 7 12 1 1 1 10 12 1 1 100 1 10 10 12 1 1 10 12 1 10 12 1 8 1 8 1 8 1 8 1 8 1 8 1 8 1 8 1 8 1 8 1 10 12 1 1 7 1 10 7 12 1 1 1 10 100 12 1 1 1 7 1 10 10 12 1 1 8 1 10 12 1 8 1 10 12 1 1 8 1 10 12 1 1 9 100 12 1 1 1 8 1 10 100 12 1 1 1 100 1 10 12 100 1 100 1 8 1 7 1 10 10 12 1 7 1 9 7 12 1 1 10 12 1 1 10 12 1 10 7 12 1 1 1 10 12 1 1 9 12 1 8 1 10 12 1 1 10 12 1 8 1 10 12 1 1 7 1 10 12 1 10 7 12 1 1 1 10 12 1 10 12 1 1 10 12 1 1 8 1 10 12 1 1 8 1 10 12 1 8 1 8 1 8 1 100 1 10 12 1 8 1 10 100 12 1 1 1 10 12 1 1 10 100 12 1 1 10 10 12 1 1 10 12 1 10 100 12 1 1 1 100 1 8 1 10 100 12 1 1 1 7 1 8 1 10 12 1 8 1 8 1 8 1 8 1 8 1 10 12 1 1 10 12 1 1 10 12 1 10 12 1 1 10 12 1 1 7 1 10 12 1 100 1 100 1 10 12 1 10 12 1 8 1 8 1 10 10 12 1 1 10 12 1 1 8 1 10 100 12 1 1 8 1 8 1 10 12 1 1 10 7 12 1 1 1 100 1 10 12 1 1 7 1 9 12 1 1 10 7 12 1 1 1 10 10 12 1 9 12 1 10 12 1 9 12 1 9 12 1 10 12 1 1 10 12 1 10 12 1 1 7 1 7 1 10 12 1 1 10 12 1 10 12 1 1 10 7 12 1 1 1 10 12 1 8 1 10 12 1 10 12 1 10 12 1 1 10 12 1 10 7 12 1 1 1 10 12 1 1 100 1 8 1 10 9 7 12 1 1 1 10 12 1 1 10 12 1 1 100 1 10 12 1 1 10 12 1 1 100 1 100 1 10 10 100 1 100 1 10 100 1 10 10 12 1 1 10 100 1 10 12 1 10 12 1 1 10 12 1 1 10 12 1 1 10 12 1 10 12 1 1 10 8 1 10 12 1 10 12 1 10 12 1 10 12 1 10 12 1 1 10 12 1 10 12 1 10 12 1 10 10 7 12 1 1 10 12 1 1 1 1 1 1 1 1 1 1 1 1 1 100 1 1 1 1 1 1 1 1 1 1 1 1 1 1 1 1 1 1 1 1 1 1 1 1 1 1 1 1 1 1 1 1 1 1 1 1 1 1 1 1 1 1 1 1 1 1 1 1 1 1 1 1 1 1 1 1 1 1 1 1 1 1 1 100 1 1 1 1 1 1 1 1 1 1 1 1 1 1 1 1 1 1 1 1 1 1 1 1 1 1 1 1 1 1 1 1 1 1 1 100 1 1 1 1 1 1 1 1 1 1 1 1 1 1 1 1 1 1 1 1 1 1 1 1 1 1 1 1 1 1 1 1 1 1 100 1 1
staticfield java/lang/invoke/MethodHandleNatives $assertionsDisabled Z 1
ciInstanceKlass jdk/internal/foreign/abi/NativeEntryPoint 0 0 223 10 100 12 1 1 1 9 100 12 1 1 1 9 12 1 1 100 1 8 1 10 12 1 10 12 1 1 100 1 10 100 12 1 1 1 10 12 1 9 12 1 1 18 12 1 1 10 100 12 1 1 1 9 100 12 1 1 1 8 1 10 12 1 1 8 1 8 1 8 1 8 1 10 100 12 1 1 1 100 1 10 10 12 1 1 8 1 10 12 1 8 1 10 12 1 10 12 1 1 10 12 1 1 100 1 8 1 10 12 1 10 12 1 1 100 1 8 1 10 10 12 1 9 12 1 1 18 12 1 1 10 100 12 1 1 1 10 12 1 1 10 12 1 10 100 12 1 1 1 10 1 1 1 1 1 1 1 1 1 1 1 1 1 1 1 1 1 1 1 1 1 1 1 1 1 1 1 1 1 1 1 1 1 1 1 1 1 1 1 1 1 1 1 1 16 1 15 10 12 16 1 16 15 10 12 15 10 100 12 1 1 1 1 1 100 1 1 100 1 100 1 1
ciInstanceKlass jdk/internal/foreign/abi/ABIDescriptor 0 0 55 10 100 12 1 1 1 9 100 12 1 1 1 9 12 1 1 9 12 1 9 12 1 9 12 1 1 9 12 1 9 12 1 1 9 12 1 9 12 1 9 12 1 9 12 1 1 1 1 1 1 1 1 1 1
ciInstanceKlass jdk/internal/foreign/abi/VMStorage 0 0 111 10 100 12 1 1 1 9 100 12 1 1 1 9 12 1 1 9 12 1 1 9 12 1 1 100 1 10 8 1 10 12 1 1 10 12 1 10 12 1 1 10 12 1 100 1 10 100 12 1 1 1 10 100 12 1 1 10 100 12 1 1 10 100 12 1 1 1 18 12 1 1 1 1 1 1 1 1 1 1 1 1 1 1 1 1 1 1 1 1 1 1 8 1 15 15 15 15 15 10 100 12 1 1 1 1 100 1 100 1 1
ciInstanceKlass jdk/internal/foreign/abi/UpcallLinker$CallRegs 0 0 66 10 100 12 1 1 1 9 100 12 1 1 1 9 12 1 18 12 1 1 18 12 1 1 18 12 1 1 1 1 1 1 1 1 1 1 1 1 1 1 1 1 1 1 100 1 1 1 8 1 15 15 15 10 100 12 1 1 1 1 1 100 1 100 1 1
instanceKlass java/lang/StackFrameInfo
ciInstanceKlass java/lang/ClassFrameInfo 1 1 126 10 7 12 1 1 1 9 7 12 1 1 1 7 1 3 9 12 1 1 9 12 1 1 100 1 9 12 1 1 3 11 100 12 1 1 1 11 12 1 10 12 1 1 10 12 1 1 10 12 1 100 1 10 10 12 1 1 8 1 8 1 10 12 100 1 10 10 12 1 1 8 1 10 12 1 8 1 10 12 8 1 10 12 1 10 7 12 1 1 1 100 1 1 1 1 1 1 1 1 1 1 1 1 1 1 1 1 1 1 1 1 1 1 1 1 1 1 1 100 1 1 1 1 1 1
staticfield java/lang/ClassFrameInfo JLIA Ljdk/internal/access/JavaLangInvokeAccess; java/lang/invoke/MethodHandleImpl$1
ciInstanceKlass java/lang/StackWalker$StackFrame 1 1 41 100 1 10 12 1 1 100 1 100 1 1 1 1 1 1 1 1 1 1 1 1 1 1 1 1 1 1 1 1 1 1 1 1 1 1 1 100 1 1 1
ciInstanceKlass java/lang/StackWalker 1 1 236 9 7 12 1 1 1 10 7 12 1 1 1 7 1 10 7 12 1 1 1 10 12 1 1 11 7 12 1 1 1 10 12 1 1 10 12 1 1 100 1 8 1 10 12 1 10 12 1 10 12 1 10 7 12 1 1 9 12 1 1 9 12 1 1 9 12 1 1 9 12 1 1 10 12 1 1 9 12 1 1 9 12 1 1 9 12 1 1 9 12 1 1 10 12 1 1 10 7 12 1 1 1 10 7 12 1 1 1 18 12 1 1 100 1 8 1 10 8 1 10 12 1 1 10 100 12 1 1 1 10 12 1 1 10 12 1 11 12 1 1 9 7 12 1 1 11 100 12 1 1 1 10 12 1 1 1 1 1 1 1 1 1 1 1 1 1 1 1 1 1 1 1 1 1 1 1 1 1 1 1 1 1 1 1 1 1 1 1 1 1 1 1 1 1 1 1 1 1 1 1 1 1 1 1 1 1 1 1 100 1 1 16 15 10 12 16 1 15 10 100 12 1 1 1 1 1 1 1 1 1 100 1 100 1 1
staticfield java/lang/StackWalker DEFAULT_EMPTY_OPTION Ljava/util/EnumSet; java/util/RegularEnumSet
staticfield java/lang/StackWalker DEFAULT_WALKER Ljava/lang/StackWalker; java/lang/StackWalker
instanceKlass java/lang/LiveStackFrameInfo
ciInstanceKlass java/lang/StackFrameInfo 1 1 150 10 7 12 1 1 1 9 7 12 1 1 1 9 12 1 1 11 7 12 1 1 1 10 12 1 1 10 7 12 1 1 1 9 12 1 1 10 12 1 1 9 12 1 1 100 1 10 12 10 12 1 9 12 1 100 1 100 1 10 12 1 1 11 12 1 1 10 12 1 10 12 1 10 12 1 1 9 12 1 1 10 12 1 1 10 100 12 1 1 10 12 1 1 9 12 1 10 100 12 1 1 1 9 12 1 1 10 100 1 10 12 1 9 12 1 1 10 12 1 1 10 12 1 1 1 1 1 1 1 1 1 1 1 1 1 1 1 1 100 1 100 1 1 1 1 1 1 1 1
staticfield java/lang/StackFrameInfo $assertionsDisabled Z 1
ciInstanceKlass java/lang/LiveStackFrameInfo 0 0 97 10 100 12 1 1 1 9 100 12 1 1 1 9 12 1 9 12 1 9 12 1 9 12 1 1 100 1 10 12 1 1 10 12 1 8 1 10 12 1 1 8 1 8 1 8 1 10 100 1 10 12 1 100 1 10 12 1 100 1 100 1 1 1 3 1 3 1 1 1 1 1 1 1 1 1 1 1 1 1 1 1 1 1 1 1 1 1 1 1 1 1 1 1 100 1 1
ciInstanceKlass java/lang/LiveStackFrame 0 0 112 100 1 10 100 12 1 1 1 11 100 12 1 1 1 11 12 1 9 100 12 1 1 1 10 100 12 1 1 1 10 100 12 1 1 1 11 12 1 10 12 1 100 1 100 1 1 1 1 1 1 1 1 1 1 1 1 1 1 1 1 1 1 1 1 1 1 1 1 1 100 1 1 1 1 1 1 1 100 1 8 1 1 12 10 1 1 1 8 1 1 1 8 1 1 1 8 1 1 1 8 1 1 8 1 1 1 8 1 1 8 1
instanceKlass java/lang/StackStreamFactory$StackFrameTraverser
ciInstanceKlass java/lang/StackStreamFactory$AbstractStackWalker 1 1 364 7 1 100 1 3 10 7 12 1 1 1 10 7 12 1 1 10 7 12 1 1 1 9 12 1 1 9 12 1 1 9 12 1 1 9 12 1 9 12 1 10 7 12 1 1 1 10 12 1 1 10 100 12 1 1 9 12 1 1 9 12 1 1 10 12 1 1 9 12 1 1 10 7 12 1 1 1 10 12 1 1 9 12 1 1 9 100 12 1 1 1 100 1 10 8 1 10 12 1 1 10 12 1 8 1 10 12 1 1 10 100 12 1 1 1 100 1 8 1 10 12 1 8 1 10 12 10 7 12 1 1 9 12 1 1 8 1 5 0 8 1 8 1 9 12 1 1 10 12 1 1 18 12 1 1 10 100 12 1 1 1 10 12 1 1 10 12 1 10 12 1 9 7 12 1 1 1 10 12 1 1 9 12 1 10 12 1 10 12 1 10 12 1 10 12 1 10 12 1 10 12 1 1 8 1 10 12 1 10 12 1 10 12 1 10 12 1 1 8 1 10 12 1 1 10 12 1 1 10 12 1 1 10 12 1 10 12 1 10 12 1 9 12 1 8 1 10 12 1 8 1 10 12 1 10 12 1 1 10 12 1 10 12 1 10 12 1 1 10 12 1 10 12 1 10 12 1 10 12 1 10 12 1 10 12 1 1 10 12 1 10 12 1 10 12 1 10 12 1 8 1 1 1 1 1 1 1 1 1 1 1 1 1 100 1 1 1 1 1 1 100 1 1 1 1 100 1 1 1 1 1 1 1 1 1 1 1 1 1 1 1 1 1 1 16 15 15 10 100 12 1 1 1 1 1 1 1 1 100 1 100 1 1
ciInstanceKlass jdk/internal/module/Modules 1 1 498 10 100 12 1 1 1 9 7 12 1 1 1 11 7 12 1 1 1 11 12 1 1 11 12 1 1 11 12 1 1 11 12 1 11 12 1 11 12 1 11 12 1 11 12 1 11 12 1 11 12 1 1 11 12 1 11 12 1 1 11 12 1 11 12 1 1 10 7 12 1 1 1 10 12 1 1 10 7 12 1 1 10 7 12 1 1 1 10 100 12 1 1 10 12 1 1 11 12 1 9 12 1 1 11 7 12 1 1 1 10 12 1 1 10 10 12 1 10 7 1 9 12 1 1 10 7 12 1 1 10 12 1 1 10 7 12 1 1 1 100 1 11 100 12 1 1 1 10 100 12 1 1 1 11 100 12 1 1 10 12 1 1 10 100 12 1 1 10 100 12 1 1 1 10 12 1 1 10 12 1 1 11 12 1 1 18 12 1 1 11 100 12 1 1 10 100 12 1 1 1 11 100 12 1 1 1 100 1 11 12 1 1 11 100 12 1 1 1 11 12 1 1 10 12 1 1 10 100 12 1 1 18 12 1 1 11 12 1 1 18 12 1 1 11 12 1 1 10 12 1 18 18 10 12 1 1 9 12 1 1 11 100 12 1 1 1 100 1 10 11 12 1 11 12 1 1 10 100 1 10 12 1 1 10 100 12 1 1 10 12 1 1 11 12 10 12 1 1 100 1 10 18 12 1 10 12 1 1 100 1 8 1 10 12 1 10 100 12 1 1 18 12 1 11 11 12 10 12 1 10 10 100 1 18 12 1 10 10 10 7 12 1 1 10 7 12 1 1 1 10 12 1 1 1 1 1 1 1 1 1 1 1 1 1 1 1 1 1 1 1 1 1 1 1 1 1 1 1 1 1 1 1 1 1 1 1 1 1 1 1 1 1 1 1 1 1 1 1 1 1 1 1 1 1 1 1 1 1 1 1 1 1 1 1 1 1 100 1 1 1 1 1 1 1 1 1 1 1 1 1 1 1 1 1 1 1 1 1 1 16 15 10 12 1 16 1 16 1 15 10 12 1 16 1 16 1 15 10 12 16 1 15 10 16 1 15 10 12 16 1 16 15 10 12 16 15 10 12 16 15 10 12 15 10 100 12 1 1 1 1 1 1 100 1 100 1 1
staticfield jdk/internal/module/Modules JLA Ljdk/internal/access/JavaLangAccess; java/lang/System$1
staticfield jdk/internal/module/Modules JLMA Ljdk/internal/access/JavaLangModuleAccess; java/lang/module/ModuleDescriptor$1
staticfield jdk/internal/module/Modules $assertionsDisabled Z 1
ciInstanceKlass jdk/internal/loader/ClassLoaders 1 1 185 10 100 12 1 1 1 10 7 12 1 1 1 10 12 1 1 10 100 12 1 1 1 9 7 12 1 1 1 9 12 1 1 9 12 1 1 7 1 11 100 12 1 1 1 100 1 11 12 1 1 11 12 1 1 10 100 12 1 1 1 10 100 12 1 1 1 100 1 100 1 10 7 12 1 1 1 9 12 1 1 8 1 10 7 12 1 1 1 10 12 1 1 7 1 10 12 1 10 12 1 1 7 1 10 12 1 1 10 12 1 1 10 12 1 7 1 10 12 10 12 1 8 1 10 7 12 1 1 8 1 8 1 10 12 1 7 1 10 10 12 1 10 12 1 1 1 1 1 1 1 1 1 1 1 1 1 1 1 1 1 1 1 1 100 1 1 1 1 1 1 1 1 1 1 1 1 1 1 1 1 1 1 1 1
staticfield jdk/internal/loader/ClassLoaders JLA Ljdk/internal/access/JavaLangAccess; java/lang/System$1
staticfield jdk/internal/loader/ClassLoaders BOOT_LOADER Ljdk/internal/loader/ClassLoaders$BootClassLoader; jdk/internal/loader/ClassLoaders$BootClassLoader
staticfield jdk/internal/loader/ClassLoaders PLATFORM_LOADER Ljdk/internal/loader/ClassLoaders$PlatformClassLoader; jdk/internal/loader/ClassLoaders$PlatformClassLoader
staticfield jdk/internal/loader/ClassLoaders APP_LOADER Ljdk/internal/loader/ClassLoaders$AppClassLoader; jdk/internal/loader/ClassLoaders$AppClassLoader
instanceKlass javax/management/AttributeList
ciInstanceKlass java/util/ArrayList 1 1 516 10 7 12 1 1 1 7 1 9 7 12 1 1 1 9 12 1 100 1 100 1 10 8 1 10 12 1 1 10 12 1 10 12 1 1 10 12 1 9 12 1 11 7 12 1 1 1 9 12 1 1 11 12 1 1 7 10 7 12 1 1 1 9 12 1 10 12 1 10 12 1 1 10 7 12 1 1 1 10 7 12 1 1 1 10 12 1 1 10 12 1 1 10 12 1 1 10 12 1 10 12 1 1 100 1 100 1 10 12 1 10 10 7 12 1 1 1 10 7 12 1 1 10 12 1 100 1 10 10 12 10 12 1 1 10 12 1 1 10 12 1 10 12 10 12 1 1 7 1 10 12 1 1 10 12 1 1 10 12 1 100 1 10 11 12 1 1 11 100 12 1 1 1 11 12 1 10 12 1 10 12 1 10 12 1 1 11 100 1 10 12 1 1 10 10 12 1 1 10 12 1 8 1 8 1 8 1 8 1 10 12 1 1 10 12 1 1 11 12 1 100 1 10 100 12 1 1 10 12 1 10 12 1 1 10 100 12 1 1 10 12 1 10 100 12 1 1 1 11 100 12 1 1 1 10 12 1 100 1 8 1 10 7 1 10 12 1 7 1 10 12 1 10 12 1 1 7 1 10 12 1 10 12 1 1 11 7 12 1 1 7 1 10 12 1 10 12 1 1 11 100 12 1 1 10 12 1 1 10 12 1 1 10 12 1 1 10 12 1 1 11 100 12 1 1 10 12 1 1 10 12 1 1 100 1 100 1 100 1 1 1 1 5 0 1 3 1 1 1 1 1 1 1 1 1 1 1 1 1 1 1 1 1 1 1 1 1 1 1 1 1 1 1 1 1 1 1 1 1 1 1 1 1 1 1 1 1 1 1 1 1 1 1 1 1 1 1 1 1 1 1 1 1 1 1 1 1 1 1 1 1 1 1 1 1 1 1 1 1 1 1 1 1 1 1 1 1 1 1 1 1 1 1 1 1 1 1 1 1 1 1 1 1 1 1 1 1 1 1 1 1 7 1 1 1 1 7 1 1 1 1 1 1 1 1 1 1 1 1 1 1 1 1 1 1 1 1 1 1 1 1 1 1 1 1 1 100 1 1 1 1 1 1 1 1 1 1 1 1 1 1 1 1 1 1 1 100 1 100 1 1 1 1 1 1
staticfield java/util/ArrayList EMPTY_ELEMENTDATA [Ljava/lang/Object; 0 [Ljava/lang/Object;
staticfield java/util/ArrayList DEFAULTCAPACITY_EMPTY_ELEMENTDATA [Ljava/lang/Object; 0 [Ljava/lang/Object;
ciInstanceKlass java/util/List 1 1 280 10 100 12 1 1 1 11 100 12 1 1 1 11 100 12 1 1 1 11 12 1 1 11 100 12 1 1 11 12 1 1 11 12 1 1 10 100 12 1 1 1 7 1 7 1 10 12 1 1 100 1 10 100 12 1 1 1 11 12 1 1 11 12 1 11 12 1 100 1 10 12 1 11 12 1 1 11 12 1 1 11 12 1 10 100 12 1 1 1 9 7 12 1 1 1 7 1 10 12 10 12 1 7 1 10 12 1 1 10 12 1 10 12 1 1 8 10 100 12 1 1 1 10 100 12 1 1 1 11 12 1 1 100 1 1 1 1 1 1 1 1 1 1 1 1 1 1 1 1 1 1 1 1 1 1 1 1 1 1 1 1 1 1 1 1 1 1 1 1 1 1 1 1 1 1 1 1 100 1 100 1 1 1 1 1 1 1 1 1 1 1 1 1 1 1 1 1 1 1 1 1 1 1 1 1 1 1 1 1 1 1 1 1 1 1 1 1 1 1 1 1 1 1 1 1 1 1 1 1 1 1 1 1 1 1 1 1 1 1 1 1 1 1 1 1 1 1 1 1 1 1 1 1 1 1 1 1 1 1 1 1 1 1 1 1 1 1 100 1 1 100 1 1 1 100 1 100 1 1
ciInstanceKlass java/util/SequencedCollection 1 1 104 100 1 10 12 1 1 11 100 12 1 1 1 11 100 12 1 1 1 11 12 1 1 11 12 1 100 1 100 1 1 1 1 1 1 1 1 1 1 1 1 1 1 1 1 1 1 1 1 1 1 1 1 1 1 1 1 1 100 1 8 1 12 10 1 1 8 1 1 1 8 1 1 8 1 1 1 8 1 1 8 1 1 1 8 1 1 8 1 8 1 1 8 1 1 1 8 1 1 8 1 1 8 1
ciInstanceKlass java/lang/Iterable 1 1 62 10 7 12 1 1 1 11 7 12 1 1 1 11 7 12 1 1 1 11 12 1 1 11 7 12 1 1 1 10 7 12 1 1 1 100 1 1 1 1 1 1 1 1 1 1 1 1 1 1 1 1 1 1 1 1 1 1 1 1 1 1
ciInstanceKlass java/util/RandomAccess 1 0 7 100 1 100 1 1 1
instanceKlass java/util/concurrent/ConcurrentLinkedDeque
instanceKlass java/util/IdentityHashMap$Values
instanceKlass java/util/TreeMap$Values
instanceKlass java/util/LinkedHashMap$LinkedValues
instanceKlass java/util/AbstractQueue
instanceKlass java/util/HashMap$Values
instanceKlass java/util/ArrayDeque
instanceKlass java/util/AbstractSet
instanceKlass java/util/ImmutableCollections$AbstractImmutableCollection
instanceKlass java/util/AbstractList
ciInstanceKlass java/util/AbstractCollection 1 1 160 10 7 12 1 1 1 10 7 12 1 1 1 10 12 1 1 11 7 12 1 1 1 11 12 1 1 10 12 1 1 10 100 12 1 1 1 10 12 1 1 10 12 1 1 10 7 12 1 1 10 100 12 1 1 1 7 1 10 100 12 1 1 1 10 100 12 1 1 1 100 1 10 11 12 1 11 7 1 10 12 1 10 12 1 10 100 12 1 1 1 11 8 1 7 1 10 10 12 1 1 8 1 10 12 1 10 12 1 1 1 1 1 1 1 1 1 1 1 1 1 1 1 1 1 1 1 1 1 1 1 1 1 1 1 1 1 1 1 1 1 1 1 1 1 1 1 1 1 1 1 1 1 1 1 1 1 1 1 1
instanceKlass java/util/Vector
instanceKlass sun/security/jca/ProviderList$2
instanceKlass java/util/ArrayList$SubList
instanceKlass java/util/AbstractList$SubList
instanceKlass java/util/Collections$SingletonList
instanceKlass java/util/AbstractSequentialList
instanceKlass java/util/Arrays$ArrayList
instanceKlass java/util/Collections$EmptyList
instanceKlass java/util/ArrayList
ciInstanceKlass java/util/AbstractList 1 1 218 10 7 12 1 1 1 9 7 12 1 1 1 10 12 1 1 10 12 1 1 100 1 10 10 12 1 1 11 100 12 1 1 1 11 12 1 1 11 12 1 10 100 12 1 1 1 10 12 1 11 12 1 11 12 1 11 12 1 10 12 1 1 10 12 1 1 11 100 12 1 1 1 11 100 1 11 7 1 10 12 1 7 1 10 12 1 10 12 1 1 7 1 7 1 10 12 1 100 1 10 100 1 100 1 10 8 1 10 12 1 1 10 12 1 10 12 1 1 10 12 1 8 1 100 1 8 1 8 1 8 1 10 100 1 11 10 10 12 1 11 12 1 10 12 1 1 8 1 8 1 1 1 1 1 1 1 1 1 1 1 1 1 1 1 1 1 1 1 1 1 1 1 1 1 1 1 1 1 1 1 1 1 1 1 1 1 1 1 1 1 1 1 1 1 1 1 1 1 1 1 1 1 1 1 1 1 1 100 1 100 1 1 1 1 1 1 1
ciInstanceKlass java/lang/annotation/Annotation 1 0 17 100 1 100 1 1 1 1 1 1 1 1 1 1 1 1 1
instanceKlass java/io/WinNTFileSystem
ciInstanceKlass java/io/FileSystem 1 1 98 10 7 12 1 1 1 9 100 12 1 1 1 10 7 12 1 1 1 1 1 1 3 1 3 1 3 1 3 1 1 1 1 3 1 1 1 1 1 1 1 1 1 1 1 1 1 1 1 1 1 1 1 1 1 1 1 1 1 1 1 100 1 1 1 1 1 1 1 1 1 1 1 1 1 1 1 1 1 1 1 1 1 1 1 1 1 1 1 1 1 1 1 1 1 1 1 1
ciInstanceKlass java/io/WinNTFileSystem 1 1 506 7 1 8 1 10 7 12 1 1 1 8 1 10 12 1 7 1 10 12 1 1 8 1 10 12 1 1 10 12 1 1 10 12 1 1 8 1 10 12 1 1 10 12 1 1 10 12 1 1 10 7 12 1 1 10 7 1 10 7 12 1 1 1 8 1 10 7 12 1 1 1 10 12 1 1 9 12 1 1 8 1 9 12 1 9 12 1 8 1 10 12 1 9 12 1 1 10 12 1 10 12 1 10 12 1 1 10 12 1 10 12 1 10 12 1 1 10 12 1 10 12 1 1 10 10 10 12 1 9 12 1 1 100 1 10 10 12 1 10 12 1 1 10 12 1 10 12 1 8 1 8 1 10 12 1 10 12 1 10 12 1 1 8 1 8 1 10 12 1 1 9 12 1 8 1 10 12 1 1 10 100 12 1 1 1 10 100 12 1 1 100 1 10 12 1 10 12 1 10 12 1 1 100 1 8 1 10 12 1 10 12 1 10 12 1 1 9 12 1 1 10 12 10 12 1 10 12 1 1 10 12 1 1 10 12 1 1 10 12 1 1 10 12 1 10 12 1 1 10 12 1 10 12 1 1 10 12 1 1 10 12 1 1 10 12 1 9 12 1 10 12 1 1 10 12 1 1 10 12 1 10 100 12 1 1 1 10 12 1 1 18 12 1 1 11 100 12 1 1 1 18 12 1 11 100 12 1 1 1 100 1 10 12 1 10 12 1 1 10 10 12 1 10 12 1 1 11 100 12 1 1 11 8 1 10 12 1 10 12 1 10 12 1 9 7 12 1 1 1 10 12 1 1 10 12 1 3 10 7 12 1 1 8 1 10 7 12 1 1 8 1 10 9 12 1 1 10 10 12 1 10 12 1 1 1 1 1 1 1 1 1 1 1 1 1 1 1 1 1 1 1 1 1 1 1 1 1 1 1 1 1 1 1 1 1 1 1 1 1 1 1 1 1 1 1 100 1 1 1 1 1 1 1 1 1 1 1 1 1 1 1 1 1 100 1 1 1 1 1 1 1 1 1 1 1 1 1 1 1 1 1 1 1 1 1 1 1 1 1 1 1 1 1 1 1 1 1 1 1 1 1 1 16 1 15 10 12 16 15 10 12 16 15 10 100 12 1 1 1 1 100 1 100 1 1
staticfield java/io/WinNTFileSystem ALLOW_DELETE_READ_ONLY_FILES Z 0
staticfield java/io/WinNTFileSystem ENABLE_ADS Z 1
staticfield java/io/WinNTFileSystem DRIVE_DIR_CACHE [Ljava/lang/String; 26 [Ljava/lang/String;
staticfield java/io/WinNTFileSystem $assertionsDisabled Z 1
ciMethod java/io/WinNTFileSystem normalize (Ljava/lang/String;)Ljava/lang/String; 274 19912 811 0 -1
ciMethod java/io/WinNTFileSystem isSlash (C)Z 900 0 15300 0 -1
ciMethod java/io/WinNTFileSystem normalizePrefix (Ljava/lang/String;ILjava/lang/StringBuilder;)I 206 206 172 0 -1
ciMethod java/io/WinNTFileSystem stripLongOrUNCPrefix (Ljava/lang/String;)Ljava/lang/String; 274 0 811 0 0
ciMethod java/io/WinNTFileSystem normalize (Ljava/lang/String;II)Ljava/lang/String; 56 5424 174 0 0
ciMethod java/util/Arrays copyOfRange ([BII)[B 1024 0 6319 0 -1
ciMethod jdk/internal/util/ArraysSupport mismatch ([BI[BII)I 442 0 6053 0 -1
ciMethod java/lang/String substring (II)Ljava/lang/String; 770 0 7643 0 -1
ciMethod java/lang/String substring (I)Ljava/lang/String; 138 0 4736 0 0
ciMethod java/lang/String startsWith (Ljava/lang/String;I)Z 518 0 59833 0 664
ciMethod java/lang/String startsWith (Ljava/lang/String;)Z 516 0 15298 0 544
ciMethod java/lang/String isLatin1 ()Z 974 0 293917 0 88
ciMethod java/lang/String coder ()B 514 0 516126 0 80
ciMethod java/lang/String checkIndex (II)V 856 0 239201 0 0
ciMethod java/lang/String <init> (Ljava/lang/AbstractStringBuilder;Ljava/lang/Void;)V 332 0 6460 0 -1
ciMethod java/lang/Object <init> ()V 900 0 285917 0 80
ciMethodData java/lang/String charAt (I)C 2 237127 orig 80 1 0 0 0 0 0 0 0 0 0 0 0 0 0 0 0 0 0 0 0 0 0 0 0 0 0 0 0 0 0 0 0 0 0 0 0 0 0 0 0 0 0 0 0 0 0 0 0 0 0 0 0 0 0 0 0 0 0 0 0 0 0 0 0 0 0 0 0 0 0 0 0 0 0 0 0 0 0 0 0 data 24 0x10005 0x3c 0x1fcba7826b8 0x39e0d 0x0 0x0 0x40007 0x4 0x30 0x39e47 0xc0002 0x39e47 0x150002 0x4 0x0 0x0 0x0 0x0 0x0 0x0 0x9 0x2 0x0 0x0 oops 1 2 java/lang/String methods 0
ciMethodData java/lang/String isLatin1 ()Z 2 293430 orig 80 1 0 0 0 2 0 0 0 0 0 0 0 0 0 0 0 0 0 0 0 0 0 0 0 0 0 0 0 0 0 0 0 0 0 0 0 0 0 0 3 0 0 0 0 0 0 0 0 0 0 0 0 0 0 0 0 0 0 0 0 0 0 0 0 0 0 0 0 0 0 0 0 0 0 0 0 0 0 0 0 data 18 0x30007 0x0 0x58 0x47a3b 0x80000006000a0007 0x26 0x38 0x47a1c 0xe0003 0x47a1d 0x18 0x0 0x0 0x0 0x0 0x9 0x1 0x0 oops 0 methods 0
ciMethodData java/lang/StringLatin1 charAt ([BI)C 2 237127 orig 80 0 0 0 0 0 0 0 0 0 0 0 0 0 0 0 0 0 0 0 0 0 0 0 0 0 0 0 0 0 0 0 0 0 0 0 0 0 0 0 0 0 0 0 0 0 0 0 0 0 0 0 0 0 0 0 0 0 0 0 0 0 0 0 0 0 0 0 0 0 0 0 0 0 0 0 0 0 0 0 0 data 12 0x30002 0x39e46 0x0 0x0 0x0 0x0 0x0 0x0 0x9 0x2 0x0 0x0 oops 0 methods 0
ciMethodData java/lang/String checkIndex (II)V 2 238773 orig 80 0 0 0 0 0 0 0 0 0 0 0 0 0 0 0 0 0 0 0 0 0 0 0 0 0 0 0 0 0 0 0 0 0 0 0 0 0 0 0 0 0 0 0 0 0 0 0 0 0 0 0 0 0 0 0 0 0 0 0 0 0 0 0 0 0 0 0 0 0 0 0 0 0 0 0 0 0 0 0 0 data 12 0x50002 0x3a4b4 0x0 0x0 0x0 0x0 0x0 0x0 0x9 0x2 0x0 0x0 oops 0 methods 0
ciMethodData java/lang/Object <init> ()V 2 285471 orig 80 0 0 0 0 0 0 0 0 0 0 0 0 0 0 0 0 0 0 0 0 0 0 0 0 0 0 0 0 0 0 0 0 0 0 0 0 0 0 0 0 0 0 0 0 0 0 0 0 0 0 0 0 0 0 0 0 0 0 0 0 0 0 0 0 0 0 0 0 0 0 0 0 0 0 0 0 0 0 0 0 data 4 0x0 0x9 0x1 0x0 oops 0 methods 0
ciMethodData java/lang/String coder ()B 2 515869 orig 80 0 0 0 0 0 0 0 0 0 0 0 0 0 0 0 0 0 0 0 0 0 0 0 0 0 0 0 0 0 0 0 0 0 0 0 0 0 0 0 0 0 0 0 0 0 0 0 0 0 0 0 0 0 0 0 0 0 0 0 0 0 0 0 0 0 0 0 0 0 0 0 0 0 0 0 0 0 0 0 0 data 14 0x30007 0x0 0x38 0x7df34 0xa0003 0x7df37 0x18 0x0 0x0 0x0 0x0 0x9 0x1 0x0 oops 0 methods 0
ciMethodData java/lang/String length ()I 2 322137 orig 80 0 0 0 0 0 0 0 0 0 0 0 0 0 0 0 0 0 0 0 0 0 0 0 0 0 0 0 0 0 0 0 0 0 0 0 0 0 0 0 0 0 0 0 0 0 0 0 0 0 0 0 0 0 0 0 0 0 0 0 0 0 0 0 0 0 0 0 0 0 0 0 0 0 0 0 0 0 0 0 0 data 15 0x60005 0x14 0x1fcba7826b8 0x4ea22 0x0 0x0 0x0 0x0 0x0 0x0 0x0 0x0 0x9 0x1 0x0 oops 1 2 java/lang/String methods 0
ciMethodData java/lang/String startsWith (Ljava/lang/String;I)Z 2 59574 orig 80 1 0 0 0 0 0 0 0 0 0 0 0 0 0 0 0 0 0 0 0 0 0 0 0 0 0 0 0 0 0 0 0 0 0 0 0 0 0 0 1 0 0 0 0 0 0 0 0 0 0 0 0 0 0 0 0 0 0 0 0 0 0 0 0 0 0 0 0 0 0 0 0 0 0 0 0 0 0 0 0 data 74 0x8000000600010007 0xb 0xa0 0xe8ac 0x60005 0x4f 0x1fcba7826b8 0xe85d 0x0 0x0 0xa0005 0x4f 0x1fcba7826b8 0xe85d 0x0 0x0 0xe0007 0xe4ad 0x20 0x3fb 0x270005 0x4e 0x1fcba7826b8 0xe460 0x0 0x0 0x2f0005 0x4e 0x1fcba7826b8 0xe45e 0x0 0x0 0x320007 0x0 0x88 0xe4ab 0x380007 0xe4ab 0x20 0x0 0x460002 0xe4ab 0x490007 0xceca 0x38 0x15e4 0x4d0003 0x15e4 0x18 0x540007 0x0 0x20 0x0 0x5d0007 0x0 0x50 0x0 0x650002 0x0 0x740007 0x0 0xffffffffffffffd0 0x0 0x0 0x0 0x0 0x0 0x0 0x0 0x9 0x3 0x0 0x0 0x0 oops 4 6 java/lang/String 12 java/lang/String 22 java/lang/String 28 java/lang/String methods 0
ciMethodData java/lang/String equals (Ljava/lang/Object;)Z 2 7178 orig 80 0 0 0 0 0 0 0 0 0 0 0 0 0 0 0 0 0 0 0 0 0 0 0 0 0 0 0 0 0 0 0 0 0 0 0 0 0 0 0 0 0 0 0 0 0 0 0 0 0 0 0 0 0 0 0 0 0 0 0 0 0 0 0 0 0 0 0 0 0 0 0 0 0 0 0 0 0 0 0 0 data 47 0x20007 0x1867 0x20 0x3a3 0x80104 0x0 0x1fcba7826b8 0x17e6 0x0 0x0 0xb0007 0x81 0xd8 0x17e6 0xf0004 0x0 0x1fcba7826b8 0x17e6 0x0 0x0 0x160007 0x0 0x40 0x17e6 0x210007 0x0 0x68 0x17e6 0x2c0002 0x17e6 0x2f0007 0x171f 0x38 0xc7 0x330003 0xc7 0x18 0x0 0x0 0x0 0x0 0x0 0x0 0x9 0x2 0x0 0x0 oops 2 6 java/lang/String 16 java/lang/String methods 0
ciMethodData java/lang/String startsWith (Ljava/lang/String;)Z 2 15052 orig 80 0 0 0 0 0 0 0 0 0 0 0 0 0 0 0 0 0 0 0 0 0 0 0 0 0 0 0 0 0 0 0 0 0 0 0 0 0 0 0 0 0 0 0 0 0 0 0 0 0 0 0 0 0 0 0 0 0 0 0 0 0 0 0 0 0 0 0 0 0 0 0 0 0 0 0 0 0 0 0 0 data 16 0x30005 0x0 0x1fcba7826b8 0x3acc 0x0 0x0 0x0 0x0 0x0 0x0 0x0 0x0 0x9 0x2 0x0 0x0 oops 1 2 java/lang/String methods 0
ciMethodData java/lang/StringBuilder <init> ()V 2 6878 orig 80 0 0 0 0 0 0 0 0 0 0 0 0 0 0 0 0 0 0 0 0 0 0 0 0 0 0 0 0 0 0 0 0 0 0 0 0 0 0 0 0 0 0 0 0 0 0 0 0 0 0 0 0 0 0 0 0 0 0 0 0 0 0 0 0 0 0 0 0 0 0 0 0 0 0 0 0 0 0 0 0 data 7 0x30002 0x1ade 0x0 0x0 0x9 0x1 0x0 oops 0 methods 0
ciMethodData java/lang/AbstractStringBuilder <init> (I)V 2 5128 orig 80 0 0 0 0 0 0 0 0 0 0 0 0 0 0 0 0 0 0 0 0 0 0 0 0 0 0 0 0 0 0 0 0 0 0 0 0 0 0 0 0 0 0 0 0 0 0 0 0 0 0 0 0 0 0 0 0 0 0 0 0 0 0 0 0 0 0 0 0 0 0 0 0 0 0 0 0 0 0 0 0 data 21 0x10002 0x1408 0x70007 0x0 0x38 0x1408 0x160003 0x1408 0x28 0x1b0002 0x0 0x0 0x0 0x0 0x0 0x0 0x0 0x9 0x2 0x0 0x0 oops 0 methods 0
ciMethodData java/lang/StringBuilder append (Ljava/lang/String;)Ljava/lang/StringBuilder; 2 15770 orig 80 0 0 0 0 0 0 0 0 0 0 0 0 0 0 0 0 0 0 0 0 0 0 0 0 0 0 0 0 0 0 0 0 0 0 0 0 0 0 0 0 0 0 0 0 0 0 0 0 0 0 0 0 0 0 0 0 0 0 0 0 0 0 0 0 0 0 0 0 0 0 0 0 0 0 0 0 0 0 0 0 data 9 0x20002 0x3d9a 0x0 0x0 0x0 0x9 0x2 0xe 0x0 oops 0 methods 0
ciMethodData java/lang/StringBuilder toString ()Ljava/lang/String; 2 11459 orig 80 1 0 0 0 0 0 0 0 0 0 0 0 0 0 0 0 0 0 0 0 0 0 0 0 0 0 0 0 0 0 0 0 0 0 0 0 0 0 0 1 0 0 0 0 0 0 0 0 0 0 0 0 0 0 0 0 0 0 0 0 0 0 0 0 0 0 0 0 0 0 0 0 0 0 0 0 0 0 0 0 data 21 0x10005 0x13c 0x1fcba785170 0x2b87 0x0 0x0 0x8000000600040007 0x2cbf 0x20 0x5 0x100002 0x2cbf 0x0 0x0 0x0 0x0 0x0 0x0 0x9 0x1 0xffffffffffffffff oops 1 2 java/lang/StringBuilder methods 0
ciMethodData java/lang/StringBuilder length ()I 2 18427 orig 80 0 0 0 0 0 0 0 0 0 0 0 0 0 0 0 0 0 0 0 0 0 0 0 0 0 0 0 0 0 0 0 0 0 0 0 0 0 0 0 0 0 0 0 0 0 0 0 0 0 0 0 0 0 0 0 0 0 0 0 0 0 0 0 0 0 0 0 0 0 0 0 0 0 0 0 0 0 0 0 0 data 7 0x10002 0x47fa 0x0 0x0 0x9 0x1 0x0 oops 0 methods 0
ciMethodData java/lang/String <init> (Ljava/lang/AbstractStringBuilder;Ljava/lang/Void;)V 2 6294 orig 80 1 0 0 0 0 0 0 0 0 0 0 0 0 0 0 0 0 0 0 0 0 0 0 0 0 0 0 0 0 0 0 0 0 0 0 0 0 0 0 0 0 0 0 0 0 0 0 0 0 0 0 0 0 0 0 0 0 0 0 0 0 0 0 0 0 0 0 0 0 0 0 0 0 0 0 0 0 0 0 0 data 54 0x10002 0x1896 0x50005 0xdb 0x1fcba785170 0x17bb 0x0 0x0 0xa0005 0x0 0x1fcba785170 0x1895 0x1fcba785040 0x1 0x100005 0xdb 0x1fcba785170 0x17ba 0x0 0x0 0x130007 0x0 0x48 0x1895 0x200002 0x1895 0x260003 0x1894 0x88 0x2c0007 0x0 0x60 0x0 0x330007 0x0 0x40 0x0 0x3b0002 0x0 0x480002 0x0 0x5b0002 0x0 0x0 0x0 0x0 0x0 0x0 0x0 0x9 0x3 0xc 0xffffffffffffffff 0x0 oops 4 4 java/lang/StringBuilder 10 java/lang/StringBuilder 12 java/lang/StringBuffer 16 java/lang/StringBuilder methods 0
ciMethodData java/lang/StringUTF16 charAt ([BI)C 1 6 orig 80 0 0 0 0 0 0 0 0 0 0 0 0 0 0 0 0 0 0 0 0 0 0 0 0 0 0 0 0 0 0 0 0 0 0 0 0 0 0 0 0 0 0 0 0 0 0 0 0 0 0 0 0 0 0 0 0 0 0 0 0 0 0 0 0 0 0 0 0 0 0 0 0 0 0 0 0 0 0 0 0 data 14 0x20002 0x6 0x70002 0x3 0x0 0x0 0x0 0x0 0x0 0x0 0x9 0x2 0x0 0x0 oops 0 methods 0
ciMethodData java/io/WinNTFileSystem normalize (Ljava/lang/String;)Ljava/lang/String; 2 674 orig 80 1 0 0 0 0 0 0 0 0 0 0 0 0 0 0 0 0 0 0 0 0 0 0 0 0 0 0 0 0 0 0 0 0 0 0 0 0 0 0 0 0 0 0 0 0 0 0 0 0 0 0 0 0 0 0 0 0 0 0 0 0 0 0 0 0 0 0 0 0 0 0 0 0 0 0 0 0 0 0 0 data 90 0x10002 0x2a2 0x60005 0x17 0x1fcba7826b8 0x28b 0x0 0x0 0x1e0007 0x215 0x1f0 0x84a6 0x240005 0x44e 0x1fcba7826b8 0x8058 0x0 0x0 0x2d0007 0x84a0 0x88 0x6 0x360007 0x6 0x38 0x0 0x3d0003 0x0 0x18 0x420005 0x6 0x0 0x0 0x0 0x0 0x490007 0x796e 0x90 0xb32 0x4f0007 0xb32 0x70 0x0 0x550007 0x0 0x50 0x0 0x5f0005 0x0 0x0 0x0 0x0 0x0 0x670007 0x83c1 0x70 0xdf 0x6d0007 0x58 0x50 0x87 0x740005 0x87 0x0 0x0 0x0 0x0 0x7f0003 0x8419 0xfffffffffffffe28 0x850007 0x214 0x50 0x1 0x8e0005 0x1 0x0 0x0 0x0 0x0 0x0 0x0 0x0 0x0 0x0 0x0 0x9 0x2 0x0 0x0 oops 2 4 java/lang/String 14 java/lang/String methods 0
ciMethodData java/io/WinNTFileSystem stripLongOrUNCPrefix (Ljava/lang/String;)Ljava/lang/String; 1 674 orig 80 0 0 0 0 0 0 0 0 0 0 0 0 0 0 0 0 0 0 0 0 0 0 0 0 0 0 0 0 0 0 0 0 0 0 0 0 0 0 0 0 0 0 0 0 0 0 0 0 0 0 0 0 0 0 0 0 0 0 0 0 0 0 0 0 0 0 0 0 0 0 0 0 0 0 0 0 0 0 0 0 data 74 0x30005 0x86 0x1fcba7826b8 0x21c 0x0 0x0 0x60007 0x2a2 0x1d8 0x0 0xd0005 0x0 0x0 0x0 0x0 0x0 0x100007 0x0 0x108 0x0 0x170002 0x0 0x1c0005 0x0 0x0 0x0 0x0 0x0 0x220005 0x0 0x0 0x0 0x0 0x0 0x250005 0x0 0x0 0x0 0x0 0x0 0x280005 0x0 0x0 0x0 0x0 0x0 0x2c0003 0x0 0x98 0x310005 0x0 0x0 0x0 0x0 0x0 0x380005 0x0 0x0 0x0 0x0 0x0 0x3b0007 0x0 0x20 0x0 0x0 0x0 0x0 0x0 0x0 0x0 0x9 0x1 0x0 oops 1 2 java/lang/String methods 0
ciMethodData java/io/WinNTFileSystem normalize (Ljava/lang/String;II)Ljava/lang/String; 2 146 orig 80 0 0 0 0 0 0 0 0 0 0 0 0 0 0 0 0 0 0 0 0 0 0 0 0 0 0 0 0 0 0 0 0 0 0 0 0 0 0 0 0 0 0 0 0 0 0 0 0 0 0 0 0 0 0 0 0 0 0 0 0 0 0 0 0 0 0 0 0 0 0 0 0 0 0 0 0 0 0 0 0 data 183 0x10007 0x92 0x20 0x0 0x80007 0x2 0x20 0x90 0x180002 0x92 0x1e0007 0x2 0x68 0x90 0x260005 0x90 0x0 0x0 0x0 0x0 0x2b0003 0x90 0x48 0x360005 0x0 0x1fcba785170 0x2 0x0 0x0 0x3d0007 0x91 0x440 0x39d3 0x460005 0x20f1 0x1fcba7826b8 0x18e2 0x0 0x0 0x4e0005 0x39d3 0x0 0x0 0x0 0x0 0x510007 0x345b 0x378 0x578 0x570007 0x1 0xb8 0x577 0x5e0005 0x2ef 0x1fcba7826b8 0x288 0x0 0x0 0x610005 0x577 0x0 0x0 0x0 0x0 0x640007 0x577 0x38 0x0 0x6a0003 0x0 0xffffffffffffff60 0x700007 0x577 0x258 0x1 0x750005 0x0 0x1fcba785170 0x1 0x0 0x0 0x7d0007 0x1 0xb8 0x0 0x830005 0x0 0x0 0x0 0x0 0x0 0x880007 0x0 0x68 0x0 0x8f0005 0x0 0x0 0x0 0x0 0x0 0x930003 0x0 0x1f8 0x980007 0x1 0x68 0x0 0x9f0005 0x0 0x0 0x0 0x0 0x0 0xa30003 0x0 0x190 0xa90007 0x1 0x178 0x0 0xb00005 0x0 0x0 0x0 0x0 0x0 0xb30005 0x0 0x0 0x0 0x0 0x0 0xb60007 0x0 0xf8 0x0 0xbd0005 0x0 0x0 0x0 0x0 0x0 0xc10003 0x0 0xa8 0xc80005 0x2ef 0x1fcba785170 0x288 0x0 0x0 0xcc0003 0x577 0x48 0xd30005 0x1e02 0x1fcba785170 0x1659 0x0 0x0 0xd70003 0x39d2 0xfffffffffffffbd8 0xdc0005 0x4e 0x1fcba785170 0x44 0x0 0x0 0x0 0x0 0x0 0x0 0x0 0x0 0x9 0x4 0x0 0x0 0x0 0x0 oops 7 25 java/lang/StringBuilder 35 java/lang/String 55 java/lang/String 78 java/lang/StringBuilder 149 java/lang/StringBuilder 158 java/lang/StringBuilder 167 java/lang/StringBuilder methods 0
ciMethodData java/lang/String substring (I)Ljava/lang/String; 2 4667 orig 80 0 0 0 0 0 0 0 0 0 0 0 0 0 0 0 0 0 0 0 0 0 0 0 0 0 0 0 0 0 0 0 0 0 0 0 0 0 0 0 0 0 0 0 0 0 0 0 0 0 0 0 0 0 0 0 0 0 0 0 0 0 0 0 0 0 0 0 0 0 0 0 0 0 0 0 0 0 0 0 0 data 22 0x30005 0x1d5 0x1fcba7826b8 0x1066 0x0 0x0 0x60005 0x1d5 0x1fcba7826b8 0x1066 0x0 0x0 0x0 0x0 0x0 0x0 0x0 0x0 0x9 0x2 0x0 0x0 oops 2 2 java/lang/String 8 java/lang/String methods 0
compile java/io/WinNTFileSystem normalize (Ljava/lang/String;)Ljava/lang/String; -1 4 inline 11 0 -1 0 java/io/WinNTFileSystem normalize (Ljava/lang/String;)Ljava/lang/String; 1 1 0 java/io/WinNTFileSystem stripLongOrUNCPrefix (Ljava/lang/String;)Ljava/lang/String; 2 23 0 java/lang/StringBuilder <init> ()V 3 3 0 java/lang/AbstractStringBuilder <init> (I)V 4 1 0 java/lang/Object <init> ()V 1 6 0 java/lang/String length ()I 2 6 0 java/lang/String coder ()B 1 36 0 java/lang/String charAt (I)C 2 1 0 java/lang/String isLatin1 ()Z 2 12 0 java/lang/StringLatin1 charAt ([BI)C 3 3 0 java/lang/String checkIndex (II)V
